Dataset,Workbook,Worksheet,Excel_Data_Rows,Column_Count,CSV_File,CSV_SHA256,Parquet_File,Parquet_SHA256,CSV_Rows,Parquet_Rows,Parity_Status
Input_Validation_Report::Input Validation,Input_Validation_Report.xlsx,Input Validation,20,3,CSV\Input_Validation_Report__Input_Validation.csv,672185c403b6e1158948f140f2b06cb2939333e42369b715330f04c02ca5b8bd,Parquet\Input_Validation_Report__Input_Validation.parquet,4681453a5722917eeb71729c38be0499579f29b5defefe095443ed3c8251ccd5,20,20,PASS
01_Input_and_Metadata::Run Metadata,01_Input_and_Metadata.xlsx,Run Metadata,18,2,CSV\01_Input_and_Metadata__Run_Metadata.csv,47131e018cafdfa5470b00481ef68c50661e80612e34f2ebb04af2861ee865ca,Parquet\01_Input_and_Metadata__Run_Metadata.parquet,774c7090157385396bf045900ffd2fee371f5f5f92e0399f8a07fa0e841f7649,18,18,PASS
01_Input_and_Metadata::PERT Input,01_Input_and_Metadata.xlsx,PERT Input,6,10,CSV\01_Input_and_Metadata__PERT_Input.csv,abb2f0463a6a4fb319e652ade52b8a0dd16c4d2408e2dfdae0bf9e9b5bdeee71,Parquet\01_Input_and_Metadata__PERT_Input.parquet,850c7fb415079bd7c7ca34add89b54dc178b603b9a307ffdbc30c778db108543,6,6,PASS
01_Input_and_Metadata::GERT Nodes,01_Input_and_Metadata.xlsx,GERT Nodes,10,6,CSV\01_Input_and_Metadata__GERT_Nodes.csv,d9a2b16947a7ac3ef518455f45d94d1b17592d987edc4b7db03510f4e5978095,Parquet\01_Input_and_Metadata__GERT_Nodes.parquet,c3d6fa965640a397ba67db3007ed462d5249cc4d74808fb0f14ab105870aba31,10,10,PASS
01_Input_and_Metadata::GERT Arcs,01_Input_and_Metadata.xlsx,GERT Arcs,30,11,CSV\01_Input_and_Metadata__GERT_Arcs.csv,9c7ef3e0bf93c1b086f993b310ad8809dea187764c5dcf7170a5a0b1c9fd1757,Parquet\01_Input_and_Metadata__GERT_Arcs.parquet,4c2a7b184af94000a037f3890241dfe213f75d12347a8e8a582b1d1fd44e0669,30,30,PASS
01_Input_and_Metadata::Probability Groups,01_Input_and_Metadata.xlsx,Probability Groups,7,7,CSV\01_Input_and_Metadata__Probability_Groups.csv,9a38a221cae3fe33096ecb532f7ac138ef3bc05cfbaccd550560dc1c459c2cca,Parquet\01_Input_and_Metadata__Probability_Groups.parquet,76b5be42b83435fc416a6decc7fbe07be799fa1bdc0a08af62b7d4dd53f2d070,7,7,PASS
01_Input_and_Metadata::Loop Register,01_Input_and_Metadata.xlsx,Loop Register,10,7,CSV\01_Input_and_Metadata__Loop_Register.csv,cd8d99a5dba136627f5d0275b231c4ddce3ea8020f8fb7da50ef1a423c395901,Parquet\01_Input_and_Metadata__Loop_Register.parquet,9f2fc621d72482915883c67aad26121eb2b9d8dc885b5482ab15df4015c34d99,10,10,PASS
01_Input_and_Metadata::Parameter Register,01_Input_and_Metadata.xlsx,Parameter Register,146,15,CSV\01_Input_and_Metadata__Parameter_Register.csv,7371ff15361c728542c1cbf8370478ce3e2ff8134f5347817d6936c90f8c873c,Parquet\01_Input_and_Metadata__Parameter_Register.parquet,2285278b87d3143aee3c569a71e38695df8d13874c63bc48173e5429427e255a,146,146,PASS
01_Input_and_Metadata::Input Audit,01_Input_and_Metadata.xlsx,Input Audit,20,3,CSV\01_Input_and_Metadata__Input_Audit.csv,672185c403b6e1158948f140f2b06cb2939333e42369b715330f04c02ca5b8bd,Parquet\01_Input_and_Metadata__Input_Audit.parquet,4681453a5722917eeb71729c38be0499579f29b5defefe095443ed3c8251ccd5,20,20,PASS
01_Input_and_Metadata::Software Versions,01_Input_and_Metadata.xlsx,Software Versions,6,2,CSV\01_Input_and_Metadata__Software_Versions.csv,366c6f2002269524ed805a0796d74fac37f46395b9e8451b71ff01a67a34056c,Parquet\01_Input_and_Metadata__Software_Versions.parquet,ee22a401a6d3ed847519131b4a338835709b303017549f2f82cfd84338d58334,6,6,PASS
01_Input_and_Metadata::Random Streams,01_Input_and_Metadata.xlsx,Random Streams,3,5,CSV\01_Input_and_Metadata__Random_Streams.csv,b98adc9185bab7a703ed5dd8f391286e1f22035e6f7aba14ced4bab96f8b9947,Parquet\01_Input_and_Metadata__Random_Streams.parquet,6ac1200895c726a33c787f23eaad9fa45f27d4786a4565cb08488f29d4fb7fc4,3,3,PASS
01_Input_and_Metadata::Data Dictionary,01_Input_and_Metadata.xlsx,Data Dictionary,81,13,CSV\01_Input_and_Metadata__Data_Dictionary.csv,1d60a079567c8fbcebf942c3da7b48c67a4193fe8b814906b04af519f2bb6153,Parquet\01_Input_and_Metadata__Data_Dictionary.parquet,32181528db7bc2e92e34dd55389bbaa00be6f533774ac8bfd587844396ca49b9,81,81,PASS
02_PERT_Raw_Data::PERT Iterations Wide,02_PERT_Raw_Data.xlsx,PERT Iterations Wide,50000,25,CSV\02_PERT_Raw_Data__PERT_Iterations_Wide.csv,89cccc14d3dc9e591b268f56a19063973c9b87bdf5a6b8050618fd976a60e0b7,Parquet\02_PERT_Raw_Data__PERT_Iterations_Wide.parquet,986422e02e409187c022953f3372d64e7b540a485fc4ec1141d582171ef2f902,50000,50000,PASS
02_PERT_Raw_Data::PERT Durations Long,02_PERT_Raw_Data.xlsx,PERT Durations Long,300000,14,CSV\02_PERT_Raw_Data__PERT_Durations_Long.csv.gz,d680c5cd4dda977c5ad92232e32bac37c574999bebf2eeaa9f1934103cb94280,Parquet\02_PERT_Raw_Data__PERT_Durations_Long.parquet,ecb787069b5e334ce940a2ffbaad3a3d2a432efb0b53dc1280ff038c9232c4ab,300000,300000,PASS
02_PERT_Raw_Data::PERT Raw Beta Samples,02_PERT_Raw_Data.xlsx,PERT Raw Beta Samples,300000,6,CSV\02_PERT_Raw_Data__PERT_Raw_Beta_Samples.csv.gz,aa5fc636d8dfe75698203aef4e22ea84188a62ec0b404e82b01b08f1e14f4499,Parquet\02_PERT_Raw_Data__PERT_Raw_Beta_Samples.parquet,ab5e350244101648f0f1ec21002c82461affbf7d5f2fe8157dad49f8eb4b06a3,300000,300000,PASS
02_PERT_Raw_Data::PERT Reconciliation,02_PERT_Raw_Data.xlsx,PERT Reconciliation,50000,6,CSV\02_PERT_Raw_Data__PERT_Reconciliation.csv,7d62670a0cd415b4db5b1df31a7e65eb527b83cff49e214a1d058446ab93c97b,Parquet\02_PERT_Raw_Data__PERT_Reconciliation.parquet,503587b17a612b6dd0f944aa9b1cbad0591b0d3099dc2a74fde079cc0cd4020d,50000,50000,PASS
02_PERT_Raw_Data::PERT Analytical PMFs,02_PERT_Raw_Data.xlsx,PERT Analytical PMFs,125,4,CSV\02_PERT_Raw_Data__PERT_Analytical_PMFs.csv,30ae53beaca83211f732fe4c1aa8fd9e7f74e56dce001f716254bafb17df90da,Parquet\02_PERT_Raw_Data__PERT_Analytical_PMFs.parquet,10cc2b7708e5a325765969e11936945112287e2abce49491441a2e332b771233,125,125,PASS
02_PERT_Raw_Data::PERT Exact Moments,02_PERT_Raw_Data.xlsx,PERT Exact Moments,7,7,CSV\02_PERT_Raw_Data__PERT_Exact_Moments.csv,dd5a9ead4a634a11774524d9e8b579749ca16945aeba401b52485e80720dd4d1,Parquet\02_PERT_Raw_Data__PERT_Exact_Moments.parquet,f23c2363ef63430573a74f7725b3c27645b2a8fe6d2160dc908b5c3bfec0867f,7,7,PASS
03_PERT_Analysis_Ready::Iteration Matrix,03_PERT_Analysis_Ready.xlsx,Iteration Matrix,50000,8,CSV\03_PERT_Analysis_Ready__Iteration_Matrix.csv,57c612872df356743759a7473f1ac2ecaf8d20cd57b576b090b8e17354e53b8a,Parquet\03_PERT_Analysis_Ready__Iteration_Matrix.parquet,a68929093a14b469be6a1669d08a1393ffa737d587cdfd8291adc748614c6817,50000,50000,PASS
03_PERT_Analysis_Ready::Summary Statistics,03_PERT_Analysis_Ready.xlsx,Summary Statistics,7,16,CSV\03_PERT_Analysis_Ready__Summary_Statistics.csv,c723ac15b55b0579948b13ec5ac402781b52782532a871fe5109bc31eaa35f56,Parquet\03_PERT_Analysis_Ready__Summary_Statistics.parquet,e45152a9e013c992800c6c33bb3dc3863450d02aa0319aa055b1948564b929fa,7,7,PASS
03_PERT_Analysis_Ready::P1-P99,03_PERT_Analysis_Ready.xlsx,P1-P99,99,2,CSV\03_PERT_Analysis_Ready__P1_P99.csv,40f897832f1d0e4b1236dc355d1bcf2cfd7ffa5b3bc4711d91a51c7cfc59d0e9,Parquet\03_PERT_Analysis_Ready__P1_P99.parquet,8bef377bf4cd8c02ae8b17e686c90c1b65fec75dfa5b6fe1fe830e90b8fe6b1c,99,99,PASS
03_PERT_Analysis_Ready::ECDF,03_PERT_Analysis_Ready.xlsx,ECDF,42,4,CSV\03_PERT_Analysis_Ready__ECDF.csv,1769adf667e2a29ee1cfc38a2d3b24af9221092ef771c83ef9c2aeb88541148c,Parquet\03_PERT_Analysis_Ready__ECDF.parquet,8d53f627ac5d729509ea551565231cce6af6d7c21fec40fc06f4f4a1e33e073c,42,42,PASS
03_PERT_Analysis_Ready::Histogram Data,03_PERT_Analysis_Ready.xlsx,Histogram Data,42,3,CSV\03_PERT_Analysis_Ready__Histogram_Data.csv,4433e8df6ddc34467aa04d6947cc1b3b3be18aca93d26484678e7f5f583cba9a,Parquet\03_PERT_Analysis_Ready__Histogram_Data.parquet,72c63e041b72b71acbc406787e06fd5b5319581dbcea7a535549781a2c556b9c,42,42,PASS
03_PERT_Analysis_Ready::Activity Statistics,03_PERT_Analysis_Ready.xlsx,Activity Statistics,6,12,CSV\03_PERT_Analysis_Ready__Activity_Statistics.csv,5336bc510994cb9d659e0b2398bddda13b5634ae282a2b01075483c4d375567e,Parquet\03_PERT_Analysis_Ready__Activity_Statistics.parquet,2cb10306e9d97407043984458dfef6b7925e9f134320d6abeafc01a979cbd38e,6,6,PASS
03_PERT_Analysis_Ready::Correlation Matrix,03_PERT_Analysis_Ready.xlsx,Correlation Matrix,7,8,CSV\03_PERT_Analysis_Ready__Correlation_Matrix.csv,87a3b1a186c620a6137c3a90a11ee7535f09424c96d7ef8ccd3d5c6b81886247,Parquet\03_PERT_Analysis_Ready__Correlation_Matrix.parquet,3c3a47e6f40389085ceed400099605b0ee3c4b42e4f8b431738329a9c2f52586,7,7,PASS
03_PERT_Analysis_Ready::Spearman Sensitivity,03_PERT_Analysis_Ready.xlsx,Spearman Sensitivity,6,6,CSV\03_PERT_Analysis_Ready__Spearman_Sensitivity.csv,426b92c98be506f0727835218f838a227faf176208b276b46449cc9a00815a75,Parquet\03_PERT_Analysis_Ready__Spearman_Sensitivity.parquet,bb8cb043641ffacc9c52dfc4fd2fd4d3cbd00673e70cb4ca78b568879dc1b238,6,6,PASS
03_PERT_Analysis_Ready::Regression Matrix,03_PERT_Analysis_Ready.xlsx,Regression Matrix,50000,15,CSV\03_PERT_Analysis_Ready__Regression_Matrix.csv,2989914d9503ecf449c58eec16fb860c0698e2674165100c720a5b5498f7e6ab,Parquet\03_PERT_Analysis_Ready__Regression_Matrix.parquet,85f4f85697267b112eb029e0cc50519612965162ebd4dab43dda3e49f929919a,50000,50000,PASS
03_PERT_Analysis_Ready::Convergence,03_PERT_Analysis_Ready.xlsx,Convergence,100,8,CSV\03_PERT_Analysis_Ready__Convergence.csv,36a579ff9ed66a8ade7007363c39ba2ff2acd916d3619161ff576e3beb15cbb5,Parquet\03_PERT_Analysis_Ready__Convergence.parquet,2fcb0149b83f6eaf31515227425646bf871973fdad24e031b8f2ac298941e10a,100,100,PASS
03_PERT_Analysis_Ready::Analytical Comparison,03_PERT_Analysis_Ready.xlsx,Analytical Comparison,1,7,CSV\03_PERT_Analysis_Ready__Analytical_Comparison.csv,d8e6abffa0889b24b57d16eacc57a1384def09dc992fdf25146f3674af063b9a,Parquet\03_PERT_Analysis_Ready__Analytical_Comparison.parquet,c5b969bbed33e29c3967dbe0bea53e58e67213cd22432e863435bbe5e67490bc,1,1,PASS
03_PERT_Analysis_Ready::Data Dictionary,03_PERT_Analysis_Ready.xlsx,Data Dictionary,102,13,CSV\03_PERT_Analysis_Ready__Data_Dictionary.csv,5b61b7934dcd744d5a739f4ab085ab4029db366e1d7d7f81ea43231a4e87163b,Parquet\03_PERT_Analysis_Ready__Data_Dictionary.parquet,759fe6ebf12b931262fa6cb826db75bf681e361935a270248352b910cc66065f,102,102,PASS
04_GERT_Iteration_Data::Iteration Summary,04_GERT_Iteration_Data.xlsx,Iteration Summary,50000,37,CSV\04_GERT_Iteration_Data__Iteration_Summary.csv,e8cbd4b711bacce0b2d9b953c19f4e68ab751081966582e69156e18c0be0a906,Parquet\04_GERT_Iteration_Data__Iteration_Summary.parquet,5e8ab7f850f6b3ce5c36de53dc5bb894bddd4749d77a5eda487ffdafb2e77732,50000,50000,PASS
04_GERT_Iteration_Data::Path Register,04_GERT_Iteration_Data.xlsx,Path Register,380,18,CSV\04_GERT_Iteration_Data__Path_Register.csv,e63f0e9803bde6a0de220b5aa159d9e5eec08bc18ba1480e57a862483d52dd90,Parquet\04_GERT_Iteration_Data__Path_Register.parquet,7b2b7c3e8087cbb814022ad123dca1607ca41c75ab72fe7fbf89de0a505b54ee,380,380,PASS
04_GERT_Iteration_Data::Outcome Summary,04_GERT_Iteration_Data.xlsx,Outcome Summary,4,5,CSV\04_GERT_Iteration_Data__Outcome_Summary.csv,523fd03d132d3ed2927c126a0c1840645354de91b40967c5815bedbc129ab79d,Parquet\04_GERT_Iteration_Data__Outcome_Summary.parquet,6894d48233bdeb1b04567621fa5a58e7b363e00629354ffa6eb36fc26447ef1a,4,4,PASS
04_GERT_Iteration_Data::Successful Iterations,04_GERT_Iteration_Data.xlsx,Successful Iterations,28871,37,CSV\04_GERT_Iteration_Data__Successful_Iterations.csv,1298d2954fb309d8bc9aa02566014772ba44e37786a68752ab67fa50d58f1605,Parquet\04_GERT_Iteration_Data__Successful_Iterations.parquet,f8ff70251352620e2fa4d9c489edfedd89ec245297293b27ca1ab7c74bb864da,28871,28871,PASS
04_GERT_Iteration_Data::Terminated Iterations,04_GERT_Iteration_Data.xlsx,Terminated Iterations,21129,37,CSV\04_GERT_Iteration_Data__Terminated_Iterations.csv,fbde2e55b217e62690065012299fe7d414981cac019d3c00ab16b452f68b00b4,Parquet\04_GERT_Iteration_Data__Terminated_Iterations.parquet,314a0fd30e393e99f852a8887ec4abe420d7733b838d850c4044bd1dd35a3272,21129,21129,PASS
04_GERT_Iteration_Data::Invalid Iterations,04_GERT_Iteration_Data.xlsx,Invalid Iterations,1,4,CSV\04_GERT_Iteration_Data__Invalid_Iterations.csv,f09260ecdf4c570d1445db71fc32db6e6dd9757dd195d9b29454c5aaa0df24ba,Parquet\04_GERT_Iteration_Data__Invalid_Iterations.parquet,cbcafda63416d88d13baa08062da69edce45e9fbb1f0d570c664dea180200b0e,1,1,PASS
04_GERT_Iteration_Data::Data Dictionary,04_GERT_Iteration_Data.xlsx,Data Dictionary,151,13,CSV\04_GERT_Iteration_Data__Data_Dictionary.csv,a23a249a33ade4b5c1ccf7775bc4b7a2c24105b643c2b9b0466f14af293d2689,Parquet\04_GERT_Iteration_Data__Data_Dictionary.parquet,df0dc08e57e33d7be21db87997e3adc3d0b39b15702ee53227c4807bdd334703,151,151,PASS
05_GERT_Traversal_Data::Traversals Part 01,05_GERT_Traversal_Data.xlsx,Traversals Part 01,113403,35,CSV\05_GERT_Traversal_Data__Traversals_Part_01.csv.gz,9b94096c20931865a5ac63c7844ca04da6792d4a4dc9468bfec8690d0e19c244,Parquet\05_GERT_Traversal_Data__Traversals_Part_01.parquet,13b3d4df438ecd55ed1b87498b1ffeb82b998381d56c981c6654cda8461293bb,113403,113403,PASS
05_GERT_Traversal_Data::Traversals Part 02,05_GERT_Traversal_Data.xlsx,Traversals Part 02,113429,35,CSV\05_GERT_Traversal_Data__Traversals_Part_02.csv.gz,ac9fb02687fe84ca33aa01dcbf1bffbaffcf2026f82770c5bc72b482adc589d2,Parquet\05_GERT_Traversal_Data__Traversals_Part_02.parquet,d080b2b53062fb4b6937ef67519fdfb347f50bc5942bda89436370a5655e81d0,113429,113429,PASS
05_GERT_Traversal_Data::Traversal Data Dictionary,05_GERT_Traversal_Data.xlsx,Traversal Data Dictionary,83,13,CSV\05_GERT_Traversal_Data__Traversal_Data_Dictionary.csv,da1be0dd66549112f3c6306be50953ce5d4bd79a93fbba205324ff750f905a75,Parquet\05_GERT_Traversal_Data__Traversal_Data_Dictionary.parquet,f056f6d083c4d156c84f4dce1915bf3df92e6cf80b28f42511eeea6432e5df2a,83,83,PASS
06_GERT_Structure_Events::Node Visits,06_GERT_Structure_Events.xlsx,Node Visits,276832,10,CSV\06_GERT_Structure_Events__Node_Visits.csv.gz,2a8c4ad5b7fa395c6840b658332c82b98cc47863898efed4c5dc1cb9c7f3ae31,Parquet\06_GERT_Structure_Events__Node_Visits.parquet,ed176c991035343f78c115385589d05f990842b9954877775b93760657e2ae8c,276832,276832,PASS
06_GERT_Structure_Events::Arc Activations,06_GERT_Structure_Events.xlsx,Arc Activations,223606,8,CSV\06_GERT_Structure_Events__Arc_Activations.csv.gz,0192032c6b76442ae40b155e8e61bea65d027516c7fe7f8cf91974efd975128c,Parquet\06_GERT_Structure_Events__Arc_Activations.parquet,87a4050a58d94f4943f519ca140c2b2bdabf6438a419288233bf58b1888112f7,223606,223606,PASS
06_GERT_Structure_Events::Arc Traversal Counts,06_GERT_Structure_Events.xlsx,Arc Traversal Counts,30,5,CSV\06_GERT_Structure_Events__Arc_Traversal_Counts.csv,d488fbe6bf3ec521894705c74fd48b4d5f40442146f23c8b562131fd5d7642ad,Parquet\06_GERT_Structure_Events__Arc_Traversal_Counts.parquet,41ccfc5fbd21e2415bf6eaf3531c227cef34ebccba15c54a8c90df4b01b7cba5,30,30,PASS
06_GERT_Structure_Events::Arc Duration Records,06_GERT_Structure_Events.xlsx,Arc Duration Records,226832,12,CSV\06_GERT_Structure_Events__Arc_Duration_Records.csv.gz,43e4a3bbb32ae3303424f9bdaaa7ba2fd288ad4cadbfe171b347a99809f32bf3,Parquet\06_GERT_Structure_Events__Arc_Duration_Records.parquet,c38fe0ee22b153b7a421d78d7bdef49808c3c3b1d158a296bb0945290ef7dc04,226832,226832,PASS
06_GERT_Structure_Events::Loop Events,06_GERT_Structure_Events.xlsx,Loop Events,6082,13,CSV\06_GERT_Structure_Events__Loop_Events.csv,67d8b09554ab5a3befe33bff01e6fc97dfd13479c19301b96f5c8b2b3d828193,Parquet\06_GERT_Structure_Events__Loop_Events.parquet,b3d946ad9819f62108f3789c8cb1636aa4afe7aef2ff6a2e24d5f1380dcab253,6082,6082,PASS
06_GERT_Structure_Events::Loop Counts by Iteration,06_GERT_Structure_Events.xlsx,Loop Counts by Iteration,50000,13,CSV\06_GERT_Structure_Events__Loop_Counts_by_Iteration.csv,de9759f71e069c784746296ac77d9fb07e52afccebba5a3da3f32194dcc10737,Parquet\06_GERT_Structure_Events__Loop_Counts_by_Iteration.parquet,f17b94a34a2819e83654fb38599af996882a4ccf019b47baff005b1442be6e02,50000,50000,PASS
06_GERT_Structure_Events::Cap Events,06_GERT_Structure_Events.xlsx,Cap Events,147,7,CSV\06_GERT_Structure_Events__Cap_Events.csv,cd923a7d9223de4b447172c18eab9ea150b8fb614c3955ae216aa4f4b3c72e8e,Parquet\06_GERT_Structure_Events__Cap_Events.parquet,c766ab84cc74e4db3e4a660a89a39baf6fd51ec24a19260848b950d43650aebd,147,147,PASS
06_GERT_Structure_Events::Renormalisation Events,06_GERT_Structure_Events.xlsx,Renormalisation Events,138,13,CSV\06_GERT_Structure_Events__Renormalisation_Events.csv,4911cb073727c0f3fbb1742276913d3814e0e3bca818772b8f749a0c938b213c,Parquet\06_GERT_Structure_Events__Renormalisation_Events.parquet,e305a6ee3ec296fadcc12a51e3ce19e2d4a74b774e67d09b142fd3156b535f38,138,138,PASS
06_GERT_Structure_Events::Dispute Visits,06_GERT_Structure_Events.xlsx,Dispute Visits,1188,8,CSV\06_GERT_Structure_Events__Dispute_Visits.csv,85ec65a31b7b04f0a84d83306ed42b30ba84683f071fad26e75546f9959bd017,Parquet\06_GERT_Structure_Events__Dispute_Visits.parquet,0199df6bcc86c3d6846db11f713d43aa2fc845b4818622fa161be182ab56ac19,1188,1188,PASS
06_GERT_Structure_Events::Transition Counts,06_GERT_Structure_Events.xlsx,Transition Counts,18,3,CSV\06_GERT_Structure_Events__Transition_Counts.csv,75052021b95c568515f47bafde9b9f84f61b3d068c657f1f616856d5ee7e0961,Parquet\06_GERT_Structure_Events__Transition_Counts.parquet,925c0e0970f0031adc05c619705bd1f37c2351ecf04305c3d7f66b2eb4b4ff74,18,18,PASS
06_GERT_Structure_Events::Data Dictionary,06_GERT_Structure_Events.xlsx,Data Dictionary,105,13,CSV\06_GERT_Structure_Events__Data_Dictionary.csv,29380a21fee0cd8900dd368b65e45e2a71447603e32804c417fee4defdd9ef33,Parquet\06_GERT_Structure_Events__Data_Dictionary.parquet,1aa63e6e01fc8dc154b1defc2fa8576b2f1e979eac847757b6c59f192da50cda,105,105,PASS
07_GERT_Analysis_Ready::Iteration Feature Matrix,07_GERT_Analysis_Ready.xlsx,Iteration Feature Matrix,50000,138,CSV\07_GERT_Analysis_Ready__Iteration_Feature_Matrix.csv,f132be8664f06caa453e8be5305b18d02084bcba1efd585769ae537bc2d8961f,Parquet\07_GERT_Analysis_Ready__Iteration_Feature_Matrix.parquet,87cddcf77fc3cc0b2414ed47a42c1c377b93bbfa4c8a6e6ca1016a2955ad4ce8,50000,50000,PASS
07_GERT_Analysis_Ready::Arc Activation Matrix,07_GERT_Analysis_Ready.xlsx,Arc Activation Matrix,50000,30,CSV\07_GERT_Analysis_Ready__Arc_Activation_Matrix.csv,31f25eb49969d895f9956c355b7f4f1b237d648b98dcbc840a8e4db5a38dd01e,Parquet\07_GERT_Analysis_Ready__Arc_Activation_Matrix.parquet,b1eec1e35400b317c66909a9f8a1ebe504df9aa3d264ad002f5aff70cd663af7,50000,50000,PASS
07_GERT_Analysis_Ready::Arc Traversal Matrix,07_GERT_Analysis_Ready.xlsx,Arc Traversal Matrix,50000,30,CSV\07_GERT_Analysis_Ready__Arc_Traversal_Matrix.csv,214f5391917fffdd3b84a34a0beeedc077d4d65685d3563d6b62c1543ab9a468,Parquet\07_GERT_Analysis_Ready__Arc_Traversal_Matrix.parquet,f00a240a44d8a25f56bf70cf34d493f5397a17a7991f3c8187e8a5308d6c130b,50000,50000,PASS
07_GERT_Analysis_Ready::Arc Duration Matrix,07_GERT_Analysis_Ready.xlsx,Arc Duration Matrix,50000,30,CSV\07_GERT_Analysis_Ready__Arc_Duration_Matrix.csv,eca4dad511d05e935295b3b6993d1e1b520dd913a604d791ff13e6b7d4c168e8,Parquet\07_GERT_Analysis_Ready__Arc_Duration_Matrix.parquet,a5d2f59b7ba92eaefa47e986751417ee81579651e09d69b7517cc18510947cb2,50000,50000,PASS
07_GERT_Analysis_Ready::Node Visit Matrix,07_GERT_Analysis_Ready.xlsx,Node Visit Matrix,50000,21,CSV\07_GERT_Analysis_Ready__Node_Visit_Matrix.csv,1e7528d3376216fddab3e9fb2c187bbfd047110e371430a1550a636db2f824a7,Parquet\07_GERT_Analysis_Ready__Node_Visit_Matrix.parquet,9d6c3d2ed71b864542a833983e98c24d5c94f10f873a31632122c4ffc6f1bd44,50000,50000,PASS
07_GERT_Analysis_Ready::Loop Count Matrix,07_GERT_Analysis_Ready.xlsx,Loop Count Matrix,50000,21,CSV\07_GERT_Analysis_Ready__Loop_Count_Matrix.csv,d321bde31f44cc2e9181e731d05065ac652e621d18ab5375eead34e447efe3a7,Parquet\07_GERT_Analysis_Ready__Loop_Count_Matrix.parquet,e0b6c390b3aabd8823ecf5a5ed9444daa48acfd07ca16a865c83f5a5eac1e4fd,50000,50000,PASS
07_GERT_Analysis_Ready::Outcome Matrix,07_GERT_Analysis_Ready.xlsx,Outcome Matrix,50000,8,CSV\07_GERT_Analysis_Ready__Outcome_Matrix.csv,653c4ab5c6e61677cd60eed64be3230f38a91661588f0f33ed7017959a46570d,Parquet\07_GERT_Analysis_Ready__Outcome_Matrix.parquet,0055da95801ed59e2bf403f06e51832a9af4df666a54e1f67b2b6b2d60bf80b9,50000,50000,PASS
07_GERT_Analysis_Ready::Path Metrics,07_GERT_Analysis_Ready.xlsx,Path Metrics,380,18,CSV\07_GERT_Analysis_Ready__Path_Metrics.csv,e63f0e9803bde6a0de220b5aa159d9e5eec08bc18ba1480e57a862483d52dd90,Parquet\07_GERT_Analysis_Ready__Path_Metrics.parquet,7b2b7c3e8087cbb814022ad123dca1607ca41c75ab72fe7fbf89de0a505b54ee,380,380,PASS
07_GERT_Analysis_Ready::Summary Statistics,07_GERT_Analysis_Ready.xlsx,Summary Statistics,4,16,CSV\07_GERT_Analysis_Ready__Summary_Statistics.csv,4118b11b48d932e50d24bfb4c2cbad54c9e1273551f3800682dc6b3cebf99704,Parquet\07_GERT_Analysis_Ready__Summary_Statistics.parquet,1a68f850a566a2115e0442b223cff86a4ef211be706e373d0c7d6b3bf5f142f1,4,4,PASS
07_GERT_Analysis_Ready::P1-P99 by Outcome,07_GERT_Analysis_Ready.xlsx,P1-P99 by Outcome,198,3,CSV\07_GERT_Analysis_Ready__P1_P99_by_Outcome.csv,b4885f867a3222ab3a98addece9fed0d60dba754ef7bfd1d5706caea516c8ba4,Parquet\07_GERT_Analysis_Ready__P1_P99_by_Outcome.parquet,b088c163a4db7fb39004bfbe705d5e3a5ead1bd62ebc4bec168eaa62e971307a,198,198,PASS
07_GERT_Analysis_Ready::ECDF Data,07_GERT_Analysis_Ready.xlsx,ECDF Data,301,5,CSV\07_GERT_Analysis_Ready__ECDF_Data.csv,88cdb3e7f5704cd0ad89a97a8e3615b0c57081efa51dd2223e5e3f5c7223a2d4,Parquet\07_GERT_Analysis_Ready__ECDF_Data.parquet,4cb730aa4779e73e2637c7ca087dc9e74dafe0c89085990c91ab944a7afde323,301,301,PASS
07_GERT_Analysis_Ready::Histogram Data,07_GERT_Analysis_Ready.xlsx,Histogram Data,301,4,CSV\07_GERT_Analysis_Ready__Histogram_Data.csv,6c0b88dfa1f051e88e2dc603d5c99085c740ed47efbb47d7fdd74d887b4fd706,Parquet\07_GERT_Analysis_Ready__Histogram_Data.parquet,7544d10893877e7a8fec0f8a3f78b1eabb15cf09e245d9da761946ccb28147b6,301,301,PASS
07_GERT_Analysis_Ready::Correlation Register,07_GERT_Analysis_Ready.xlsx,Correlation Register,260,7,CSV\07_GERT_Analysis_Ready__Correlation_Register.csv,06891042f46d487fe3b5fd88c613c27071d4ceb10db906ac6caa9e34a51e1bc3,Parquet\07_GERT_Analysis_Ready__Correlation_Register.parquet,fdd78fa6790bc536d7c2881ab5683bf5f3b06fe0d6ce0cab20985d8ad7946399,260,260,PASS
07_GERT_Analysis_Ready::Data Dictionary,07_GERT_Analysis_Ready.xlsx,Data Dictionary,344,13,CSV\07_GERT_Analysis_Ready__Data_Dictionary.csv,53246a8892f4e9d42a050cdf3091462f6d2fe3dca708901e858bfddd6d48c80f,Parquet\07_GERT_Analysis_Ready__Data_Dictionary.parquet,dbe5850929c5c44e76849a1710e02cfe1d14abc0e2d3a146fcc11011967a71aa,344,344,PASS
08_Exact_Verification::State Space Summary,08_Exact_Verification.xlsx,State Space Summary,7,3,CSV\08_Exact_Verification__State_Space_Summary.csv,f702f45d2c56d936a2096ac233433b01231f918e81b919e49cb52f497deb2502,Parquet\08_Exact_Verification__State_Space_Summary.parquet,dff540e0dad127ef142f0b86c95dfd3b8e4e7a891f77404d3469a9acbd737ec0,7,7,PASS
08_Exact_Verification::Solver Diagnostics,08_Exact_Verification.xlsx,Solver Diagnostics,3,5,CSV\08_Exact_Verification__Solver_Diagnostics.csv,0c6c7c687b8dc7e7ea45a3dd995c98c893dcc0c6c8e1dff32308bf30c95961bd,Parquet\08_Exact_Verification__Solver_Diagnostics.parquet,da39df643116c55c955313a6289e897759a99b0bbdb8432e53a6ab11d6235e53,3,3,PASS
08_Exact_Verification::Exact Outcomes,08_Exact_Verification.xlsx,Exact Outcomes,3,2,CSV\08_Exact_Verification__Exact_Outcomes.csv,82c7d57859e418800a146b35175a8f3e8dc7674a23dddb4c2ca568b7bfabb46c,Parquet\08_Exact_Verification__Exact_Outcomes.parquet,c3554d84107dd750d32301492b2f43c0afaa306f248cc0ee1802d3e4efe28777,3,3,PASS
08_Exact_Verification::Exact Duration Metrics,08_Exact_Verification.xlsx,Exact Duration Metrics,3,2,CSV\08_Exact_Verification__Exact_Duration_Metrics.csv,66f0164a8d7770bd7c615e0bb89ae8eda46bee8f551744af7476e1dd9d557c96,Parquet\08_Exact_Verification__Exact_Duration_Metrics.parquet,b366d4c871c1e876aba2e8e79698e892dcd7b14fedc24f20d8ac22702e76b983,3,3,PASS
08_Exact_Verification::Exact Transition Metrics,08_Exact_Verification.xlsx,Exact Transition Metrics,1,2,CSV\08_Exact_Verification__Exact_Transition_Metrics.csv,fde13b6aaa7801ecee84143a234f3da659f75979444a987d92341cfbbb378bd0,Parquet\08_Exact_Verification__Exact_Transition_Metrics.parquet,c63a1e11befb247c116ef9d14dce8d05414bd177dc572d6ec0c9ccd00709c7a5,1,1,PASS
08_Exact_Verification::Exact Dispute Metrics,08_Exact_Verification.xlsx,Exact Dispute Metrics,2,2,CSV\08_Exact_Verification__Exact_Dispute_Metrics.csv,99734fd02e78e73a412a95a3acb9e694bccf42e26b271ecd3321e4c9105d3a66,Parquet\08_Exact_Verification__Exact_Dispute_Metrics.parquet,9136a43a119e656b89fb107308e1c32482f5a9a649ad9f24643ac032617ef855,2,2,PASS
08_Exact_Verification::Exact Loop Activation,08_Exact_Verification.xlsx,Exact Loop Activation,10,3,CSV\08_Exact_Verification__Exact_Loop_Activation.csv,bce05ca6b6c66eafd12b0758957c9cb8ed3b60247819eb196a614eda127cbb6e,Parquet\08_Exact_Verification__Exact_Loop_Activation.parquet,36d0cf028daafa1474d4874841b5fc2ac77523ef6e156b50b485d8f15f9ea4f8,10,10,PASS
08_Exact_Verification::Exact Cap Probabilities,08_Exact_Verification.xlsx,Exact Cap Probabilities,10,3,CSV\08_Exact_Verification__Exact_Cap_Probabilities.csv,d08dd7af6f48147a27ce096c35b8cf58e74f947056995c0d9ba0233a3a99c1e6,Parquet\08_Exact_Verification__Exact_Cap_Probabilities.parquet,481b1d5a4a87eed7e943373ec4a118126baaeeb5235de490ddb40d703e63c70d,10,10,PASS
08_Exact_Verification::Monte Carlo Comparison,08_Exact_Verification.xlsx,Monte Carlo Comparison,28,10,CSV\08_Exact_Verification__Monte_Carlo_Comparison.csv,06747557a69aa27c7a7dd39ab65b09e2945869e78cd76438656393b48e04bb35,Parquet\08_Exact_Verification__Monte_Carlo_Comparison.parquet,a175b567a1ce686dc25675ab62b0588edfcc898d29f1c41d5fa05307d7b1b176,28,28,PASS
08_Exact_Verification::Acceptance Limits,08_Exact_Verification.xlsx,Acceptance Limits,28,10,CSV\08_Exact_Verification__Acceptance_Limits.csv,06747557a69aa27c7a7dd39ab65b09e2945869e78cd76438656393b48e04bb35,Parquet\08_Exact_Verification__Acceptance_Limits.parquet,a175b567a1ce686dc25675ab62b0588edfcc898d29f1c41d5fa05307d7b1b176,28,28,PASS
08_Exact_Verification::Residual Diagnostics,08_Exact_Verification.xlsx,Residual Diagnostics,3,4,CSV\08_Exact_Verification__Residual_Diagnostics.csv,de13313d3f43263ef4cc38b416b5fd9b1087cfcc8a881d6306ee50d5495b051e,Parquet\08_Exact_Verification__Residual_Diagnostics.parquet,fdb840e672095741444d99faa2f06267c8fb7e57d9be1496b8ce1cf25da35d59,3,3,PASS
08_Exact_Verification::Data Dictionary,08_Exact_Verification.xlsx,Data Dictionary,59,13,CSV\08_Exact_Verification__Data_Dictionary.csv,306da60981bf5a2233886c84c5ba9c2582deff708506589cd1cadcab84a946d3,Parquet\08_Exact_Verification__Data_Dictionary.parquet,769527bddd51a8112d6697caa5c8eac6f0e3f83425fd3eb15d4443fb1099d925,59,59,PASS
09_Convergence_Data::PERT Checkpoints,09_Convergence_Data.xlsx,PERT Checkpoints,100,8,CSV\09_Convergence_Data__PERT_Checkpoints.csv,36a579ff9ed66a8ade7007363c39ba2ff2acd916d3619161ff576e3beb15cbb5,Parquet\09_Convergence_Data__PERT_Checkpoints.parquet,2fcb0149b83f6eaf31515227425646bf871973fdad24e031b8f2ac298941e10a,100,100,PASS
09_Convergence_Data::GERT Outcome Checkpoints,09_Convergence_Data.xlsx,GERT Outcome Checkpoints,100,3,CSV\09_Convergence_Data__GERT_Outcome_Checkpoints.csv,4dd7f5be776e483593b0601b921c53d4aa3123be1b77874ba6b017335cd9077f,Parquet\09_Convergence_Data__GERT_Outcome_Checkpoints.parquet,8643f268a4b8185ef2dcf40add93ec76bcd05e818e3c1d62c33276d7e90ae720,100,100,PASS
09_Convergence_Data::GERT Duration Checkpoints,09_Convergence_Data.xlsx,GERT Duration Checkpoints,100,14,CSV\09_Convergence_Data__GERT_Duration_Checkpoints.csv,a3fc17bf9823102ed21891c11b84bcbb616ee05a2cd4a4bed009e0d0126fe9ff,Parquet\09_Convergence_Data__GERT_Duration_Checkpoints.parquet,8bcf684fe1f36f0ce5a0fc5b40b629909f850b90ab5c520b61dd3ee434accc69,100,100,PASS
09_Convergence_Data::Loop Checkpoints,09_Convergence_Data.xlsx,Loop Checkpoints,1000,3,CSV\09_Convergence_Data__Loop_Checkpoints.csv,b7c9fa6c54e48ac0a3a9198b6dae740e4598f1138b1c6e41028447239807ac8c,Parquet\09_Convergence_Data__Loop_Checkpoints.parquet,a220e875226d51f519ac6f80822fa4751d1e311b0b848852dd9b1699d2fff36b,1000,1000,PASS
09_Convergence_Data::Cap Checkpoints,09_Convergence_Data.xlsx,Cap Checkpoints,1000,3,CSV\09_Convergence_Data__Cap_Checkpoints.csv,bcf05e18b57957b9209c59f9605ec878fd990b225c5c0da17fa40ff78a8b40e8,Parquet\09_Convergence_Data__Cap_Checkpoints.parquet,1857990ee25baeba43067c12e4e730f97946e0149830aad8f9157841e1fb8a4d,1000,1000,PASS
09_Convergence_Data::Dispute Checkpoints,09_Convergence_Data.xlsx,Dispute Checkpoints,100,2,CSV\09_Convergence_Data__Dispute_Checkpoints.csv,09348a165266a29082bd1cbd174dd349dcd570f0676492bbe373e59780172753,Parquet\09_Convergence_Data__Dispute_Checkpoints.parquet,222ccacea3f5b9aa454f6709298ef99e6922ef9f238f35f5b4134f9d9b695bef,100,100,PASS
09_Convergence_Data::Stability Tests,09_Convergence_Data.xlsx,Stability Tests,198,5,CSV\09_Convergence_Data__Stability_Tests.csv,ad73d573d325e8e558f323c083bff97f1bbf80514188657e3b4cf89fc42aa1ab,Parquet\09_Convergence_Data__Stability_Tests.parquet,29a97212977a16e0d7263163a6868ec58792f9425b3ccdf773b34d579581421f,198,198,PASS
09_Convergence_Data::Final Status,09_Convergence_Data.xlsx,Final Status,2,4,CSV\09_Convergence_Data__Final_Status.csv,15dd8d8f8e49a1dc02e923d905b1d9c8c6461445abfb7325c1aa60bc4d58c633,Parquet\09_Convergence_Data__Final_Status.parquet,7cb20b1e62853d822f3588600573873863e156749ba8d6b449c6d969ef685482,2,2,PASS
09_Convergence_Data::Data Dictionary,09_Convergence_Data.xlsx,Data Dictionary,55,13,CSV\09_Convergence_Data__Data_Dictionary.csv,3fb22a25a59ca9d1ddd85f956ea35f58c7a11537f34e37589c3ebfe9cfd6495f,Parquet\09_Convergence_Data__Data_Dictionary.parquet,6ae26ec9ccb3526222914afa29eec797bd374cb5b6ed5be40068b58aa015b415,55,55,PASS
10_Sensitivity_Ready_Data::Sensitivity Overview,10_Sensitivity_Ready_Data.xlsx,Sensitivity Overview,4,2,CSV\10_Sensitivity_Ready_Data__Sensitivity_Overview.csv,8e1b10b5bc93ef5801ac36bc7134f9940d6cb849859927c553252c8d2d2060bf,Parquet\10_Sensitivity_Ready_Data__Sensitivity_Overview.parquet,f1f352759a1fc2311f31f1eed7408802149a16914b8e111ca29dca89658a2f2a,4,4,PASS
10_Sensitivity_Ready_Data::Parameter Register,10_Sensitivity_Ready_Data.xlsx,Parameter Register,146,15,CSV\10_Sensitivity_Ready_Data__Parameter_Register.csv,7371ff15361c728542c1cbf8370478ce3e2ff8134f5347817d6936c90f8c873c,Parquet\10_Sensitivity_Ready_Data__Parameter_Register.parquet,2285278b87d3143aee3c569a71e38695df8d13874c63bc48173e5429427e255a,146,146,PASS
10_Sensitivity_Ready_Data::Baseline Metrics,10_Sensitivity_Ready_Data.xlsx,Baseline Metrics,6,3,CSV\10_Sensitivity_Ready_Data__Baseline_Metrics.csv,9cf8d6f6213781bdf40e4341df832c11e33b1ce205169b3034e02e9f185af14a,Parquet\10_Sensitivity_Ready_Data__Baseline_Metrics.parquet,8dd383f1bcc847fc2a8289246cf275c95c0c385cab2efb6bf8579a86845fc157,6,6,PASS
10_Sensitivity_Ready_Data::PERT Sensitivity Matrix,10_Sensitivity_Ready_Data.xlsx,PERT Sensitivity Matrix,50000,18,CSV\10_Sensitivity_Ready_Data__PERT_Sensitivity_Matrix.csv,532c9231c0f2733103403a06a3f3aad395e5cec68de557852d6d8b801ebde6c5,Parquet\10_Sensitivity_Ready_Data__PERT_Sensitivity_Matrix.parquet,057cd86965b8f71a4a1604440af094ec92e348b682018686773bc500c442b98b,50000,50000,PASS
10_Sensitivity_Ready_Data::GERT Sensitivity Matrix,10_Sensitivity_Ready_Data.xlsx,GERT Sensitivity Matrix,50000,146,CSV\10_Sensitivity_Ready_Data__GERT_Sensitivity_Matrix.csv,dfb661c2f54f85f46be853c03bce47dcc29b4fbd65960a13aea79c754c23fa19,Parquet\10_Sensitivity_Ready_Data__GERT_Sensitivity_Matrix.parquet,b3a14236908d37f6d678dbe726c538cd5df8321a4a7e709a6c84ce53b3a17a10,50000,50000,PASS
10_Sensitivity_Ready_Data::Outcome Sensitivity Matrix,10_Sensitivity_Ready_Data.xlsx,Outcome Sensitivity Matrix,50000,36,CSV\10_Sensitivity_Ready_Data__Outcome_Sensitivity_Matrix.csv,8d0770dedbf8263b1ba153c527506b2999f74e26f524d2f1b9fb45725da10200,Parquet\10_Sensitivity_Ready_Data__Outcome_Sensitivity_Matrix.parquet,a46f299f6abab425857c9434d8cf5e0b4a9af6273abf819cf873ef1a61ef728b,50000,50000,PASS
10_Sensitivity_Ready_Data::Tail Sensitivity Matrix,10_Sensitivity_Ready_Data.xlsx,Tail Sensitivity Matrix,50000,11,CSV\10_Sensitivity_Ready_Data__Tail_Sensitivity_Matrix.csv,03b6e59e10b4a2cb18c37b76d496a7d06c00c05db76ff3c7b487a2433310ec16,Parquet\10_Sensitivity_Ready_Data__Tail_Sensitivity_Matrix.parquet,b05999f528dd391b85e8386c34177c2cdf518db4992cffd38a1a94d5c052dd8d,50000,50000,PASS
10_Sensitivity_Ready_Data::Scenario Design Template,10_Sensitivity_Ready_Data.xlsx,Scenario Design Template,1,13,CSV\10_Sensitivity_Ready_Data__Scenario_Design_Template.csv,315a3fbe85a8507b18b8ff7b6e0027f8c383b3ea3abc19f9be860c68a5fcce4c,Parquet\10_Sensitivity_Ready_Data__Scenario_Design_Template.parquet,8057c42e031d994991cfc6f9183b6f8b095b5c414b6c5f76c29ff2551a68ac8d,1,1,PASS
10_Sensitivity_Ready_Data::Common Random Numbers,10_Sensitivity_Ready_Data.xlsx,Common Random Numbers,20,6,CSV\10_Sensitivity_Ready_Data__Common_Random_Numbers.csv,951a69f3b981ec68da32224ea25dc022c11cd1358bd71dd7352e2b5796b33407,Parquet\10_Sensitivity_Ready_Data__Common_Random_Numbers.parquet,44e15262bdbc68e5121abf059e94c142e36ac6eddd0c9c83d1c418dd3738e91c,20,20,PASS
10_Sensitivity_Ready_Data::Probability Constraints,10_Sensitivity_Ready_Data.xlsx,Probability Constraints,7,5,CSV\10_Sensitivity_Ready_Data__Probability_Constraints.csv,53a5cab0e11556a32005d087da439a5cc37bd4b5633f3c53b8db668c3f6a1553,Parquet\10_Sensitivity_Ready_Data__Probability_Constraints.parquet,444b444a2ff8c5dd59bad380f35acba8d75b21065ff94e30fea05f8a68cc923a,7,7,PASS
10_Sensitivity_Ready_Data::Duration Constraints,10_Sensitivity_Ready_Data.xlsx,Duration Constraints,35,7,CSV\10_Sensitivity_Ready_Data__Duration_Constraints.csv,4500a4a5dc2fb0828b21ee61fab95fe5db9a8d4852de36c2c34f633478d326e6,Parquet\10_Sensitivity_Ready_Data__Duration_Constraints.parquet,6972b59d98d9e6bb5472120738241fc060f711c36dfefb0a00947799d4cd687a,35,35,PASS
10_Sensitivity_Ready_Data::Loop Cap Alternatives,10_Sensitivity_Ready_Data.xlsx,Loop Cap Alternatives,10,5,CSV\10_Sensitivity_Ready_Data__Loop_Cap_Alternatives.csv,f4607e7e53d2580e2d3f960840973f6c2393b67e4e581c52bacd670877463fd7,Parquet\10_Sensitivity_Ready_Data__Loop_Cap_Alternatives.parquet,bd5b75999c2c399af80752cfbfb638c5266582beedda6ab84e5febf2dee0701f,10,10,PASS
10_Sensitivity_Ready_Data::Analysis Method Register,10_Sensitivity_Ready_Data.xlsx,Analysis Method Register,8,4,CSV\10_Sensitivity_Ready_Data__Analysis_Method_Register.csv,907f4f949e269e17409736d1f11cde96e6562972569aa68b60103ad91baf61de,Parquet\10_Sensitivity_Ready_Data__Analysis_Method_Register.parquet,08afd1a6ab7ad0573cc755efc75f9a02e7641943474d45257c9def5a8488ad47,8,8,PASS
10_Sensitivity_Ready_Data::Data Dictionary,10_Sensitivity_Ready_Data.xlsx,Data Dictionary,284,13,CSV\10_Sensitivity_Ready_Data__Data_Dictionary.csv,83fafeb9cd5920472cb6178f296aed0d65e6711f8c1d0a37a026028da55e886e,Parquet\10_Sensitivity_Ready_Data__Data_Dictionary.parquet,6c22fc7c32c719d57bb3b2a0e9720716ef82611ab22ac0b69ce41ea07fb86fc3,284,284,PASS
Data_Dictionary::Data Dictionary,Data_Dictionary.xlsx,Data Dictionary,1482,13,CSV\Data_Dictionary__Data_Dictionary.csv,5595093335a9809407fe13b573752585f3d4cd1f9bb516bec6fb27871997f805,Parquet\Data_Dictionary__Data_Dictionary.parquet,0156357f130baa9aaf4d3173e89abcff99ac84822463e12322c720fd2b659b7c,1482,1482,PASS
11_Validation_and_Reconciliation::Input Validation,11_Validation_and_Reconciliation.xlsx,Input Validation,20,3,CSV\11_Validation_and_Reconciliation__Input_Validation.csv,672185c403b6e1158948f140f2b06cb2939333e42369b715330f04c02ca5b8bd,Parquet\11_Validation_and_Reconciliation__Input_Validation.parquet,4681453a5722917eeb71729c38be0499579f29b5defefe095443ed3c8251ccd5,20,20,PASS
11_Validation_and_Reconciliation::PERT Reconciliation,11_Validation_and_Reconciliation.xlsx,PERT Reconciliation,50000,5,CSV\11_Validation_and_Reconciliation__PERT_Reconciliation.csv,832ca8e88def2923cc413931899f9a24e5c0a827ab6ad86770eed7ae63b0d8b6,Parquet\11_Validation_and_Reconciliation__PERT_Reconciliation.parquet,17ef6bef0b0efeae277b0a0cd298733eb48652d5d420dc7b0084539c3cb55ab7,50000,50000,PASS
11_Validation_and_Reconciliation::GERT Reconciliation,11_Validation_and_Reconciliation.xlsx,GERT Reconciliation,50000,7,CSV\11_Validation_and_Reconciliation__GERT_Reconciliation.csv,7b8f3df0ff20c9753a85731be4367a9d23ae1f6e61df35acb35f040ce942da19,Parquet\11_Validation_and_Reconciliation__GERT_Reconciliation.parquet,457014e6027fdbc8d61f5f81b3a072649f3a2f3c7ebd28de8b7422f9b30c11e0,50000,50000,PASS
11_Validation_and_Reconciliation::Probability Validation,11_Validation_and_Reconciliation.xlsx,Probability Validation,7,6,CSV\11_Validation_and_Reconciliation__Probability_Validation.csv,13f21a38e7ad8fd2950bb440c0e563c20a8290c764a6d70c6fb0b0efe8404ae9,Parquet\11_Validation_and_Reconciliation__Probability_Validation.parquet,9a3304218eca5be63fca42fe05ff74f7d549d885c46c4c8559577f10efd0380e,7,7,PASS
11_Validation_and_Reconciliation::Loop Validation,11_Validation_and_Reconciliation.xlsx,Loop Validation,10,5,CSV\11_Validation_and_Reconciliation__Loop_Validation.csv,8e6ea212d07b26c0918e3cd4a715dbd9eafeaec55f88fdae7d387f027758dc3a,Parquet\11_Validation_and_Reconciliation__Loop_Validation.parquet,332f0f2e6d7c6e5011d89622fcdcaff5ade5be346996d2df0b24fc0d557e8e88,10,10,PASS
11_Validation_and_Reconciliation::Cap Validation,11_Validation_and_Reconciliation.xlsx,Cap Validation,10,5,CSV\11_Validation_and_Reconciliation__Cap_Validation.csv,7fd9434f9c9fc0e8c3de749e203bdcd52fedcbf429d3baef864795d24ad04905,Parquet\11_Validation_and_Reconciliation__Cap_Validation.parquet,ba28147a0ed6b530fb482b90521530a626ae5d3fa7a24714ed1bd20efc9903ba,10,10,PASS
11_Validation_and_Reconciliation::Path Continuity,11_Validation_and_Reconciliation.xlsx,Path Continuity,50000,8,CSV\11_Validation_and_Reconciliation__Path_Continuity.csv,48dca491e8a6b9f81fbc693dee7bba721bbc1a416b1da5462bb8b904cf055036,Parquet\11_Validation_and_Reconciliation__Path_Continuity.parquet,04381f62f44bd74da05a2ab529fb25cb624e6bc3d8ea8704d483150c2ebdd86b,50000,50000,PASS
11_Validation_and_Reconciliation::Duration Reconciliation,11_Validation_and_Reconciliation.xlsx,Duration Reconciliation,100000,6,CSV\11_Validation_and_Reconciliation__Duration_Reconciliation.csv.gz,16a54eba0398bf55efd0e4c56ab92c3bffdc6184af03eddc7cca69c55c6e77e0,Parquet\11_Validation_and_Reconciliation__Duration_Reconciliation.parquet,3d0570462a1549faeff95b22dfb9ce36f6e70da93c4089c4defefed6b6cf27c4,100000,100000,PASS
11_Validation_and_Reconciliation::Exact Verification Status,11_Validation_and_Reconciliation.xlsx,Exact Verification Status,3,4,CSV\11_Validation_and_Reconciliation__Exact_Verification_Status.csv,2860ad2434f48dcc406b1486aa88514455697fbd26e5dbf29009d33904847002,Parquet\11_Validation_and_Reconciliation__Exact_Verification_Status.parquet,fc7a0f34124dfa4d66fd5b4e19d318277216b5b02d28d53b9abbecd958591dd1,3,3,PASS
11_Validation_and_Reconciliation::Reproducibility Comparison,11_Validation_and_Reconciliation.xlsx,Reproducibility Comparison,100000,5,CSV\11_Validation_and_Reconciliation__Reproducibility_Comparison.csv.gz,25b15135e080fe31190568f685862986c1f6f63ffd737e7aa374a0fee03eba80,Parquet\11_Validation_and_Reconciliation__Reproducibility_Comparison.parquet,50280b517e750213cb2eb0fec6027ce8fa6ba6587add28684b99c81381530b1c,100000,100000,PASS
11_Validation_and_Reconciliation::Row Count Reconciliation,11_Validation_and_Reconciliation.xlsx,Row Count Reconciliation,7,5,CSV\11_Validation_and_Reconciliation__Row_Count_Reconciliation.csv,df56ac130cbb1f819833da71471176ea4212845c1253a815adbd880b7095d969,Parquet\11_Validation_and_Reconciliation__Row_Count_Reconciliation.parquet,489c793be19d45d0fa1e09e9e8a776eaf9e49b522f491a50903e296cc346c5ca,7,7,PASS
11_Validation_and_Reconciliation::Cross-File Reconciliation,11_Validation_and_Reconciliation.xlsx,Cross-File Reconciliation,12,3,CSV\11_Validation_and_Reconciliation__Cross_File_Reconciliation.csv,f51c34ce70b5e4a03345f087a743c8cd2b43435358d6d94ccf972296bb1c5933,Parquet\11_Validation_and_Reconciliation__Cross_File_Reconciliation.parquet,1174b7da42a42ad04f2e78040b9a0876b218c90ad13570336472a43f6fd502f2,12,12,PASS
11_Validation_and_Reconciliation::Workbook Integrity,11_Validation_and_Reconciliation.xlsx,Workbook Integrity,12,7,CSV\11_Validation_and_Reconciliation__Workbook_Integrity.csv,cf30a19e12527334f77830d6211e32fb9407eab5394f8d588861244a9c335b5a,Parquet\11_Validation_and_Reconciliation__Workbook_Integrity.parquet,945a04252a1bd4027d302cb50aa0b43ddc83a9c49f8c6244fd89ee91f4156f59,12,12,PASS
11_Validation_and_Reconciliation::Data Dictionary,11_Validation_and_Reconciliation.xlsx,Data Dictionary,82,13,CSV\11_Validation_and_Reconciliation__Data_Dictionary.csv,df5d66ea1e5b8fb734771f70a5d70c0ab051430185e9853eeeac3e2ac5aa67ec,Parquet\11_Validation_and_Reconciliation__Data_Dictionary.parquet,0ba19c4997584243b7b7d975cefd107ccd03b3687d2b9e0f272b97a96b871e39,82,82,PASS
