Dataset,Workbook,Worksheet,Column_Count,Status
Input_Validation_Report::Input Validation,Input_Validation_Report.xlsx,Input Validation,3,PASS
01_Input_and_Metadata::Run Metadata,01_Input_and_Metadata.xlsx,Run Metadata,2,PASS
01_Input_and_Metadata::PERT Input,01_Input_and_Metadata.xlsx,PERT Input,10,PASS
01_Input_and_Metadata::GERT Nodes,01_Input_and_Metadata.xlsx,GERT Nodes,6,PASS
01_Input_and_Metadata::GERT Arcs,01_Input_and_Metadata.xlsx,GERT Arcs,11,PASS
01_Input_and_Metadata::Probability Groups,01_Input_and_Metadata.xlsx,Probability Groups,7,PASS
01_Input_and_Metadata::Loop Register,01_Input_and_Metadata.xlsx,Loop Register,7,PASS
01_Input_and_Metadata::Parameter Register,01_Input_and_Metadata.xlsx,Parameter Register,15,PASS
01_Input_and_Metadata::Input Audit,01_Input_and_Metadata.xlsx,Input Audit,3,PASS
01_Input_and_Metadata::Software Versions,01_Input_and_Metadata.xlsx,Software Versions,2,PASS
01_Input_and_Metadata::Random Streams,01_Input_and_Metadata.xlsx,Random Streams,5,PASS
01_Input_and_Metadata::Data Dictionary,01_Input_and_Metadata.xlsx,Data Dictionary,13,PASS
02_PERT_Raw_Data::PERT Iterations Wide,02_PERT_Raw_Data.xlsx,PERT Iterations Wide,25,PASS
02_PERT_Raw_Data::PERT Durations Long,02_PERT_Raw_Data.xlsx,PERT Durations Long,14,PASS
02_PERT_Raw_Data::PERT Raw Beta Samples,02_PERT_Raw_Data.xlsx,PERT Raw Beta Samples,6,PASS
02_PERT_Raw_Data::PERT Reconciliation,02_PERT_Raw_Data.xlsx,PERT Reconciliation,6,PASS
02_PERT_Raw_Data::PERT Analytical PMFs,02_PERT_Raw_Data.xlsx,PERT Analytical PMFs,4,PASS
02_PERT_Raw_Data::PERT Exact Moments,02_PERT_Raw_Data.xlsx,PERT Exact Moments,7,PASS
03_PERT_Analysis_Ready::Iteration Matrix,03_PERT_Analysis_Ready.xlsx,Iteration Matrix,8,PASS
03_PERT_Analysis_Ready::Summary Statistics,03_PERT_Analysis_Ready.xlsx,Summary Statistics,16,PASS
03_PERT_Analysis_Ready::P1-P99,03_PERT_Analysis_Ready.xlsx,P1-P99,2,PASS
03_PERT_Analysis_Ready::ECDF,03_PERT_Analysis_Ready.xlsx,ECDF,4,PASS
03_PERT_Analysis_Ready::Histogram Data,03_PERT_Analysis_Ready.xlsx,Histogram Data,3,PASS
03_PERT_Analysis_Ready::Activity Statistics,03_PERT_Analysis_Ready.xlsx,Activity Statistics,12,PASS
03_PERT_Analysis_Ready::Correlation Matrix,03_PERT_Analysis_Ready.xlsx,Correlation Matrix,8,PASS
03_PERT_Analysis_Ready::Spearman Sensitivity,03_PERT_Analysis_Ready.xlsx,Spearman Sensitivity,6,PASS
03_PERT_Analysis_Ready::Regression Matrix,03_PERT_Analysis_Ready.xlsx,Regression Matrix,15,PASS
03_PERT_Analysis_Ready::Convergence,03_PERT_Analysis_Ready.xlsx,Convergence,8,PASS
03_PERT_Analysis_Ready::Analytical Comparison,03_PERT_Analysis_Ready.xlsx,Analytical Comparison,7,PASS
03_PERT_Analysis_Ready::Data Dictionary,03_PERT_Analysis_Ready.xlsx,Data Dictionary,13,PASS
04_GERT_Iteration_Data::Iteration Summary,04_GERT_Iteration_Data.xlsx,Iteration Summary,37,PASS
04_GERT_Iteration_Data::Path Register,04_GERT_Iteration_Data.xlsx,Path Register,18,PASS
04_GERT_Iteration_Data::Outcome Summary,04_GERT_Iteration_Data.xlsx,Outcome Summary,5,PASS
04_GERT_Iteration_Data::Successful Iterations,04_GERT_Iteration_Data.xlsx,Successful Iterations,37,PASS
04_GERT_Iteration_Data::Terminated Iterations,04_GERT_Iteration_Data.xlsx,Terminated Iterations,37,PASS
04_GERT_Iteration_Data::Invalid Iterations,04_GERT_Iteration_Data.xlsx,Invalid Iterations,4,PASS
04_GERT_Iteration_Data::Data Dictionary,04_GERT_Iteration_Data.xlsx,Data Dictionary,13,PASS
05_GERT_Traversal_Data::Traversals Part 01,05_GERT_Traversal_Data.xlsx,Traversals Part 01,35,PASS
05_GERT_Traversal_Data::Traversals Part 02,05_GERT_Traversal_Data.xlsx,Traversals Part 02,35,PASS
05_GERT_Traversal_Data::Traversal Data Dictionary,05_GERT_Traversal_Data.xlsx,Traversal Data Dictionary,13,PASS
06_GERT_Structure_Events::Node Visits,06_GERT_Structure_Events.xlsx,Node Visits,10,PASS
06_GERT_Structure_Events::Arc Activations,06_GERT_Structure_Events.xlsx,Arc Activations,8,PASS
06_GERT_Structure_Events::Arc Traversal Counts,06_GERT_Structure_Events.xlsx,Arc Traversal Counts,5,PASS
06_GERT_Structure_Events::Arc Duration Records,06_GERT_Structure_Events.xlsx,Arc Duration Records,12,PASS
06_GERT_Structure_Events::Loop Events,06_GERT_Structure_Events.xlsx,Loop Events,13,PASS
06_GERT_Structure_Events::Loop Counts by Iteration,06_GERT_Structure_Events.xlsx,Loop Counts by Iteration,13,PASS
06_GERT_Structure_Events::Cap Events,06_GERT_Structure_Events.xlsx,Cap Events,7,PASS
06_GERT_Structure_Events::Renormalisation Events,06_GERT_Structure_Events.xlsx,Renormalisation Events,13,PASS
06_GERT_Structure_Events::Dispute Visits,06_GERT_Structure_Events.xlsx,Dispute Visits,8,PASS
06_GERT_Structure_Events::Transition Counts,06_GERT_Structure_Events.xlsx,Transition Counts,3,PASS
06_GERT_Structure_Events::Data Dictionary,06_GERT_Structure_Events.xlsx,Data Dictionary,13,PASS
07_GERT_Analysis_Ready::Iteration Feature Matrix,07_GERT_Analysis_Ready.xlsx,Iteration Feature Matrix,138,PASS
07_GERT_Analysis_Ready::Arc Activation Matrix,07_GERT_Analysis_Ready.xlsx,Arc Activation Matrix,30,PASS
07_GERT_Analysis_Ready::Arc Traversal Matrix,07_GERT_Analysis_Ready.xlsx,Arc Traversal Matrix,30,PASS
07_GERT_Analysis_Ready::Arc Duration Matrix,07_GERT_Analysis_Ready.xlsx,Arc Duration Matrix,30,PASS
07_GERT_Analysis_Ready::Node Visit Matrix,07_GERT_Analysis_Ready.xlsx,Node Visit Matrix,21,PASS
07_GERT_Analysis_Ready::Loop Count Matrix,07_GERT_Analysis_Ready.xlsx,Loop Count Matrix,21,PASS
07_GERT_Analysis_Ready::Outcome Matrix,07_GERT_Analysis_Ready.xlsx,Outcome Matrix,8,PASS
07_GERT_Analysis_Ready::Path Metrics,07_GERT_Analysis_Ready.xlsx,Path Metrics,18,PASS
07_GERT_Analysis_Ready::Summary Statistics,07_GERT_Analysis_Ready.xlsx,Summary Statistics,16,PASS
07_GERT_Analysis_Ready::P1-P99 by Outcome,07_GERT_Analysis_Ready.xlsx,P1-P99 by Outcome,3,PASS
07_GERT_Analysis_Ready::ECDF Data,07_GERT_Analysis_Ready.xlsx,ECDF Data,5,PASS
07_GERT_Analysis_Ready::Histogram Data,07_GERT_Analysis_Ready.xlsx,Histogram Data,4,PASS
07_GERT_Analysis_Ready::Correlation Register,07_GERT_Analysis_Ready.xlsx,Correlation Register,7,PASS
07_GERT_Analysis_Ready::Data Dictionary,07_GERT_Analysis_Ready.xlsx,Data Dictionary,13,PASS
08_Exact_Verification::State Space Summary,08_Exact_Verification.xlsx,State Space Summary,3,PASS
08_Exact_Verification::Solver Diagnostics,08_Exact_Verification.xlsx,Solver Diagnostics,5,PASS
08_Exact_Verification::Exact Outcomes,08_Exact_Verification.xlsx,Exact Outcomes,2,PASS
08_Exact_Verification::Exact Duration Metrics,08_Exact_Verification.xlsx,Exact Duration Metrics,2,PASS
08_Exact_Verification::Exact Transition Metrics,08_Exact_Verification.xlsx,Exact Transition Metrics,2,PASS
08_Exact_Verification::Exact Dispute Metrics,08_Exact_Verification.xlsx,Exact Dispute Metrics,2,PASS
08_Exact_Verification::Exact Loop Activation,08_Exact_Verification.xlsx,Exact Loop Activation,3,PASS
08_Exact_Verification::Exact Cap Probabilities,08_Exact_Verification.xlsx,Exact Cap Probabilities,3,PASS
08_Exact_Verification::Monte Carlo Comparison,08_Exact_Verification.xlsx,Monte Carlo Comparison,10,PASS
08_Exact_Verification::Acceptance Limits,08_Exact_Verification.xlsx,Acceptance Limits,10,PASS
08_Exact_Verification::Residual Diagnostics,08_Exact_Verification.xlsx,Residual Diagnostics,4,PASS
08_Exact_Verification::Data Dictionary,08_Exact_Verification.xlsx,Data Dictionary,13,PASS
09_Convergence_Data::PERT Checkpoints,09_Convergence_Data.xlsx,PERT Checkpoints,8,PASS
09_Convergence_Data::GERT Outcome Checkpoints,09_Convergence_Data.xlsx,GERT Outcome Checkpoints,3,PASS
09_Convergence_Data::GERT Duration Checkpoints,09_Convergence_Data.xlsx,GERT Duration Checkpoints,14,PASS
09_Convergence_Data::Loop Checkpoints,09_Convergence_Data.xlsx,Loop Checkpoints,3,PASS
09_Convergence_Data::Cap Checkpoints,09_Convergence_Data.xlsx,Cap Checkpoints,3,PASS
09_Convergence_Data::Dispute Checkpoints,09_Convergence_Data.xlsx,Dispute Checkpoints,2,PASS
09_Convergence_Data::Stability Tests,09_Convergence_Data.xlsx,Stability Tests,5,PASS
09_Convergence_Data::Final Status,09_Convergence_Data.xlsx,Final Status,4,PASS
09_Convergence_Data::Data Dictionary,09_Convergence_Data.xlsx,Data Dictionary,13,PASS
10_Sensitivity_Ready_Data::Sensitivity Overview,10_Sensitivity_Ready_Data.xlsx,Sensitivity Overview,2,PASS
10_Sensitivity_Ready_Data::Parameter Register,10_Sensitivity_Ready_Data.xlsx,Parameter Register,15,PASS
10_Sensitivity_Ready_Data::Baseline Metrics,10_Sensitivity_Ready_Data.xlsx,Baseline Metrics,3,PASS
10_Sensitivity_Ready_Data::PERT Sensitivity Matrix,10_Sensitivity_Ready_Data.xlsx,PERT Sensitivity Matrix,18,PASS
10_Sensitivity_Ready_Data::GERT Sensitivity Matrix,10_Sensitivity_Ready_Data.xlsx,GERT Sensitivity Matrix,146,PASS
10_Sensitivity_Ready_Data::Outcome Sensitivity Matrix,10_Sensitivity_Ready_Data.xlsx,Outcome Sensitivity Matrix,36,PASS
10_Sensitivity_Ready_Data::Tail Sensitivity Matrix,10_Sensitivity_Ready_Data.xlsx,Tail Sensitivity Matrix,11,PASS
10_Sensitivity_Ready_Data::Scenario Design Template,10_Sensitivity_Ready_Data.xlsx,Scenario Design Template,13,PASS
10_Sensitivity_Ready_Data::Common Random Numbers,10_Sensitivity_Ready_Data.xlsx,Common Random Numbers,6,PASS
10_Sensitivity_Ready_Data::Probability Constraints,10_Sensitivity_Ready_Data.xlsx,Probability Constraints,5,PASS
10_Sensitivity_Ready_Data::Duration Constraints,10_Sensitivity_Ready_Data.xlsx,Duration Constraints,7,PASS
10_Sensitivity_Ready_Data::Loop Cap Alternatives,10_Sensitivity_Ready_Data.xlsx,Loop Cap Alternatives,5,PASS
10_Sensitivity_Ready_Data::Analysis Method Register,10_Sensitivity_Ready_Data.xlsx,Analysis Method Register,4,PASS
10_Sensitivity_Ready_Data::Data Dictionary,10_Sensitivity_Ready_Data.xlsx,Data Dictionary,13,PASS
Data_Dictionary::Data Dictionary,Data_Dictionary.xlsx,Data Dictionary,13,PASS
11_Validation_and_Reconciliation::Input Validation,11_Validation_and_Reconciliation.xlsx,Input Validation,3,PASS
11_Validation_and_Reconciliation::PERT Reconciliation,11_Validation_and_Reconciliation.xlsx,PERT Reconciliation,5,PASS
11_Validation_and_Reconciliation::GERT Reconciliation,11_Validation_and_Reconciliation.xlsx,GERT Reconciliation,7,PASS
11_Validation_and_Reconciliation::Probability Validation,11_Validation_and_Reconciliation.xlsx,Probability Validation,6,PASS
11_Validation_and_Reconciliation::Loop Validation,11_Validation_and_Reconciliation.xlsx,Loop Validation,5,PASS
11_Validation_and_Reconciliation::Cap Validation,11_Validation_and_Reconciliation.xlsx,Cap Validation,5,PASS
11_Validation_and_Reconciliation::Path Continuity,11_Validation_and_Reconciliation.xlsx,Path Continuity,8,PASS
11_Validation_and_Reconciliation::Duration Reconciliation,11_Validation_and_Reconciliation.xlsx,Duration Reconciliation,6,PASS
11_Validation_and_Reconciliation::Exact Verification Status,11_Validation_and_Reconciliation.xlsx,Exact Verification Status,4,PASS
11_Validation_and_Reconciliation::Reproducibility Comparison,11_Validation_and_Reconciliation.xlsx,Reproducibility Comparison,5,PASS
11_Validation_and_Reconciliation::Row Count Reconciliation,11_Validation_and_Reconciliation.xlsx,Row Count Reconciliation,5,PASS
11_Validation_and_Reconciliation::Cross-File Reconciliation,11_Validation_and_Reconciliation.xlsx,Cross-File Reconciliation,3,PASS
11_Validation_and_Reconciliation::Workbook Integrity,11_Validation_and_Reconciliation.xlsx,Workbook Integrity,7,PASS
11_Validation_and_Reconciliation::Data Dictionary,11_Validation_and_Reconciliation.xlsx,Data Dictionary,13,PASS
