Test,Status,Detail
Correct PERT file selected,PASS,
Correct GERT file selected,PASS,
Input hashes recorded,PASS,
PERT rows = 6,PASS,
PERT route exact,PASS,
PERT sums O/ML/P,PASS,
PERT duration ordering,PASS,
GERT nodes = 10,PASS,
No header parsed as a node,PASS,
GERT probabilistic arcs = 29,PASS,
Structural arcs = 1,PASS,
e12 = S1 -> S2,PASS,
Every Arc Tag unique,PASS,
Every Arc Tag agrees with From/To,PASS,
No blank From or To,PASS,
GERT duration ordering,PASS,
Seven probability groups,PASS,
Probability groups sum to 1,PASS,
Ten independently capped arcs,PASS,
Every capped arc has cap 2,PASS,
