Arc_Tag,From_Node,To_Node,Original_Probability,Loop_Cap,O,ML,P,Alpha,Beta,Structural
e01,S0,S1,1,,0,0,0,,,1
e12,S1,S2,0.59999999999999998,,5,7,10,2.6000000000000001,3.3999999999999999,0
e1T,S1,ST,0.40000000000000002,,2,3,4,3,3,0
e23,S2,S3,0.01,,5,7,10,2.6000000000000001,3.3999999999999999,0
e24,S2,S4,0.90000000000000002,,12,15,17,3.3999999999999999,2.6000000000000001,0
e22,S2,S2,0.040000000000000001,2,7,9,12,2.6000000000000001,3.3999999999999999,0
e21,S2,S1,0.040000000000000001,2,3,5,7,3,3,0
e2T,S2,ST,0.01,,7,10,12,3.3999999999999999,2.6000000000000001,0
e34,S3,S4,0.90000000000000002,,10,14,20,2.6000000000000001,3.3999999999999999,0
e33,S3,S3,0.040000000000000001,2,4,7,10,3,3,0
e32,S3,S2,0.040000000000000001,2,10,14,20,2.6000000000000001,3.3999999999999999,0
e3T,S3,ST,0.01,,10,14,20,2.6000000000000001,3.3999999999999999,0
e3D,S3,SD,0.01,,10,14,20,2.6000000000000001,3.3999999999999999,0
e45,S4,S5,0.90000000000000002,,50,60,80,2.333333333333333,3.6666666666666665,0
e46,S4,S6,0.050000000000000003,,40,45,50,3,3,0
e43,S4,S3,0.02,2,5,7,10,2.6000000000000001,3.3999999999999999,0
e42,S4,S2,0.01,2,7,10,12,3.3999999999999999,2.6000000000000001,0
e4D,S4,SD,0.02,,7,10,12,3.3999999999999999,2.6000000000000001,0
e56,S5,S6,0.90000000000000002,,10,12,14,3,3,0
e57,S5,S7,0.050000000000000003,,7,10,12,3.3999999999999999,2.6000000000000001,0
e55,S5,S5,0.01,2,2,5,7,3.3999999999999999,2.6000000000000001,0
e54,S5,S4,0.02,2,7,10,12,3.3999999999999999,2.6000000000000001,0
e52,S5,S2,0.01,2,7,10,12,3.3999999999999999,2.6000000000000001,0
e5D,S5,SD,0.01,,7,10,12,3.3999999999999999,2.6000000000000001,0
e67,S6,S7,0.94999999999999996,,7,10,12,3.3999999999999999,2.6000000000000001,0
e66,S6,S6,0.040000000000000001,2,5,7,10,2.6000000000000001,3.3999999999999999,0
e6D,S6,SD,0.01,,7,10,12,3.3999999999999999,2.6000000000000001,0
eD3,SD,S3,0.90000000000000002,,5,7,10,2.6000000000000001,3.3999999999999999,0
eD7,SD,S7,0.050000000000000003,,5,7,10,2.6000000000000001,3.3999999999999999,0
eDT,SD,ST,0.050000000000000003,,5,7,10,2.6000000000000001,3.3999999999999999,0
