Loop_ID,Exact_Cap_Probability,Simulated_Cap_Probability
e22,0.0010533317766066393,0.00084000000000000003
e21,0.00065370083250304697,0.00064000000000000005
e33,7.1085221580066254e-05,4.0000000000000003e-05
e32,5.0012002426397448e-06,0
e43,0.00026665916992354852,0.00029999999999999997
e42,6.7081498408286231e-05,8.0000000000000007e-05
e55,6.0358793648341261e-05,6.0000000000000002e-05
e54,0.00022398309699802124,0.00024000000000000001
e52,5.5547777572707796e-05,6.0000000000000002e-05
e66,0.00089792316385425136,0.00068000000000000005
