Lifecycle_Time_Working_Days,Count,Relative_Frequency_Percent
3,10004,47.3472478584
4,10196,48.2559515358
5,0,0
6,0,0
7,0,0
8,0,0
9,0,0
10,0,0
11,0,0
12,0,0
13,2,0.00946566330636
14,12,0.0567939798381
15,85,0.40229069052
16,166,0.785650054428
17,182,0.861375360878
18,185,0.875573855838
19,100,0.473283165318
20,40,0.189313266127
21,15,0.0709924747977
22,0,0
23,1,0.00473283165318
24,2,0.00946566330636
25,5,0.0236641582659
26,10,0.0473283165318
27,8,0.0378626532254
28,8,0.0378626532254
29,4,0.0189313266127
30,4,0.0189313266127
31,5,0.0236641582659
32,5,0.0236641582659
33,1,0.00473283165318
34,1,0.00473283165318
35,0,0
36,0,0
37,0,0
38,2,0.00946566330636
39,3,0.0141984949595
40,4,0.0189313266127
41,9,0.0425954848786
42,4,0.0189313266127
43,10,0.0473283165318
44,4,0.0189313266127
45,0,0
46,1,0.00473283165318
47,0,0
48,1,0.00473283165318
49,2,0.00946566330636
50,0,0
51,0,0
52,1,0.00473283165318
53,0,0
54,2,0.00946566330636
55,0,0
56,1,0.00473283165318
57,2,0.00946566330636
58,0,0
59,1,0.00473283165318
60,0,0
61,0,0
62,0,0
63,0,0
64,0,0
65,0,0
66,0,0
67,1,0.00473283165318
68,0,0
69,0,0
70,0,0
71,0,0
72,0,0
73,0,0
74,0,0
75,1,0.00473283165318
76,0,0
77,1,0.00473283165318
78,0,0
79,0,0
80,0,0
81,0,0
82,0,0
83,0,0
84,0,0
85,0,0
86,0,0
87,0,0
88,1,0.00473283165318
89,0,0
90,0,0
91,0,0
92,0,0
93,0,0
94,0,0
95,0,0
96,1,0.00473283165318
97,1,0.00473283165318
98,0,0
99,0,0
100,3,0.0141984949595
101,0,0
102,1,0.00473283165318
103,4,0.0189313266127
104,2,0.00946566330636
105,0,0
106,0,0
107,0,0
108,1,0.00473283165318
109,1,0.00473283165318
110,0,0
111,1,0.00473283165318
112,3,0.0141984949595
113,4,0.0189313266127
114,1,0.00473283165318
115,1,0.00473283165318
116,0,0
117,2,0.00946566330636
118,0,0
119,0,0
120,0,0
121,1,0.00473283165318
122,1,0.00473283165318
123,1,0.00473283165318
124,0,0
125,2,0.00946566330636
126,0,0
127,0,0
128,1,0.00473283165318
129,3,0.0141984949595
130,0,0
131,0,0
132,0,0
133,0,0
134,0,0
135,0,0
136,0,0
137,0,0
138,0,0
139,0,0
140,0,0
141,0,0
142,0,0
143,0,0
144,0,0
145,0,0
146,0,0
147,0,0
148,0,0
149,0,0
150,0,0
151,0,0
152,0,0
153,0,0
154,0,0
155,0,0
156,0,0
157,0,0
158,0,0
159,0,0
160,1,0.00473283165318
161,0,0
162,0,0
163,0,0
164,0,0
165,0,0
166,0,0
167,0,0
168,0,0
169,0,0
170,0,0
171,0,0
172,0,0
173,0,0
174,0,0
175,0,0
176,0,0
177,0,0
178,0,0
179,0,0
180,0,0
181,0,0
182,0,0
183,0,0
184,0,0
185,0,0
186,1,0.00473283165318
