Series,Lifecycle_Time_Working_Days,Cumulative_Probability,Count_at_Duration
Successful Closeout,37,3.4636832808e-05,1
Successful Closeout,38,0.000103910498424,2
Successful Closeout,39,0.000277094662464,5
Successful Closeout,40,0.000311731495272,1
Successful Closeout,41,0.000484915659312,5
Successful Closeout,42,0.000623462990544,4
Successful Closeout,43,0.000727373488968,3
Successful Closeout,44,0.000831283987392,3
Successful Closeout,46,0.0008659208202,1
Successful Closeout,51,0.000900557653008,1
Successful Closeout,63,0.000935194485816,1
Successful Closeout,68,0.000969831318624,1
Successful Closeout,69,0.00100446815143,1
Successful Closeout,71,0.00107374181705,2
Successful Closeout,72,0.00124692598109,5
Successful Closeout,73,0.00166256797478,12
Successful Closeout,74,0.00318658861834,44
Successful Closeout,75,0.00523016175401,59
Successful Closeout,76,0.00935194485816,119
Successful Closeout,77,0.0148592012746,159
Successful Closeout,78,0.0208860101832,174
Successful Closeout,79,0.0273630979183,187
Successful Closeout,80,0.0331474489973,167
Successful Closeout,81,0.0383083370857,149
Successful Closeout,82,0.0421876623602,112
Successful Closeout,83,0.0444044196599,64
Successful Closeout,84,0.0455474351425,33
Successful Closeout,85,0.0465865401268,30
Successful Closeout,86,0.0481105607703,44
Successful Closeout,87,0.0500155865748,55
Successful Closeout,88,0.0522323438745,64
Successful Closeout,89,0.0549340168335,78
Successful Closeout,90,0.0571507741332,64
Successful Closeout,91,0.0599217207579,80
Successful Closeout,92,0.062969762045,88
Successful Closeout,93,0.0662948979945,96
Successful Closeout,94,0.0700703127706,109
Successful Closeout,95,0.0758893006823,168
Successful Closeout,96,0.0817429254269,169
Successful Closeout,97,0.091822243774,291
Successful Closeout,98,0.106854629213,434
Successful Closeout,99,0.12767136573,601
Successful Closeout,100,0.155138374147,793
Successful Closeout,101,0.18700426033,920
Successful Closeout,102,0.221918187801,1008
Successful Closeout,103,0.264348307991,1225
Successful Closeout,104,0.306570607184,1219
Successful Closeout,105,0.350247653355,1261
Successful Closeout,106,0.39693810398,1348
Successful Closeout,107,0.44591458557,1414
Successful Closeout,108,0.492154757369,1335
Successful Closeout,109,0.540161407641,1386
Successful Closeout,110,0.585501021787,1309
Successful Closeout,111,0.62810432614,1230
Successful Closeout,112,0.667867410204,1148
Successful Closeout,113,0.702677427176,1005
Successful Closeout,114,0.734716497523,925
Successful Closeout,115,0.764608084237,863
Successful Closeout,116,0.791243808666,769
Successful Closeout,117,0.813238197499,635
Successful Closeout,118,0.83384711302,595
Successful Closeout,119,0.850645976932,485
Successful Closeout,120,0.864119704894,389
Successful Closeout,121,0.874787849399,308
Successful Closeout,122,0.88417443109,271
Successful Closeout,123,0.892521907797,241
Successful Closeout,124,0.897752069551,151
Successful Closeout,125,0.902358768314,133
Successful Closeout,126,0.906168819923,110
Successful Closeout,127,0.909355408541,92
Successful Closeout,128,0.912888365488,102
Successful Closeout,129,0.916213501437,96
Successful Closeout,130,0.918534169236,67
Successful Closeout,131,0.921409026359,83
Successful Closeout,132,0.923660420491,65
Successful Closeout,133,0.926258182952,75
Successful Closeout,134,0.928197845589,56
Successful Closeout,135,0.930102871393,55
Successful Closeout,136,0.932596723356,72
Successful Closeout,137,0.934397838662,52
Successful Closeout,138,0.936614595961,64
Successful Closeout,139,0.938103979772,43
Successful Closeout,140,0.939731910914,47
Successful Closeout,141,0.941394478889,48
Successful Closeout,142,0.942849225867,42
Successful Closeout,143,0.944303972845,42
Successful Closeout,144,0.945446988327,33
Successful Closeout,145,0.946659277476,35
Successful Closeout,146,0.947767656126,32
Successful Closeout,147,0.948460392782,20
Successful Closeout,148,0.949291676769,24
Successful Closeout,149,0.950226871255,27
Successful Closeout,150,0.950919607911,20
Successful Closeout,151,0.951439160403,15
Successful Closeout,152,0.951958712895,15
Successful Closeout,153,0.952478265387,15
Successful Closeout,154,0.953032454712,16
Successful Closeout,155,0.953205638876,5
Successful Closeout,156,0.953552007204,10
Successful Closeout,157,0.953759828201,6
Successful Closeout,158,0.954071559697,9
Successful Closeout,159,0.954383291192,9
Successful Closeout,160,0.954591112189,6
Successful Closeout,161,0.954868206851,8
Successful Closeout,162,0.955110664681,7
Successful Closeout,163,0.955422396176,9
Successful Closeout,164,0.955664854006,7
Successful Closeout,165,0.955941948668,8
Successful Closeout,166,0.956184406498,7
Successful Closeout,167,0.956253680163,2
Successful Closeout,168,0.956807869488,16
Successful Closeout,169,0.957188874649,11
Successful Closeout,170,0.957535242977,10
Successful Closeout,171,0.958262616466,21
Successful Closeout,172,0.958886079457,18
Successful Closeout,173,0.959509542447,18
Successful Closeout,174,0.960271552769,22
Successful Closeout,175,0.960964289425,20
Successful Closeout,176,0.961483841917,15
Successful Closeout,177,0.962141941741,19
Successful Closeout,178,0.9626268574,14
Successful Closeout,179,0.963458141388,24
Successful Closeout,180,0.964324062208,25
Successful Closeout,181,0.965293893526,28
Successful Closeout,182,0.965986630183,20
Successful Closeout,183,0.966887187836,26
Successful Closeout,184,0.968134113817,36
Successful Closeout,185,0.968688303142,16
Successful Closeout,186,0.969554223962,25
Successful Closeout,187,0.97052405528,28
Successful Closeout,188,0.971112881438,17
Successful Closeout,189,0.971840254927,21
Successful Closeout,190,0.972567628416,21
Successful Closeout,191,0.973225728239,19
Successful Closeout,192,0.974230196391,29
Successful Closeout,193,0.974922933047,20
Successful Closeout,194,0.975754217034,24
Successful Closeout,195,0.976724048353,28
Successful Closeout,196,0.977278237678,16
Successful Closeout,197,0.977936337501,19
Successful Closeout,198,0.978594437325,19
Successful Closeout,199,0.979252537148,19
Successful Closeout,200,0.979945273804,20
Successful Closeout,201,0.980534099962,17
Successful Closeout,202,0.981503931281,28
Successful Closeout,203,0.982439125766,27
Successful Closeout,204,0.983547504416,32
Successful Closeout,205,0.984378788404,24
Successful Closeout,206,0.985313982889,27
Successful Closeout,207,0.986041356378,21
Successful Closeout,208,0.986907277199,25
Successful Closeout,209,0.987634650688,21
Successful Closeout,210,0.988258113678,18
Successful Closeout,211,0.988985487167,21
Successful Closeout,212,0.989366492328,11
Successful Closeout,213,0.990093865817,21
Successful Closeout,214,0.990474870978,11
Successful Closeout,215,0.991202244467,21
Successful Closeout,216,0.991721796959,15
Successful Closeout,217,0.99210280212,11
Successful Closeout,218,0.992518444113,12
Successful Closeout,219,0.992934086107,12
Successful Closeout,220,0.993315091268,11
Successful Closeout,221,0.993661459596,10
Successful Closeout,222,0.994007827924,10
Successful Closeout,223,0.994388833085,11
Successful Closeout,224,0.994769838246,11
Successful Closeout,225,0.99494302241,5
Successful Closeout,226,0.99518548024,7
Successful Closeout,227,0.995531848568,10
Successful Closeout,228,0.995635759066,3
Successful Closeout,229,0.995912853729,8
Successful Closeout,230,0.996016764227,3
Successful Closeout,231,0.996259222057,7
Successful Closeout,232,0.996467043054,6
Successful Closeout,233,0.996605590385,4
Successful Closeout,234,0.996744137716,4
Successful Closeout,235,0.996986595546,7
Successful Closeout,236,0.99715977971,5
Successful Closeout,237,0.997263690208,3
Successful Closeout,238,0.997332963874,2
Successful Closeout,239,0.997436874372,3
Successful Closeout,240,0.997540784871,3
Successful Closeout,241,0.997610058536,2
Successful Closeout,242,0.997679332202,2
Successful Closeout,243,0.997713969035,1
Successful Closeout,245,0.997748605867,1
Successful Closeout,246,0.997852516366,3
Successful Closeout,247,0.997921790032,2
Successful Closeout,249,0.997991063697,2
Successful Closeout,250,0.99802570053,1
Successful Closeout,251,0.998094974196,2
Successful Closeout,252,0.998164247861,2
Successful Closeout,253,0.998198884694,1
Successful Closeout,254,0.998233521527,1
Successful Closeout,256,0.998302795192,2
Successful Closeout,257,0.998372068858,2
Successful Closeout,258,0.998441342524,2
Successful Closeout,260,0.998475979356,1
Successful Closeout,261,0.998510616189,1
Successful Closeout,262,0.998545253022,1
Successful Closeout,264,0.998579889855,1
Successful Closeout,265,0.998614526688,1
Successful Closeout,266,0.99864916352,1
Successful Closeout,268,0.998683800353,1
Successful Closeout,269,0.998718437186,1
Successful Closeout,271,0.998787710852,2
Successful Closeout,272,0.998856984517,2
Successful Closeout,273,0.99889162135,1
Successful Closeout,276,0.998926258183,1
Successful Closeout,277,0.999030168681,3
Successful Closeout,278,0.999064805514,1
Successful Closeout,279,0.999099442347,1
Successful Closeout,280,0.99913407918,1
Successful Closeout,282,0.999168716013,1
Successful Closeout,283,0.999237989678,2
Successful Closeout,285,0.999272626511,1
Successful Closeout,286,0.999341900177,2
Successful Closeout,288,0.999376537009,1
Successful Closeout,289,0.999411173842,1
Successful Closeout,290,0.999445810675,1
Successful Closeout,294,0.999480447508,1
Successful Closeout,295,0.999515084341,1
Successful Closeout,299,0.999549721173,1
Successful Closeout,302,0.999584358006,1
Successful Closeout,303,0.999618994839,1
Successful Closeout,308,0.999653631672,1
Successful Closeout,311,0.999688268505,1
Successful Closeout,312,0.999722905338,1
Successful Closeout,321,0.99975754217,1
Successful Closeout,332,0.999792179003,1
Successful Closeout,351,0.999826815836,1
Successful Closeout,355,0.999861452669,1
Successful Closeout,364,0.999896089502,1
Successful Closeout,367,0.999930726334,1
Successful Closeout,389,0.999965363167,1
Successful Closeout,397,1,1
