Parameter_ID,Parameter_Label,Parameter_Type,Network_Location,Baseline_Value,Low_Value,High_Value,Low_Effect_Mean_Successful_Time,High_Effect_Mean_Successful_Time,MaxAbs_Effect_Mean_Successful_Time,Low_Effect_Successful_P90,High_Effect_Successful_P90,MaxAbs_Effect_Successful_P90,Low_Effect_Successful_P95,High_Effect_Successful_P95,MaxAbs_Effect_Successful_P95,Low_Effect_P_Success,High_Effect_P_Success,MaxAbs_Effect_P_Success,Low_Effect_P_NonImplementation,High_Effect_P_NonImplementation,MaxAbs_Effect_P_NonImplementation,Low_Effect_P_Dispute_Diversion,High_Effect_P_Dispute_Diversion,MaxAbs_Effect_P_Dispute_Diversion,Normalised_Mean_Successful_Time,Normalised_Successful_P90,Normalised_Successful_P95,Normalised_P_Success,Normalised_P_NonImplementation,Normalised_P_Dispute_Diversion,Normalised_Influence_Score,Normalisation_Method,Rank
e12,e12 S1 -> S2 (Routing Probability),Routing Probability,S1 -> S2,0.6,0.44999999999999996,0.75,-0.07906144081151467,0.0406115498479096,0.07906144081151467,0.0,0.0,0.0,-1.0,1.0,1.0,-0.14294000000000007,0.15274,0.15274,0.14294,-0.15274,0.15274,-0.005139999999999999,0.006400000000000003,0.006400000000000003,0.009705367093940535,0.0,0.015384615384615385,1.0,1.0,0.18454440599769326,1.0,Maximum absolute effect per output divided by the largest effect observed for that output; score is the maximum across six outputs,1
e56,e56 S5 -> S6 (Routing Probability),Routing Probability,S5 -> S6,0.9,0.675,0.99,6.670650514207026,-2.2494476366281333,6.670650514207026,53.0,-4.0,53.0,52.0,-18.0,52.0,7.999999999996898e-05,0.0011399999999999189,0.0011399999999999189,-8.00000000000245e-05,-0.0011400000000000299,0.0011400000000000299,0.014940000000000002,-0.005379999999999999,0.014940000000000002,0.8188708848616549,1.0,0.8,0.007463663742306658,0.0074636637423073846,0.4307958477508651,1.0,Maximum absolute effect per output divided by the largest effect observed for that output; score is the maximum across six outputs,2
e67,e67 S6 -> S7 (Routing Probability),Routing Probability,S6 -> S7,0.95,0.7124999999999999,0.99,8.14615666221178,-1.0182995971702837,8.14615666221178,27.0,-2.0,27.0,65.0,-6.0,65.0,-0.0020600000000000618,-0.0006200000000000649,0.0020600000000000618,0.0020600000000000063,0.0006200000000000094,0.0020600000000000063,0.03468,-0.004199999999999999,0.03468,1.0,0.5094339622641509,1.0,0.013486971323818658,0.013486971323818295,1.0,1.0,Maximum absolute effect per output divided by the largest effect observed for that output; score is the maximum across six outputs,3
e45,e45 S4 -> S5 (Routing Probability),Routing Probability,S4 -> S5,0.9,0.675,0.99,-0.9897329606566387,0.28583971912975414,0.9897329606566387,13.0,-4.0,13.0,13.0,-13.0,13.0,0.0008599999999999719,0.0020199999999999108,0.0020199999999999108,-0.0008600000000000274,-0.0020200000000000218,0.0020200000000000218,0.02998,-0.010259999999999998,0.02998,0.12149692200836146,0.24528301886792453,0.2,0.013225088385491102,0.013225088385491829,0.864475201845444,0.864475201845444,Maximum absolute effect per output divided by the largest effect observed for that output; score is the maximum across six outputs,4
e45,e45 S4 -> S5 (Duration Triplet),Duration Triplet,S4 -> S5,"[50.0, 60.0, 80.0]","[45.0, 54.0, 72.0]","[55.00000000000001, 66.0, 88.0]",-6.113331716947812,6.108863565515563,6.113331716947812,-7.0,7.0,7.0,-6.0,7.0,7.0,0.0,0.0,0.0,0.0,0.0,0.0,0.0,0.0,0.0,0.7504559475643534,0.1320754716981132,0.1076923076923077,0.0,0.0,0.0,0.7504559475643534,Maximum absolute effect per output divided by the largest effect observed for that output; score is the maximum across six outputs,5
e1T,e1T S1 -> ST (Routing Probability),Routing Probability,S1 -> ST,0.4,0.30000000000000004,0.5,0.05820831169718588,-0.15139138733516688,0.15139138733516688,0.0,0.0,0.0,2.0,0.0,2.0,0.10277999999999998,-0.09554000000000007,0.10277999999999998,-0.10278000000000004,0.09554000000000001,0.10278000000000004,0.004540000000000002,-0.003939999999999999,0.004540000000000002,0.01858439428711678,0.0,0.03076923076923077,0.6729082100301165,0.6729082100301168,0.13091118800461368,0.6729082100301168,Maximum absolute effect per output divided by the largest effect observed for that output; score is the maximum across six outputs,6
e24,e24 S2 -> S4 (Routing Probability),Routing Probability,S2 -> S4,0.9,0.675,0.99,2.28301131783347,-0.934663771097803,2.28301131783347,7.0,-3.0,7.0,5.0,-2.0,5.0,-0.04536000000000007,0.014639999999999986,0.04536000000000007,0.04536000000000001,-0.014639999999999986,0.04536000000000001,-0.0012599999999999972,0.00048000000000000126,0.0012599999999999972,0.28025624997170195,0.1320754716981132,0.07692307692307693,0.2969752520623286,0.2969752520623282,0.036332179930795766,0.2969752520623286,Maximum absolute effect per output divided by the largest effect observed for that output; score is the maximum across six outputs,7
e54,e54 S5 -> S4 (Routing Probability),Routing Probability,S5 -> S4,0.02,0.015,0.025,-0.36278983034767975,0.24051816701880568,0.36278983034767975,-1.0,1.0,1.0,-4.0,13.0,13.0,-0.0007600000000000939,0.0,0.0007600000000000939,0.0007599999999999829,0.0,0.0007599999999999829,-0.0001999999999999988,4.000000000000184e-05,0.0001999999999999988,0.044535091257277386,0.018867924528301886,0.2,0.004975775828205408,0.004975775828204681,0.005767012687427877,0.2,Maximum absolute effect per output divided by the largest effect observed for that output; score is the maximum across six outputs,8
e24,e24 S2 -> S4 (Duration Triplet),Duration Triplet,S2 -> S4,"[12.0, 15.0, 17.0]","[10.8, 13.5, 15.3]","[13.200000000000001, 16.5, 18.700000000000003]",-1.5032039070347452,1.4976620137854582,1.5032039070347452,-1.0,2.0,2.0,-2.0,2.0,2.0,0.0,0.0,0.0,0.0,0.0,0.0,0.0,0.0,0.0,0.18452921658231491,0.03773584905660377,0.03076923076923077,0.0,0.0,0.0,0.18452921658231491,Maximum absolute effect per output divided by the largest effect observed for that output; score is the maximum across six outputs,9
e56,e56 S5 -> S6 (Duration Triplet),Duration Triplet,S5 -> S6,"[10.0, 12.0, 14.0]","[9.0, 10.8, 12.6]","[11.0, 13.200000000000001, 15.400000000000002]",-1.0851026982092833,1.0825395725814815,1.0851026982092833,-1.0,1.0,1.0,-1.0,1.0,1.0,0.0,0.0,0.0,0.0,0.0,0.0,0.0,0.0,0.0,0.13320425118299464,0.018867924528301886,0.015384615384615385,0.0,0.0,0.0,0.13320425118299464,Maximum absolute effect per output divided by the largest effect observed for that output; score is the maximum across six outputs,10
e67,e67 S6 -> S7 (Duration Triplet),Duration Triplet,S6 -> S7,"[7.0, 10.0, 12.0]","[6.3, 9.0, 10.8]","[7.700000000000001, 11.0, 13.200000000000001]",-0.9369956011222342,0.9313151605417147,0.9369956011222342,-1.0,1.0,1.0,-1.0,1.0,1.0,0.0,0.0,0.0,0.0,0.0,0.0,0.0,0.0,0.0,0.11502302741963577,0.018867924528301886,0.015384615384615385,0.0,0.0,0.0,0.11502302741963577,Maximum absolute effect per output divided by the largest effect observed for that output; score is the maximum across six outputs,11
eD3,eD3 SD -> S3 (Routing Probability),Routing Probability,SD -> S3,0.9,0.675,0.99,-0.7647482332851894,0.2987225700240259,0.7647482332851894,-1.0,1.0,1.0,-6.0,4.0,6.0,-0.0022000000000000908,0.0012799999999999478,0.0022000000000000908,0.0021999999999999797,-0.0012800000000000034,0.0021999999999999797,-0.00023999999999999716,0.00012000000000000205,0.00023999999999999716,0.093878409782209,0.018867924528301886,0.09230769230769231,0.014403561607961838,0.01440356160796111,0.006920415224913413,0.093878409782209,Maximum absolute effect per output divided by the largest effect observed for that output; score is the maximum across six outputs,12
e12,e12 S1 -> S2 (Duration Triplet),Duration Triplet,S1 -> S2,"[5.0, 7.0, 10.0]","[4.5, 6.3, 9.0]","[5.5, 7.700000000000001, 11.0]",-0.732638287554991,0.73984274877904,0.73984274877904,-1.0,1.0,1.0,-1.0,1.0,1.0,0.0,0.0,0.0,0.0,0.0,0.0,0.0,0.0,0.0,0.09082108035203974,0.018867924528301886,0.015384615384615385,0.0,0.0,0.0,0.09082108035203974,Maximum absolute effect per output divided by the largest effect observed for that output; score is the maximum across six outputs,13
e4D,e4D S4 -> SD (Routing Probability),Routing Probability,S4 -> SD,0.02,0.015,0.025,-0.17372824232602113,0.16215245859031313,0.17372824232602113,-1.0,1.0,1.0,-1.0,1.0,1.0,0.0012399999999999078,0.0007800000000000029,0.0012399999999999078,-0.0012400000000000189,-0.0007800000000000029,0.0012400000000000189,-0.0027399999999999994,0.002960000000000001,0.002960000000000001,0.02132640575547829,0.018867924528301886,0.015384615384615385,0.008118371088123006,0.008118371088123733,0.08535178777393312,0.08535178777393312,Maximum absolute effect per output divided by the largest effect observed for that output; score is the maximum across six outputs,14
e52,e52 S5 -> S2 (Routing Probability),Routing Probability,S5 -> S2,0.01,0.0075,0.0125,-0.16360444965492604,0.21361155316806446,0.21361155316806446,0.0,1.0,1.0,-2.0,5.0,5.0,-0.00034000000000000696,7.999999999996898e-05,0.00034000000000000696,0.00034000000000000696,-8.00000000000245e-05,0.00034000000000000696,-3.999999999999837e-05,4.000000000000184e-05,4.000000000000184e-05,0.02622237234387613,0.018867924528301886,0.07692307692307693,0.002226004975775874,0.002226004975775874,0.0011534025374856354,0.07692307692307693,Maximum absolute effect per output divided by the largest effect observed for that output; score is the maximum across six outputs,15
e5D,e5D S5 -> SD (Routing Probability),Routing Probability,S5 -> SD,0.01,0.0075,0.0125,-0.20880729131559406,0.1476971429369911,0.20880729131559406,0.0,1.0,1.0,-2.0,5.0,5.0,-0.000320000000000098,0.00012000000000000899,0.000320000000000098,0.00031999999999998696,-0.00012000000000000899,0.00031999999999998696,-0.001519999999999997,0.0014800000000000021,0.001519999999999997,0.02563261424669193,0.018867924528301886,0.07692307692307693,0.0020950635066131857,0.002095063506612459,0.04382929642445205,0.07692307692307693,Maximum absolute effect per output divided by the largest effect observed for that output; score is the maximum across six outputs,16
e34,e34 S3 -> S4 (Routing Probability),Routing Probability,S3 -> S4,0.9,0.675,0.99,0.05773628356345739,-0.043396291523407626,0.05773628356345739,0.0,0.0,0.0,4.0,-1.0,4.0,-0.0013800000000000479,0.0006199999999999539,0.0013800000000000479,0.0013799999999999923,-0.0006200000000000094,0.0013799999999999923,0.00038000000000000186,-5.9999999999997555e-05,0.00038000000000000186,0.007087548884406219,0.0,0.06153846153846154,0.009034961372266911,0.009034961372266547,0.010957324106113086,0.06153846153846154,Maximum absolute effect per output divided by the largest effect observed for that output; score is the maximum across six outputs,17
e6D,e6D S6 -> SD (Routing Probability),Routing Probability,S6 -> SD,0.01,0.0075,0.0125,-0.17396370040719944,0.2587631816961107,0.2587631816961107,0.0,1.0,1.0,-2.0,4.0,4.0,-0.00021999999999999797,-9.999999999998899e-05,0.00021999999999999797,0.00021999999999999797,9.999999999998899e-05,0.00021999999999999797,-0.0011599999999999978,0.0012799999999999999,0.0012799999999999999,0.0317650632593964,0.018867924528301886,0.06153846153846154,0.001440356160796111,0.001440356160796111,0.03690888119953863,0.06153846153846154,Maximum absolute effect per output divided by the largest effect observed for that output; score is the maximum across six outputs,18
e46,e46 S4 -> S6 (Routing Probability),Routing Probability,S4 -> S6,0.05,0.037500000000000006,0.0625,0.43449722943481106,-0.4868309278408418,0.4868309278408418,0.0,0.0,0.0,1.0,-1.0,1.0,9.999999999998899e-05,0.0012399999999999078,0.0012399999999999078,-9.999999999998899e-05,-0.0012400000000000189,0.0012400000000000189,0.00034,-0.0003599999999999992,0.0003599999999999992,0.059762038471361946,0.0,0.015384615384615385,0.008118371088123006,0.008118371088123733,0.010380622837370219,0.059762038471361946,Maximum absolute effect per output divided by the largest effect observed for that output; score is the maximum across six outputs,19
e57,e57 S5 -> S7 (Routing Probability),Routing Probability,S5 -> S7,0.05,0.037500000000000006,0.0625,0.24458512397048082,-0.23609807634970537,0.24458512397048082,0.0,0.0,0.0,2.0,0.0,2.0,-0.00012000000000000899,0.0004999999999999449,0.0004999999999999449,0.00012000000000000899,-0.0005000000000000004,0.0005000000000000004,0.00028000000000000247,2.0000000000002655e-05,0.00028000000000000247,0.030024603517025045,0.0,0.03076923076923077,0.00327353672908174,0.0032735367290821034,0.008073817762399148,0.03076923076923077,Maximum absolute effect per output divided by the largest effect observed for that output; score is the maximum across six outputs,20
e43,e43 S4 -> S3 (Routing Probability),Routing Probability,S4 -> S3,0.02,0.015,0.025,-0.18797477230644688,0.110541795466645,0.18797477230644688,-1.0,1.0,1.0,-1.0,0.0,1.0,0.0006599999999999939,0.0013799999999999368,0.0013799999999999368,-0.0006599999999999939,-0.0013799999999999923,0.0013799999999999923,2.0000000000002655e-05,0.00010000000000000286,0.00010000000000000286,0.023075270965315496,0.018867924528301886,0.015384615384615385,0.009034961372266184,0.009034961372266547,0.0028835063437140387,0.023075270965315496,Maximum absolute effect per output divided by the largest effect observed for that output; score is the maximum across six outputs,21
e21,e21 S2 -> S1 (Routing Probability),Routing Probability,S2 -> S1,0.04,0.03,0.05,-0.17207741669645316,0.10801682326028583,0.17207741669645316,0.0,1.0,1.0,1.0,1.0,1.0,0.0013799999999999368,-0.0024200000000000887,0.0024200000000000887,-0.0013799999999999923,0.0024199999999999777,0.0024199999999999777,6.0000000000001025e-05,0.0,6.0000000000001025e-05,0.021123754898390582,0.018867924528301886,0.015384615384615385,0.01584391776875795,0.01584391776875722,0.001730103806228403,0.021123754898390582,Maximum absolute effect per output divided by the largest effect observed for that output; score is the maximum across six outputs,22
e22,e22 S2 -> S2 (Routing Probability),Routing Probability,S2 -> S2,0.04,0.03,0.05,-0.11299717539134235,0.0897826872861458,0.11299717539134235,-1.0,0.0,1.0,1.0,0.0,1.0,-0.0008799999999999919,-0.000520000000000076,0.0008799999999999919,0.0008799999999999919,0.0005199999999999649,0.0008799999999999919,2.0000000000002655e-05,4.000000000000184e-05,4.000000000000184e-05,0.013871225422844035,0.018867924528301886,0.015384615384615385,0.005761424643184444,0.005761424643184444,0.0011534025374856354,0.018867924528301886,Maximum absolute effect per output divided by the largest effect observed for that output; score is the maximum across six outputs,23
e42,e42 S4 -> S2 (Routing Probability),Routing Probability,S4 -> S2,0.01,0.0075,0.0125,-0.1131164435331442,0.05509930742293534,0.1131164435331442,-1.0,0.0,1.0,-1.0,0.0,1.0,0.00019999999999997797,0.0007399999999999629,0.0007399999999999629,-0.00020000000000003348,-0.0007400000000000184,0.0007400000000000184,-1.9999999999999185e-05,4.000000000000184e-05,4.000000000000184e-05,0.013885866455019996,0.018867924528301886,0.015384615384615385,0.0048448343590412665,0.00484483435904163,0.0011534025374856354,0.018867924528301886,Maximum absolute effect per output divided by the largest effect observed for that output; score is the maximum across six outputs,24
e2T,e2T S2 -> ST (Routing Probability),Routing Probability,S2 -> ST,0.01,0.0075,0.0125,-0.08255523766129613,-0.02453074564111546,0.08255523766129613,0.0,0.0,0.0,1.0,0.0,1.0,0.0010000000000000009,-0.001960000000000073,0.001960000000000073,-0.0010000000000000009,0.0019599999999999618,0.0019599999999999618,4.000000000000184e-05,-5.9999999999997555e-05,5.9999999999997555e-05,0.010134256077378383,0.0,0.015384615384615385,0.012832263978002311,0.012832263978001584,0.001730103806228303,0.015384615384615385,Maximum absolute effect per output divided by the largest effect observed for that output; score is the maximum across six outputs,25
e55,e55 S5 -> S5 (Routing Probability),Routing Probability,S5 -> S5,0.01,0.0075,0.0125,0.009975407848699547,-0.033232599077592795,0.033232599077592795,0.0,0.0,0.0,1.0,0.0,1.0,0.0,1.999999999990898e-05,1.999999999990898e-05,0.0,-2.0000000000020002e-05,2.0000000000020002e-05,0.0001799999999999996,-8.000000000000021e-05,0.0001799999999999996,0.00407954333013892,0.0,0.015384615384615385,0.00013094146916268812,0.00013094146916341496,0.0051903114186851096,0.015384615384615385,Maximum absolute effect per output divided by the largest effect observed for that output; score is the maximum across six outputs,26
eD7,eD7 SD -> S7 (Routing Probability),Routing Probability,SD -> S7,0.05,0.037500000000000006,0.0625,0.05955271864985434,-0.02650361513548205,0.05955271864985434,0.0,0.0,0.0,1.0,0.0,1.0,5.999999999994898e-05,0.00017999999999995797,0.00017999999999995797,-6.0000000000004494e-05,-0.00018000000000001348,0.00018000000000001348,6.0000000000001025e-05,2.0000000000002655e-05,6.0000000000001025e-05,0.007310529507259078,0.0,0.015384615384615385,0.001178473222469281,0.0011784732224696445,0.001730103806228403,0.015384615384615385,Maximum absolute effect per output divided by the largest effect observed for that output; score is the maximum across six outputs,27
eDT,eDT SD -> ST (Routing Probability),Routing Probability,SD -> ST,0.05,0.037500000000000006,0.0625,0.057507965797029215,-0.013894002999890631,0.057507965797029215,0.0,0.0,0.0,1.0,0.0,1.0,0.00027999999999994696,-0.00012000000000000899,0.00027999999999994696,-0.00028000000000000247,0.00012000000000000899,0.00028000000000000247,6.0000000000001025e-05,2.0000000000002655e-05,6.0000000000001025e-05,0.007059521217385366,0.0,0.015384615384615385,0.001833180568285629,0.0018331805682859925,0.001730103806228403,0.015384615384615385,Maximum absolute effect per output divided by the largest effect observed for that output; score is the maximum across six outputs,28
e66,e66 S6 -> S6 (Routing Probability),Routing Probability,S6 -> S6,0.04,0.03,0.05,-0.07317166975660427,0.060401926412694706,0.07317166975660427,0.0,0.0,0.0,0.0,0.0,0.0,-0.000500000000000056,-0.000140000000000029,0.000500000000000056,0.0005000000000000004,0.00013999999999997348,0.0005000000000000004,0.00014000000000000123,-9.99999999999994e-05,0.00014000000000000123,0.008982354844221383,0.0,0.0,0.0032735367290824668,0.0032735367290821034,0.004036908881199574,0.008982354844221383,Maximum absolute effect per output divided by the largest effect observed for that output; score is the maximum across six outputs,29
e54,e54 S5 -> S4 (Loop Cap),Loop Cap,S5 -> S4,2,1,3,-0.050520910374544314,0.0,0.050520910374544314,0.0,0.0,0.0,0.0,0.0,0.0,-0.000200000000000089,0.0,0.000200000000000089,0.00019999999999997797,0.0,0.00019999999999997797,-5.9999999999997555e-05,0.0,5.9999999999997555e-05,0.006201809327937388,0.0,0.0,0.001309414691633423,0.001309414691632696,0.001730103806228303,0.006201809327937388,Maximum absolute effect per output divided by the largest effect observed for that output; score is the maximum across six outputs,30
e23,e23 S2 -> S3 (Routing Probability),Routing Probability,S2 -> S3,0.01,0.0075,0.0125,-0.046724818555276215,0.013597657628238835,0.046724818555276215,0.0,0.0,0.0,0.0,0.0,0.0,-0.00036000000000002697,-0.000300000000000078,0.00036000000000002697,0.00035999999999997145,0.00029999999999996696,0.00035999999999997145,-3.999999999999837e-05,-9.99999999999994e-05,9.99999999999994e-05,0.005735811437560773,0.0,0.0,0.002356946444939289,0.0023569464449389255,0.0028835063437139385,0.005735811437560773,Maximum absolute effect per output divided by the largest effect observed for that output; score is the maximum across six outputs,31
e21,e21 S2 -> S1 (Loop Cap),Loop Cap,S2 -> S1,2,1,3,-0.04048576400030868,-0.0015063591219188766,0.04048576400030868,0.0,0.0,0.0,0.0,0.0,0.0,0.00025999999999992696,1.999999999990898e-05,0.00025999999999992696,-0.000260000000000038,-2.0000000000020002e-05,0.000260000000000038,2.0000000000002655e-05,0.0,2.0000000000002655e-05,0.00496992209689671,0.0,0.0,0.001702239099122214,0.001702239099122941,0.0005767012687428677,0.00496992209689671,Maximum absolute effect per output divided by the largest effect observed for that output; score is the maximum across six outputs,32
e42,e42 S4 -> S2 (Loop Cap),Loop Cap,S4 -> S2,2,1,3,-0.017484428288526033,0.0,0.017484428288526033,0.0,0.0,0.0,0.0,0.0,0.0,0.00015999999999993797,0.0,0.00015999999999993797,-0.00015999999999999348,0.0,0.00015999999999999348,0.0,0.0,0.0,0.0021463407854200043,0.0,0.0,0.001047531753305866,0.0010475317533062294,0.0,0.0021463407854200043,Maximum absolute effect per output divided by the largest effect observed for that output; score is the maximum across six outputs,33
e32,e32 S3 -> S2 (Routing Probability),Routing Probability,S3 -> S2,0.04,0.03,0.05,-0.016565052989150786,0.016229254572351692,0.016565052989150786,0.0,0.0,0.0,0.0,0.0,0.0,-0.000200000000000089,-0.000140000000000029,0.000200000000000089,0.00019999999999997797,0.00013999999999997348,0.00019999999999997797,-3.999999999999837e-05,-5.9999999999997555e-05,5.9999999999997555e-05,0.0020334807782414013,0.0,0.0,0.001309414691633423,0.001309414691632696,0.001730103806228303,0.0020334807782414013,Maximum absolute effect per output divided by the largest effect observed for that output; score is the maximum across six outputs,34
e33,e33 S3 -> S3 (Routing Probability),Routing Probability,S3 -> S3,0.04,0.03,0.05,-0.011574236754867684,0.013960184476459858,0.013960184476459858,0.0,0.0,0.0,0.0,0.0,0.0,-0.000160000000000049,-0.000160000000000049,0.000160000000000049,0.00015999999999999348,0.00015999999999999348,0.00015999999999999348,-1.9999999999999185e-05,-5.9999999999997555e-05,5.9999999999997555e-05,0.001713714215836048,0.0,0.0,0.0010475317533065929,0.0010475317533062294,0.001730103806228303,0.001730103806228303,Maximum absolute effect per output divided by the largest effect observed for that output; score is the maximum across six outputs,35
e3D,e3D S3 -> SD (Routing Probability),Routing Probability,S3 -> SD,0.01,0.0075,0.0125,-0.013285478671747342,0.008312839873923394,0.013285478671747342,0.0,0.0,0.0,0.0,0.0,0.0,-6.0000000000060005e-05,0.0,6.0000000000060005e-05,6.0000000000004494e-05,0.0,6.0000000000004494e-05,-3.999999999999837e-05,4.000000000000184e-05,4.000000000000184e-05,0.0016308891692908068,0.0,0.0,0.00039282440749024495,0.00039282440748988147,0.0011534025374856354,0.0016308891692908068,Maximum absolute effect per output divided by the largest effect observed for that output; score is the maximum across six outputs,36
e22,e22 S2 -> S2 (Loop Cap),Loop Cap,S2 -> S2,2,1,3,-0.0021438317814670427,0.001541576594334515,0.0021438317814670427,0.0,0.0,0.0,0.0,0.0,0.0,0.00019999999999997797,1.999999999990898e-05,0.00019999999999997797,-0.00020000000000003348,-2.0000000000020002e-05,0.00020000000000003348,-3.999999999999837e-05,0.0,3.999999999999837e-05,0.0002631709492418436,0.0,0.0,0.001309414691632696,0.0013094146916330595,0.0011534025374855354,0.0013094146916330595,Maximum absolute effect per output divided by the largest effect observed for that output; score is the maximum across six outputs,37
e43,e43 S4 -> S3 (Loop Cap),Loop Cap,S4 -> S3,2,1,3,0.003740132409745911,-0.006772026305227996,0.006772026305227996,0.0,0.0,0.0,0.0,0.0,0.0,-8.000000000008001e-05,-2.0000000000020002e-05,8.000000000008001e-05,7.999999999996898e-05,1.999999999996449e-05,7.999999999996898e-05,4.000000000000184e-05,-1.9999999999999185e-05,4.000000000000184e-05,0.0008313155007983003,0.0,0.0,0.0005237658766536599,0.000523765876652933,0.0011534025374856354,0.0011534025374856354,Maximum absolute effect per output divided by the largest effect observed for that output; score is the maximum across six outputs,38
e55,e55 S5 -> S5 (Loop Cap),Loop Cap,S5 -> S5,2,1,3,0.0066331370193211114,0.0,0.0066331370193211114,0.0,0.0,0.0,0.0,0.0,0.0,5.999999999994898e-05,0.0,5.999999999994898e-05,-6.0000000000004494e-05,0.0,6.0000000000004494e-05,2.0000000000002655e-05,0.0,2.0000000000002655e-05,0.0008142658304241517,0.0,0.0,0.00039282440748951805,0.00039282440748988147,0.0005767012687428677,0.0008142658304241517,Maximum absolute effect per output divided by the largest effect observed for that output; score is the maximum across six outputs,39
e52,e52 S5 -> S2 (Loop Cap),Loop Cap,S5 -> S2,2,1,3,-0.0006562178691780218,0.0,0.0006562178691780218,0.0,0.0,0.0,0.0,0.0,0.0,0.00012000000000000899,0.0,0.00012000000000000899,-0.00012000000000000899,0.0,0.00012000000000000899,0.0,0.0,0.0,8.055551794407189e-05,0.0,0.0,0.0007856488149797629,0.0007856488149797629,0.0,0.0007856488149797629,Maximum absolute effect per output divided by the largest effect observed for that output; score is the maximum across six outputs,40
e66,e66 S6 -> S6 (Loop Cap),Loop Cap,S6 -> S6,2,1,3,-0.0028925666585450927,0.0,0.0028925666585450927,0.0,0.0,0.0,0.0,0.0,0.0,-2.0000000000020002e-05,0.0,2.0000000000020002e-05,1.999999999996449e-05,0.0,1.999999999996449e-05,2.0000000000002655e-05,0.0,2.0000000000002655e-05,0.0003550836030398323,0.0,0.0,0.00013094146916341496,0.00013094146916305154,0.0005767012687428677,0.0005767012687428677,Maximum absolute effect per output divided by the largest effect observed for that output; score is the maximum across six outputs,41
e3T,e3T S3 -> ST (Routing Probability),Routing Probability,S3 -> ST,0.01,0.0075,0.0125,0.0010918195710871714,-0.0013861511955468586,0.0013861511955468586,0.0,0.0,0.0,0.0,0.0,0.0,5.999999999994898e-05,-4.0000000000040004e-05,5.999999999994898e-05,-6.0000000000004494e-05,3.999999999998449e-05,6.0000000000004494e-05,0.0,0.0,0.0,0.00017016014459639693,0.0,0.0,0.00039282440748951805,0.00039282440748988147,0.0,0.00039282440748988147,Maximum absolute effect per output divided by the largest effect observed for that output; score is the maximum across six outputs,42
e33,e33 S3 -> S3 (Loop Cap),Loop Cap,S3 -> S3,2,1,3,-0.0005888261577382536,0.0,0.0005888261577382536,0.0,0.0,0.0,0.0,0.0,0.0,0.0,0.0,0.0,0.0,0.0,0.0,0.0,0.0,0.0,7.228269503699677e-05,0.0,0.0,0.0,0.0,0.0,7.228269503699677e-05,Maximum absolute effect per output divided by the largest effect observed for that output; score is the maximum across six outputs,43
e32,e32 S3 -> S2 (Loop Cap),Loop Cap,S3 -> S2,2,1,3,0.0,0.0,0.0,0.0,0.0,0.0,0.0,0.0,0.0,0.0,0.0,0.0,0.0,0.0,0.0,0.0,0.0,0.0,0.0,0.0,0.0,0.0,0.0,0.0,0.0,Maximum absolute effect per output divided by the largest effect observed for that output; score is the maximum across six outputs,44
