Arc_Tag,Successful_Activation_Probability,Mean_Successful_Duration_Contribution,Pearson_Duration_Association,Screening_Score
e45,0.9466939143084756,61.617262997471514,0.8248385307716818,112.44155567847824
e24,0.9897821343216376,15.513040767552216,0.2976189414440605,20.130015539369662
e56,0.8957431332478958,11.279103598766929,0.39495666716184286,15.73386076470906
e67,0.9493955872675003,9.823906342004086,0.1264730471399288,11.066365711894614
e12,1.0,7.877177790862803,0.10301597309202044,8.688652926207386
e46,0.055280385161580826,2.513594956877143,-0.2708457836481943,3.194391552746682
e34,0.06359322503550276,1.000658099823352,0.5205446709868498,1.5215453411662252
e57,0.048630113262443285,0.5005715077413321,-0.10913594006559821,0.5552018498087362
e22,0.04246475702261785,0.4254442173807627,0.10172991350076441,0.4687246208143081
eD3,0.03522565896574417,0.2837795711960098,0.572069063978853,0.4461210848664315
e66,0.037546326763880714,0.29933150912680545,0.08114603279330825,0.32362107358247966
e54,0.019119531710020437,0.2034221190814312,0.4640490842722764,0.29781996716189535
e4D,0.0193966263724845,0.2030757507533511,0.20568611400495296,0.2448456127744463
e43,0.022132936164317135,0.17249142738388,0.18476247994584294,0.20436137127672396
e21,0.02646254026531814,0.14772609192615427,0.09964797180944114,0.16244669736993061
e5D,0.009906134183090299,0.10193619895396765,0.41587914326307335,0.1443293380424379
e52,0.009490492189394201,0.09968480482144712,0.39926093185827094,0.13948505288656796
e42,0.010875965501714524,0.11347026427903432,0.12868194519094245,0.12807183860779078
e6D,0.008416750372345953,0.08693845034810017,0.4105953867776552,0.12263497699462834
e23,0.011083786498562571,0.08558761386858786,0.056349798678367556,0.09041045867944465
e55,0.010321776176786394,0.05618094281458903,0.04699255600452403,0.05882102891619057
e32,0.0027016729590246267,0.03952062623393717,0.14030133372463854,0.0450654228041915
e33,0.002770946624640643,0.020712826019188807,0.10827631889191722,0.02295553457439529
eD7,0.001974299470056458,0.015136295937099512,-0.06224307580474768,0.016078425552515492
e3D,0.0007620103217761768,0.011845796820338749,0.0947229099522477,0.012967865165864319
e1T,0.0,0.0,0.0,0.0
e2T,0.0,0.0,0.0,0.0
e3T,0.0,0.0,0.0,0.0
eDT,0.0,0.0,0.0,0.0
