Scenario_ID,Replications,Seed,Distribution,Valid_Runs,Successful_Count,NonImplementation_Count,ComputationalTermination_Count,Mean_Successful_Time,Successful_Mean_SE,Successful_Mean_CI_Low,Successful_Mean_CI_High,Median_Successful_Time,Successful_P80,Successful_P80_CI_Low,Successful_P80_CI_High,Successful_P90,Successful_P90_CI_Low,Successful_P90_CI_High,Successful_P95,Successful_P95_CI_Low,Successful_P95_CI_High,Successful_Time_SD,P_Exceed_Tc_Given_Success,Tc_Working_Days,P_Success,P_Success_CI_Low,P_Success_CI_High,P_NonImplementation,P_NonImplementation_CI_Low,P_NonImplementation_CI_High,P_Dispute_Diversion,P_Dispute_CI_Low,P_Dispute_CI_High,P_Any_Loop,Expected_Total_Loop_Repetitions,Computational_Termination_Rate,Unconditional_Mean_Time_Mixed_Outcomes,Mean_Transition_Count,Renormalisation_Frequency,e22_Activation_Probability,e22_Mean_Repetitions,e22_Cap_Probability,e21_Activation_Probability,e21_Mean_Repetitions,e21_Cap_Probability,e33_Activation_Probability,e33_Mean_Repetitions,e33_Cap_Probability,e32_Activation_Probability,e32_Mean_Repetitions,e32_Cap_Probability,e43_Activation_Probability,e43_Mean_Repetitions,e43_Cap_Probability,e42_Activation_Probability,e42_Mean_Repetitions,e42_Cap_Probability,e55_Activation_Probability,e55_Mean_Repetitions,e55_Cap_Probability,e54_Activation_Probability,e54_Mean_Repetitions,e54_Cap_Probability,e52_Activation_Probability,e52_Mean_Repetitions,e52_Cap_Probability,e66_Activation_Probability,e66_Mean_Repetitions,e66_Cap_Probability,KDE_Bandwidth_Days,Meaningful_Mode_Count,Mode_Locations_Days,BIC_1_Component,BIC_2_Component,Delta_BIC_1_minus_2,GMM2_Mean_1,GMM2_Mean_2,GMM2_Weight_1,GMM2_Weight_2,Classification,Early_Exit_Arc,Early_Exit_Probability,Threshold_Result,Threshold_Low,Threshold_High
threshold_e1T_000,50000,42,beta_pert,50000,49317,683,0,112.87296469777156,0.10714560226904529,112.66296317622238,113.08296621932075,109.0,117.0,117.0,117.0,126.0,126.0,127.0,154.0,151.0,162.0,23.794285895596023,,,0.98634,0.9852845675472055,0.9873207079904991,0.01366,0.012679292009500869,0.014715432452794492,0.0406,0.03890507930546896,0.04236550591881546,0.17774,0.20364,0.0,111.80072,6.33276,0.00582,0.04164,0.04286,0.00122,0.0414,0.04304,0.00164,0.003,0.00312,0.00012,0.00268,0.00268,0.0,0.02092,0.02114,0.00022,0.01042,0.01056,0.00014,0.00952,0.00956,4e-05,0.02036,0.02076,0.0004,0.01038,0.01052,0.00014,0.03774,0.0394,0.00166,1.0,1,79.200,466306.84454421845,409671.9277812672,56634.91676295124,108.54388646748853,124.01649801649538,0.7895097720106,0.21049022798928937,weakly bimodal,e1T,0.0,Bimodality is already clear at the lowest tested probability (0.05).,,0.05
threshold_e1T_005,50000,42,beta_pert,50000,46794,3206,0,112.7311407445399,0.10857700388389019,112.5183337273782,112.9439477617016,109.0,117.0,117.0,117.0,126.0,126.0,127.0,153.0,149.0,158.0,23.48729154998067,,,0.93588,0.9336991483523869,0.9379938801901446,0.06412,0.06200611980985548,0.06630085164761317,0.03886,0.03720114276073863,0.04058970980853982,0.1701,0.19456,0.0,106.16714,6.1133,0.00542,0.03934,0.0406,0.00126,0.03938,0.04086,0.00148,0.00306,0.00318,0.00012,0.0029,0.0029,0.0,0.02066,0.021,0.00034,0.01026,0.01042,0.00016,0.00902,0.0091,8e-05,0.01848,0.0188,0.00032,0.00916,0.00928,0.00012,0.03708,0.03842,0.00134,1.0029679666765157,3,3.739;78.693;107.926,495122.73416311026,429429.81266843167,65692.9214946786,99.02243218120844,108.61112892366182,0.25488228372686755,0.745117716273275,clearly bimodal,e1T,0.05,Bimodality is already clear at the lowest tested probability (0.05).,,0.05
threshold_e1T_010,50000,42,beta_pert,50000,44227,5773,0,112.86793135415017,0.11271352770297051,112.6470168992819,113.08884580901845,109.0,117.0,117.0,117.0,127.0,126.0,127.0,155.0,151.0,162.0,23.7038987389461,,,0.88454,0.8817092522126976,0.8873116645436229,0.11546,0.1126883354563771,0.11829074778730231,0.037,0.035380711101248165,0.038690427250610095,0.1628,0.1858,0.0,100.67894,5.89352,0.00488,0.03802,0.03924,0.00122,0.03798,0.0393,0.00132,0.00284,0.00294,0.0001,0.00276,0.00276,0.0,0.01958,0.01986,0.00028,0.00984,0.00998,0.00014,0.00878,0.00884,6e-05,0.018,0.01836,0.00036,0.00938,0.00944,6e-05,0.03386,0.03508,0.00122,1.0029679666765157,4,3.208;17.687;78.816;106.968,512638.79872215167,445738.621858286,66900.1768638657,82.3943506056025,108.6113857904932,0.30256837718443697,0.6974316228155762,clearly bimodal,e1T,0.1,Bimodality is already clear at the lowest tested probability (0.05).,,0.05
threshold_e1T_015,50000,42,beta_pert,50000,41657,8343,0,112.77441966536236,0.11562788296752345,112.5477931791374,113.00104615158732,109.0,117.0,117.0,117.0,126.0,126.0,127.0,152.0,149.0,158.0,23.599704733545895,,,0.83314,0.8298463108629149,0.8363825033259876,0.16686,0.16361749667401232,0.170153689137085,0.03448,0.03291613389124043,0.03611539164991952,0.15418,0.17574,0.0,94.97502,5.66794,0.00442,0.03624,0.0375,0.00126,0.03552,0.0367,0.00118,0.00276,0.00284,8e-05,0.00272,0.00272,0.0,0.01928,0.0196,0.00032,0.00934,0.00944,0.0001,0.00826,0.00832,6e-05,0.0167,0.01712,0.00042,0.0085,0.00856,6e-05,0.032,0.03294,0.00094,1.2344221128326345,4,3.175;17.915;78.423;107.126,523632.31974547077,458949.50593966444,64682.813805806334,69.73458284220217,108.59779341717453,0.35053134354090937,0.6494686564590472,clearly bimodal,e1T,0.15,Bimodality is already clear at the lowest tested probability (0.05).,,0.05
threshold_e1T_020,50000,42,beta_pert,50000,39129,10871,0,112.8108308415753,0.11897230438314986,112.57764940982659,113.044012273324,109.0,117.0,117.0,117.0,126.0,125.0,127.0,154.0,150.0,160.0,23.533972847510427,,,0.78258,0.7789427913858282,0.7861737911725561,0.21742,0.213826208827444,0.2210572086141718,0.03224,0.030727315402110485,0.033824554307317636,0.14546,0.16586,0.0,89.48112,5.44672,0.00444,0.0342,0.0355,0.0013,0.03366,0.03476,0.0011,0.00234,0.00238,4e-05,0.0024,0.0024,0.0,0.01802,0.01834,0.00032,0.00856,0.00866,0.0001,0.00818,0.00824,6e-05,0.0159,0.01628,0.00038,0.00814,0.0082,6e-05,0.03008,0.0311,0.00102,2.23739007950915,4,3.534;17.221;79.217;107.397,531369.744963645,470543.0397715975,60826.70519204752,60.41795525310748,108.57680260589824,0.39651452755952754,0.6034854724404306,clearly bimodal,e1T,0.2,Bimodality is already clear at the lowest tested probability (0.05).,,0.05
threshold_e1T_025,50000,42,beta_pert,50000,36508,13492,0,112.53221211789197,0.12068231114466185,112.29567913447738,112.76874510130656,109.0,117.0,117.0,117.0,125.0,125.0,126.0,150.0,147.0,154.0,23.058849752518128,,,0.73016,0.7262517497830359,0.7340328869274098,0.26984,0.26596711307259024,0.27374825021696414,0.02908,0.02764296198138611,0.030589393251134623,0.13592,0.15388,0.0,83.53848,5.21004,0.0037,0.03186,0.033,0.00114,0.0326,0.03354,0.00094,0.00224,0.00228,4e-05,0.00198,0.00198,0.0,0.01626,0.01654,0.00028,0.00788,0.00794,6e-05,0.0078,0.00786,6e-05,0.01406,0.01436,0.0003,0.00726,0.00732,6e-05,0.02812,0.02906,0.00094,5.354164588605466,2,3.154;108.131,536633.5787077117,427799.6988541504,108833.87985356123,3.5031158045495183,110.24981783113559,0.25023103593849066,0.7497689640614412,clearly bimodal,e1T,0.25,Bimodality is already clear at the lowest tested probability (0.05).,,0.05
threshold_e1T_030,50000,42,beta_pert,50000,34010,15990,0,112.54980887974125,0.12505622225003055,112.30470318808855,112.79491457139395,108.0,117.0,117.0,117.0,125.0,125.0,126.0,151.0,148.0,155.0,23.06261882754215,,,0.6802,0.6760981983066257,0.6842741145853726,0.3198,0.3157258854146273,0.32390180169337435,0.02722,0.025829601139243874,0.028683039875856672,0.1255,0.1419,0.0,78.0819,4.98904,0.0033,0.02882,0.02988,0.00106,0.0303,0.03112,0.00082,0.00214,0.00218,4e-05,0.00182,0.00182,0.0,0.01512,0.0154,0.00028,0.00728,0.00736,8e-05,0.0072,0.00728,8e-05,0.01366,0.01392,0.00026,0.0069,0.00698,8e-05,0.0252,0.02596,0.00076,5.572898589549286,2,3.272;107.643,540637.6412888725,413526.2502753532,127111.39101351926,3.497100433298339,110.0726781421764,0.30016987784518,0.6998301221547023,clearly bimodal,e1T,0.3,Bimodality is already clear at the lowest tested probability (0.05).,,0.05
threshold_e1T_035,50000,42,beta_pert,50000,31512,18488,0,112.47594567149022,0.12970447678528654,112.22172956835745,112.730161774623,109.0,117.0,117.0,117.0,125.0,124.0,126.0,149.0,147.0,153.0,23.024645380703333,,,0.63024,0.6259988236450285,0.6344611654285224,0.36976,0.3655388345714776,0.37400117635497154,0.02468,0.02335617062466895,0.02607686065266425,0.11704,0.13254,0.0,72.56494,4.76864,0.00324,0.02706,0.02814,0.00108,0.02798,0.02872,0.00074,0.00174,0.00178,4e-05,0.00176,0.00176,0.0,0.01436,0.0146,0.00024,0.00694,0.00704,0.0001,0.00676,0.00684,8e-05,0.01248,0.01272,0.00024,0.00614,0.00622,8e-05,0.0239,0.02472,0.00082,5.724300221803958,2,3.408;108.091,543318.1411180297,397096.1607977678,146221.9803202619,3.5021351879935305,109.93106992544985,0.35108995516694536,0.6489100448329884,clearly bimodal,e1T,0.35,Bimodality is already clear at the lowest tested probability (0.05).,,0.05
threshold_e1T_040,50000,42,beta_pert,50000,28871,21129,0,112.49160056804406,0.135501192660854,112.22602311056657,112.75717802552155,109.0,117.0,117.0,117.0,125.0,124.0,126.0,149.0,146.0,153.0,23.023642396859973,,,0.57742,0.5730844581073772,0.5817436465768543,0.42258,0.4182563534231457,0.4269155418926228,0.02268,0.021411226849120436,0.02402211172130934,0.10812,0.12164,0.0,66.80548,4.53664,0.00276,0.0253,0.02614,0.00084,0.0263,0.02694,0.00064,0.0016,0.00164,4e-05,0.00158,0.00158,0.0,0.01296,0.01326,0.0003,0.00656,0.00664,8e-05,0.00596,0.00602,6e-05,0.01108,0.01132,0.00024,0.00564,0.0057,6e-05,0.02172,0.0224,0.00068,5.823573379020725,2,3.157;108.084,545037.5157192968,379325.09423011634,165712.42148918041,3.504751637887292,109.71200647073289,0.4039886591388312,0.5960113408611915,clearly bimodal,e1T,0.4,Bimodality is already clear at the lowest tested probability (0.05).,,0.05
threshold_e1T_045,50000,42,beta_pert,50000,26547,23453,0,112.41315402870381,0.14012642713981424,112.1385112782275,112.68779677918013,109.0,117.0,116.0,117.0,125.0,124.0,126.0,149.0,146.0,153.0,22.831149280776383,,,0.53094,0.526563576617463,0.5353116695583329,0.46906,0.4646883304416671,0.47343642338253683,0.02054,0.019333091078041858,0.021820576296001263,0.0998,0.112,0.0,61.69424,4.335,0.00222,0.02336,0.0241,0.00074,0.02472,0.02524,0.00052,0.00146,0.00148,2e-05,0.00162,0.00162,0.0,0.01224,0.01252,0.00028,0.00604,0.00606,2e-05,0.00496,0.00496,0.0,0.00994,0.01014,0.0002,0.00534,0.00536,2e-05,0.01986,0.02052,0.00066,5.850458738195514,2,3.837;108.314,545498.117616513,362742.6088317046,182755.50878480845,3.5020874388338235,109.3266468626144,0.45010730138624067,0.5498926986138013,clearly bimodal,e1T,0.45,Bimodality is already clear at the lowest tested probability (0.05).,,0.05
threshold_e1T_050,50000,42,beta_pert,50000,24094,25906,0,112.3402091807089,0.14794925230269984,112.05023397465598,112.63018438676181,109.0,117.0,116.0,117.0,125.0,124.0,126.0,149.0,146.0,153.0,22.965041136571507,,,0.48188,0.47750182622016096,0.48626095785529394,0.51812,0.513739042144706,0.522498173779839,0.01874,0.017587831227584696,0.019966112710245346,0.08996,0.10104,0.0,56.2831,4.11728,0.00206,0.02068,0.02128,0.0006,0.02204,0.02256,0.00052,0.00136,0.00138,2e-05,0.00142,0.00142,0.0,0.01132,0.01156,0.00024,0.00518,0.00518,0.0,0.0043,0.00432,2e-05,0.00888,0.00908,0.0002,0.00484,0.00486,2e-05,0.01868,0.0194,0.00072,5.8386869330850795,2,3.176;107.559,545296.7032544868,343298.03955542285,201998.66369906394,3.500238858886898,109.19004948629517,0.5005870402474177,0.499412959752583,clearly bimodal,e1T,0.5,Bimodality is already clear at the lowest tested probability (0.05).,,0.05
