Parameter_ID,Parameter_Label,Parameter_Type,Network_Location,Baseline,Low_Result,High_Result,Low_Delta,High_Delta,Maximum_Absolute_Effect
e56,e56 S5 -> S6,Routing Probability,S5 -> S6,125.0,178.0,121.0,53.0,-4.0,53.0
e67,e67 S6 -> S7,Routing Probability,S6 -> S7,125.0,152.0,123.0,27.0,-2.0,27.0
e45,e45 S4 -> S5,Routing Probability,S4 -> S5,125.0,138.0,121.0,13.0,-4.0,13.0
e24,e24 S2 -> S4,Routing Probability,S2 -> S4,125.0,132.0,122.0,7.0,-3.0,7.0
e21,e21 S2 -> S1,Routing Probability,S2 -> S1,125.0,125.0,126.0,0.0,1.0,1.0
e22,e22 S2 -> S2,Routing Probability,S2 -> S2,125.0,124.0,125.0,-1.0,0.0,1.0
e42,e42 S4 -> S2,Routing Probability,S4 -> S2,125.0,124.0,125.0,-1.0,0.0,1.0
e43,e43 S4 -> S3,Routing Probability,S4 -> S3,125.0,124.0,126.0,-1.0,1.0,1.0
e4D,e4D S4 -> SD,Routing Probability,S4 -> SD,125.0,124.0,126.0,-1.0,1.0,1.0
e52,e52 S5 -> S2,Routing Probability,S5 -> S2,125.0,125.0,126.0,0.0,1.0,1.0
e54,e54 S5 -> S4,Routing Probability,S5 -> S4,125.0,124.0,126.0,-1.0,1.0,1.0
e5D,e5D S5 -> SD,Routing Probability,S5 -> SD,125.0,125.0,126.0,0.0,1.0,1.0
e6D,e6D S6 -> SD,Routing Probability,S6 -> SD,125.0,125.0,126.0,0.0,1.0,1.0
eD3,eD3 SD -> S3,Routing Probability,SD -> S3,125.0,124.0,126.0,-1.0,1.0,1.0
e12,e12 S1 -> S2,Routing Probability,S1 -> S2,125.0,125.0,125.0,0.0,0.0,0.0
e1T,e1T S1 -> ST,Routing Probability,S1 -> ST,125.0,125.0,125.0,0.0,0.0,0.0
e23,e23 S2 -> S3,Routing Probability,S2 -> S3,125.0,125.0,125.0,0.0,0.0,0.0
e2T,e2T S2 -> ST,Routing Probability,S2 -> ST,125.0,125.0,125.0,0.0,0.0,0.0
e32,e32 S3 -> S2,Routing Probability,S3 -> S2,125.0,125.0,125.0,0.0,0.0,0.0
e33,e33 S3 -> S3,Routing Probability,S3 -> S3,125.0,125.0,125.0,0.0,0.0,0.0
e34,e34 S3 -> S4,Routing Probability,S3 -> S4,125.0,125.0,125.0,0.0,0.0,0.0
e3D,e3D S3 -> SD,Routing Probability,S3 -> SD,125.0,125.0,125.0,0.0,0.0,0.0
e3T,e3T S3 -> ST,Routing Probability,S3 -> ST,125.0,125.0,125.0,0.0,0.0,0.0
e46,e46 S4 -> S6,Routing Probability,S4 -> S6,125.0,125.0,125.0,0.0,0.0,0.0
e55,e55 S5 -> S5,Routing Probability,S5 -> S5,125.0,125.0,125.0,0.0,0.0,0.0
e57,e57 S5 -> S7,Routing Probability,S5 -> S7,125.0,125.0,125.0,0.0,0.0,0.0
e66,e66 S6 -> S6,Routing Probability,S6 -> S6,125.0,125.0,125.0,0.0,0.0,0.0
eD7,eD7 SD -> S7,Routing Probability,SD -> S7,125.0,125.0,125.0,0.0,0.0,0.0
eDT,eDT SD -> ST,Routing Probability,SD -> ST,125.0,125.0,125.0,0.0,0.0,0.0
e45,e45 S4 -> S5,Duration Triplet,S4 -> S5,125.0,118.0,132.0,-7.0,7.0,7.0
e24,e24 S2 -> S4,Duration Triplet,S2 -> S4,125.0,124.0,127.0,-1.0,2.0,2.0
e12,e12 S1 -> S2,Duration Triplet,S1 -> S2,125.0,124.0,126.0,-1.0,1.0,1.0
e56,e56 S5 -> S6,Duration Triplet,S5 -> S6,125.0,124.0,126.0,-1.0,1.0,1.0
e67,e67 S6 -> S7,Duration Triplet,S6 -> S7,125.0,124.0,126.0,-1.0,1.0,1.0
