Entity_Type,Entity_ID,Rounded_Duration,Probability
Activity,e12,5,0
Activity,e12,6,0.11387051828395446
Activity,e12,7,0.33763478032165056
Activity,e12,8,0.34412998363804487
Activity,e12,9,0.17773834696224922
Activity,e12,10,0.026626370794100906
Activity,e23,5,0
Activity,e23,6,0.11387051828395446
Activity,e23,7,0.33763478032165056
Activity,e23,8,0.34412998363804487
Activity,e23,9,0.17773834696224922
Activity,e23,10,0.026626370794100906
Activity,e34,10,0
Activity,e34,11,0.022742055456333326
Activity,e34,12,0.091128462827621132
Activity,e34,13,0.15236075084982098
Activity,e34,14,0.18527402947182958
Activity,e34,15,0.18570688478055647
Activity,e34,16,0.1584230988574884
Activity,e34,17,0.11356858633957734
Activity,e34,18,0.064169760622671879
Activity,e34,19,0.023727124708996183
Activity,e34,20,0.002899246085104723
Activity,e45,50,0
Activity,e45,51,0.003615236949348611
Activity,e45,52,0.01347352129687621
Activity,e45,53,0.024140455629838929
Activity,e45,54,0.034240751477064083
Activity,e45,55,0.043205161400529268
Activity,e45,56,0.050751644355419318
Activity,e45,57,0.056750668714486224
Activity,e45,58,0.061167346164055614
Activity,e45,59,0.064030599495853935
Activity,e45,60,0.065414413806855809
Activity,e45,61,0.065425335290482833
Activity,e45,62,0.064193538237889702
Activity,e45,63,0.061866082010046286
Activity,e45,64,0.058601585586230076
Activity,e45,65,0.054565856114598299
Activity,e45,66,0.049928176577166861
Activity,e45,67,0.044858054767948907
Activity,e45,68,0.039522293692048849
Activity,e45,69,0.034082278503088648
Activity,e45,70,0.028691395662073127
Activity,e45,71,0.02349251042363687
Activity,e45,72,0.018615430785169917
Activity,e45,73,0.01417427936261173
Activity,e45,74,0.010264676499191272
Activity,e45,75,0.0069606012004617135
Activity,e45,76,0.0043107247717076858
Activity,e45,77,0.0023338645852101214
Activity,e45,78,0.0010128665740800624
Activity,e45,79,0.0002852829566516446
Activity,e45,80,2.5367109377394392e-05
Activity,e56,10,0
Activity,e56,11,0.10351562500000007
Activity,e56,12,0.39648437499999928
Activity,e56,13,0.39648437500000056
Activity,e56,14,0.10351562500000011
Activity,e67,7,0
Activity,e67,8,0.026626370794100959
Activity,e67,9,0.17773834696224908
Activity,e67,10,0.34412998363804526
Activity,e67,11,0.3376347803216504
Activity,e67,12,0.11387051828395434
Total,PERT_Total,87,0
Total,PERT_Total,88,0
Total,PERT_Total,89,0
Total,PERT_Total,90,0
Total,PERT_Total,91,0
Total,PERT_Total,92,0
Total,PERT_Total,93,2.9383732400395599e-09
Total,PERT_Total,94,7.1019109745405571e-08
Total,PERT_Total,95,8.0769839068097806e-07
Total,PERT_Total,96,5.8037183148835775e-06
Total,PERT_Total,97,2.9834724756373032e-05
Total,PERT_Total,98,0.000117773797779866
Total,PERT_Total,99,0.0003742083095401773
Total,PERT_Total,100,0.00099053762400227226
Total,PERT_Total,101,0.0022440581216517951
Total,PERT_Total,102,0.0044485165116840445
Total,PERT_Total,103,0.0078621043904615832
Total,PERT_Total,104,0.012588619746909294
Total,PERT_Total,105,0.018516280159939214
Total,PERT_Total,106,0.025320663047786036
Total,PERT_Total,107,0.032528443284805919
Total,PERT_Total,108,0.03961511283033041
Total,PERT_Total,109,0.046101340267310942
Total,PERT_Total,110,0.051619201253029094
Total,PERT_Total,111,0.055936467131424548
Total,PERT_Total,112,0.058945679432908807
Total,PERT_Total,113,0.060635328223208301
Total,PERT_Total,114,0.061059509338086071
Total,PERT_Total,115,0.060314557817945959
Total,PERT_Total,116,0.058523677605649194
Total,PERT_Total,117,0.05582720600529837
Total,PERT_Total,118,0.052376047823239534
Total,PERT_Total,119,0.048326772680081634
Total,PERT_Total,120,0.04383763085713209
Total,PERT_Total,121,0.039065118748172256
Total,PERT_Total,122,0.034160880657395344
Total,PERT_Total,123,0.029268798330698627
Total,PERT_Total,124,0.024522143185811821
Total,PERT_Total,125,0.020040661085021599
Total,PERT_Total,126,0.015927431208587139
Total,PERT_Total,127,0.012265327682199153
Total,PERT_Total,128,0.0091130359425923377
Total,PERT_Total,129,0.0065010025475078902
Total,PERT_Total,130,0.0044284199959962588
Total,PERT_Total,131,0.0028629466034332486
Total,PERT_Total,132,0.0017446660011812508
Total,PERT_Total,133,0.00099452152606165902
Total,PERT_Total,134,0.00052568430673689815
Total,PERT_Total,135,0.00025508167451816083
Total,PERT_Total,136,0.00011231024322539475
Total,PERT_Total,137,4.4264869987993608e-05
Total,PERT_Total,138,1.5371258664903714e-05
Total,PERT_Total,139,4.6155565714609659e-06
Total,PERT_Total,140,1.1716629187168445e-06
Total,PERT_Total,141,2.4453346480498427e-07
Total,PERT_Total,142,4.0484803195441274e-08
Total,PERT_Total,143,5.0648508257632943e-09
Total,PERT_Total,144,4.4551077161299192e-10
Total,PERT_Total,145,2.4323599989280538e-11
Total,PERT_Total,146,6.1460659782302451e-13
