Duration,Frequency,Cumulative_Frequency,ECDF
97,4,4,8.0000000000000007e-05
98,5,9,0.00018000000000000001
99,12,21,0.00042000000000000002
100,43,64,0.0012800000000000001
101,104,168,0.0033600000000000001
102,234,402,0.0080400000000000003
103,384,786,0.015720000000000001
104,651,1437,0.028740000000000002
105,907,2344,0.046879999999999998
106,1254,3598,0.071959999999999996
107,1636,5234,0.10468
108,2019,7253,0.14505999999999999
109,2336,9589,0.19178000000000001
110,2632,12221,0.24442
111,2771,14992,0.29984
112,2928,17920,0.3584
113,2942,20862,0.41724
114,3067,23929,0.47858000000000001
115,3045,26974,0.53947999999999996
116,2943,29917,0.59833999999999998
117,2745,32662,0.65324000000000004
118,2555,35217,0.70433999999999997
119,2468,37685,0.75370000000000004
120,2136,39821,0.79642000000000002
121,1934,41755,0.83509999999999995
122,1702,43457,0.86914000000000002
123,1497,44954,0.89907999999999999
124,1220,46174,0.92347999999999997
125,1000,47174,0.94347999999999999
126,810,47984,0.95967999999999998
127,611,48595,0.97189999999999999
128,504,49099,0.98197999999999996
129,328,49427,0.98853999999999997
130,250,49677,0.99353999999999998
131,159,49836,0.99672000000000005
132,69,49905,0.99809999999999999
133,54,49959,0.99917999999999996
134,26,49985,0.99970000000000003
135,9,49994,0.99987999999999999
136,2,49996,0.99992000000000003
137,2,49998,0.99995999999999996
138,2,50000,1
