Percentile,Nearest_Rank_Value
1,103
2,104
3,105
4,105
5,106
6,106
7,106
8,107
9,107
10,107
11,108
12,108
13,108
14,108
15,109
16,109
17,109
18,109
19,109
20,110
21,110
22,110
23,110
24,110
25,111
26,111
27,111
28,111
29,111
30,112
31,112
32,112
33,112
34,112
35,112
36,113
37,113
38,113
39,113
40,113
41,113
42,114
43,114
44,114
45,114
46,114
47,114
48,115
49,115
50,115
51,115
52,115
53,115
54,116
55,116
56,116
57,116
58,116
59,116
60,117
61,117
62,117
63,117
64,117
65,117
66,118
67,118
68,118
69,118
70,118
71,119
72,119
73,119
74,119
75,119
76,120
77,120
78,120
79,120
80,121
81,121
82,121
83,121
84,122
85,122
86,122
87,123
88,123
89,123
90,124
91,124
92,124
93,125
94,125
95,126
96,127
97,127
98,128
99,130
