Checkpoint_N,Loop_ID,Activation_Probability
500,e22,0.025999999999999999
500,e21,0.032000000000000001
500,e33,0
500,e32,0.002
500,e43,0.016
500,e42,0.012
500,e55,0.0060000000000000001
500,e54,0.012
500,e52,0.0040000000000000001
500,e66,0.029999999999999999
1000,e22,0.023
1000,e21,0.024
1000,e33,0.002
1000,e32,0.002
1000,e43,0.010999999999999999
1000,e42,0.0080000000000000002
1000,e55,0.0050000000000000001
1000,e54,0.012999999999999999
1000,e52,0.0080000000000000002
1000,e66,0.025999999999999999
1500,e22,0.026666666666666668
1500,e21,0.02
1500,e33,0.002
1500,e32,0.0026666666666666666
1500,e43,0.011333333333333334
1500,e42,0.0066666666666666671
1500,e55,0.0046666666666666671
1500,e54,0.011333333333333334
1500,e52,0.0066666666666666671
1500,e66,0.028666666666666667
2000,e22,0.029000000000000001
2000,e21,0.021000000000000001
2000,e33,0.002
2000,e32,0.002
2000,e43,0.010999999999999999
2000,e42,0.0060000000000000001
2000,e55,0.0050000000000000001
2000,e54,0.0115
2000,e52,0.0070000000000000001
2000,e66,0.0275
2500,e22,0.026800000000000001
2500,e21,0.024799999999999999
2500,e33,0.0023999999999999998
2500,e32,0.0016000000000000001
2500,e43,0.012800000000000001
2500,e42,0.0060000000000000001
2500,e55,0.0047999999999999996
2500,e54,0.0095999999999999992
2500,e52,0.0071999999999999998
2500,e66,0.025600000000000001
3000,e22,0.029000000000000001
3000,e21,0.025333333333333333
3000,e33,0.0023333333333333335
3000,e32,0.002
3000,e43,0.013333333333333334
3000,e42,0.0060000000000000001
3000,e55,0.0053333333333333332
3000,e54,0.0093333333333333341
3000,e52,0.0066666666666666671
3000,e66,0.023666666666666666
3500,e22,0.028571428571428571
3500,e21,0.025142857142857144
3500,e33,0.002
3500,e32,0.0017142857142857142
3500,e43,0.012857142857142857
3500,e42,0.0060000000000000001
3500,e55,0.0051428571428571426
3500,e54,0.0091428571428571435
3500,e52,0.0071428571428571426
3500,e66,0.024285714285714285
4000,e22,0.029000000000000001
4000,e21,0.024500000000000001
4000,e33,0.00175
4000,e32,0.00175
4000,e43,0.0115
4000,e42,0.0060000000000000001
4000,e55,0.0050000000000000001
4000,e54,0.0092499999999999995
4000,e52,0.0070000000000000001
4000,e66,0.022499999999999999
4500,e22,0.028000000000000001
4500,e21,0.024444444444444446
4500,e33,0.0015555555555555555
4500,e32,0.0017777777777777779
4500,e43,0.011777777777777778
4500,e42,0.0071111111111111115
4500,e55,0.0048888888888888888
4500,e54,0.0097777777777777776
4500,e52,0.0075555555555555558
4500,e66,0.022444444444444444
5000,e22,0.028000000000000001
5000,e21,0.025000000000000001
5000,e33,0.0014
5000,e32,0.0016000000000000001
5000,e43,0.012200000000000001
5000,e42,0.0074000000000000003
5000,e55,0.0047999999999999996
5000,e54,0.0097999999999999997
5000,e52,0.0074000000000000003
5000,e66,0.023
5500,e22,0.028727272727272726
5500,e21,0.025636363636363638
5500,e33,0.0014545454545454545
5500,e32,0.0014545454545454545
5500,e43,0.011454545454545455
5500,e42,0.0074545454545454541
5500,e55,0.0045454545454545452
5500,e54,0.01
5500,e52,0.0074545454545454541
5500,e66,0.022727272727272728
6000,e22,0.028666666666666667
6000,e21,0.025499999999999998
6000,e33,0.0016666666666666668
6000,e32,0.0015
6000,e43,0.010999999999999999
6000,e42,0.0076666666666666662
6000,e55,0.0048333333333333336
6000,e54,0.01
6000,e52,0.0071666666666666667
6000,e66,0.022166666666666668
6500,e22,0.028153846153846154
6500,e21,0.025846153846153845
6500,e33,0.0015384615384615385
6500,e32,0.0013846153846153845
6500,e43,0.011384615384615385
6500,e42,0.0073846153846153844
6500,e55,0.0052307692307692307
6500,e54,0.01
6500,e52,0.0069230769230769233
6500,e66,0.021692307692307691
7000,e22,0.027857142857142858
7000,e21,0.025000000000000001
7000,e33,0.0014285714285714286
7000,e32,0.0012857142857142856
7000,e43,0.011428571428571429
7000,e42,0.0071428571428571426
7000,e55,0.0057142857142857143
7000,e54,0.010285714285714285
7000,e52,0.0065714285714285718
7000,e66,0.021428571428571429
7500,e22,0.028266666666666666
7500,e21,0.025066666666666668
7500,e33,0.0014666666666666667
7500,e32,0.0011999999999999999
7500,e43,0.011733333333333333
7500,e42,0.0070666666666666664
7500,e55,0.0057333333333333333
7500,e54,0.010533333333333334
7500,e52,0.0064000000000000003
7500,e66,0.020799999999999999
8000,e22,0.0275
8000,e21,0.024875000000000001
8000,e33,0.0013749999999999999
8000,e32,0.0011249999999999999
8000,e43,0.011625
8000,e42,0.0071250000000000003
8000,e55,0.0056249999999999998
8000,e54,0.010625000000000001
8000,e52,0.0061250000000000002
8000,e66,0.021624999999999998
8500,e22,0.027176470588235295
8500,e21,0.024941176470588234
8500,e33,0.0012941176470588236
8500,e32,0.0010588235294117646
8500,e43,0.011294117647058824
8500,e42,0.0068235294117647057
8500,e55,0.0055294117647058825
8500,e54,0.010588235294117647
8500,e52,0.0064705882352941177
8500,e66,0.021529411764705884
9000,e22,0.027
9000,e21,0.025333333333333333
9000,e33,0.0012222222222222222
9000,e32,0.0011111111111111111
9000,e43,0.011333333333333334
9000,e42,0.0064444444444444445
9000,e55,0.0052222222222222218
9000,e54,0.010777777777777778
9000,e52,0.0062222222222222219
9000,e66,0.021999999999999999
9500,e22,0.026947368421052633
9500,e21,0.025368421052631578
9500,e33,0.0012631578947368421
9500,e32,0.0011578947368421054
9500,e43,0.01168421052631579
9500,e42,0.006842105263157895
9500,e55,0.0053684210526315787
9500,e54,0.010421052631578947
9500,e52,0.0063157894736842104
9500,e66,0.021894736842105262
10000,e22,0.027199999999999998
10000,e21,0.024400000000000002
10000,e33,0.0012999999999999999
10000,e32,0.0011000000000000001
10000,e43,0.0118
10000,e42,0.0071000000000000004
10000,e55,0.0053
10000,e54,0.0106
10000,e52,0.0066
10000,e66,0.021899999999999999
10500,e22,0.027428571428571427
10500,e21,0.024761904761904763
10500,e33,0.0013333333333333333
10500,e32,0.0010476190476190477
10500,e43,0.012095238095238095
10500,e42,0.0068571428571428568
10500,e55,0.0052380952380952379
10500,e54,0.010761904761904762
10500,e52,0.0063809523809523813
10500,e66,0.021619047619047618
11000,e22,0.027181818181818182
11000,e21,0.024272727272727272
11000,e33,0.0012727272727272728
11000,e32,0.001090909090909091
11000,e43,0.012090909090909091
11000,e42,0.0067272727272727276
11000,e55,0.0055454545454545453
11000,e54,0.01090909090909091
11000,e52,0.0063636363636363638
11000,e66,0.02181818181818182
11500,e22,0.027130434782608695
11500,e21,0.024260869565217391
11500,e33,0.0014782608695652175
11500,e32,0.0011304347826086956
11500,e43,0.011739130434782608
11500,e42,0.0067826086956521738
11500,e55,0.0056521739130434784
11500,e54,0.010869565217391304
11500,e52,0.0060869565217391303
11500,e66,0.021565217391304348
12000,e22,0.02775
12000,e21,0.024166666666666666
12000,e33,0.0014166666666666668
12000,e32,0.0010833333333333333
12000,e43,0.011916666666666667
12000,e42,0.0072500000000000004
12000,e55,0.0055833333333333334
12000,e54,0.010749999999999999
12000,e52,0.0061666666666666667
12000,e66,0.021333333333333333
12500,e22,0.027359999999999999
12500,e21,0.024320000000000001
12500,e33,0.0015200000000000001
12500,e32,0.0010399999999999999
12500,e43,0.01192
12500,e42,0.0071199999999999996
12500,e55,0.0055999999999999999
12500,e54,0.0104
12500,e52,0.0061599999999999997
12500,e66,0.02104
13000,e22,0.027153846153846153
13000,e21,0.024153846153846154
13000,e33,0.0014615384615384616
13000,e32,0.001
13000,e43,0.012076923076923077
13000,e42,0.007076923076923077
13000,e55,0.005615384615384615
13000,e54,0.010307692307692308
13000,e52,0.0061538461538461538
13000,e66,0.020692307692307694
13500,e22,0.027037037037037037
13500,e21,0.024
13500,e33,0.0014074074074074073
13500,e32,0.00096296296296296299
13500,e43,0.012074074074074074
13500,e42,0.0073333333333333332
13500,e55,0.0054814814814814813
13500,e54,0.010444444444444444
13500,e52,0.0060000000000000001
13500,e66,0.021111111111111112
14000,e22,0.027
14000,e21,0.024500000000000001
14000,e33,0.0013571428571428571
14000,e32,0.00092857142857142856
14000,e43,0.012142857142857143
14000,e42,0.007285714285714286
14000,e55,0.0054285714285714284
14000,e54,0.010357142857142856
14000,e52,0.0060714285714285714
14000,e66,0.021142857142857144
14500,e22,0.02696551724137931
14500,e21,0.024551724137931035
14500,e33,0.0013793103448275861
14500,e32,0.00096551724137931036
14500,e43,0.012344827586206896
14500,e42,0.007241379310344828
14500,e55,0.0055172413793103444
14500,e54,0.010482758620689656
14500,e52,0.0060000000000000001
14500,e66,0.020896551724137929
15000,e22,0.027266666666666668
15000,e21,0.024866666666666665
15000,e33,0.0013333333333333333
15000,e32,0.001
15000,e43,0.0124
15000,e42,0.0073333333333333332
15000,e55,0.0058666666666666667
15000,e54,0.010466666666666668
15000,e52,0.005933333333333333
15000,e66,0.020666666666666667
15500,e22,0.026967741935483871
15500,e21,0.024709677419354838
15500,e33,0.0012903225806451613
15500,e32,0.0010322580645161291
15500,e43,0.012516129032258065
15500,e42,0.0075483870967741938
15500,e55,0.00567741935483871
15500,e54,0.01064516129032258
15500,e52,0.0058709677419354839
15500,e66,0.020709677419354838
16000,e22,0.0271875
16000,e21,0.025000000000000001
16000,e33,0.0013125000000000001
16000,e32,0.001
16000,e43,0.012562500000000001
16000,e42,0.0074999999999999997
16000,e55,0.0056874999999999998
16000,e54,0.010812499999999999
16000,e52,0.0061250000000000002
16000,e66,0.021125000000000001
16500,e22,0.026848484848484847
16500,e21,0.025030303030303031
16500,e33,0.0012727272727272728
16500,e32,0.00096969696969696967
16500,e43,0.012484848484848484
16500,e42,0.0073939393939393937
16500,e55,0.0056969696969696969
16500,e54,0.011030303030303031
16500,e52,0.0061818181818181816
16500,e66,0.021393939393939392
17000,e22,0.02676470588235294
17000,e21,0.025000000000000001
17000,e33,0.0013529411764705882
17000,e32,0.0010588235294117646
17000,e43,0.012588235294117647
17000,e42,0.0072941176470588233
17000,e55,0.0055882352941176473
17000,e54,0.011117647058823529
17000,e52,0.0060588235294117649
17000,e66,0.021411764705882352
17500,e22,0.026514285714285716
17500,e21,0.0252
17500,e33,0.0014285714285714286
17500,e32,0.0011999999999999999
17500,e43,0.012685714285714286
17500,e42,0.0074857142857142856
17500,e55,0.0056571428571428571
17500,e54,0.010857142857142857
17500,e52,0.0058857142857142858
17500,e66,0.021371428571428572
18000,e22,0.026277777777777778
18000,e21,0.025555555555555557
18000,e33,0.0013888888888888889
18000,e32,0.0011666666666666668
18000,e43,0.012666666666666666
18000,e42,0.0074444444444444445
18000,e55,0.005611111111111111
18000,e54,0.010999999999999999
18000,e52,0.0057222222222222223
18000,e66,0.021055555555555557
18500,e22,0.026324324324324324
18500,e21,0.025621621621621623
18500,e33,0.0014054054054054054
18500,e32,0.0011351351351351351
18500,e43,0.01254054054054054
18500,e42,0.0072972972972972974
18500,e55,0.00572972972972973
18500,e54,0.010918918918918918
18500,e52,0.00572972972972973
18500,e66,0.021297297297297298
19000,e22,0.026052631578947369
19000,e21,0.025947368421052632
19000,e33,0.0013684210526315789
19000,e32,0.0011578947368421054
19000,e43,0.012526315789473684
19000,e42,0.0072105263157894737
19000,e55,0.0057894736842105266
19000,e54,0.010789473684210526
19000,e52,0.0057368421052631582
19000,e66,0.021315789473684212
19500,e22,0.025948717948717948
19500,e21,0.025948717948717948
19500,e33,0.0013846153846153845
19500,e32,0.0011794871794871796
19500,e43,0.012871794871794871
19500,e42,0.0071282051282051282
19500,e55,0.0058974358974358976
19500,e54,0.010717948717948718
19500,e52,0.0058461538461538464
19500,e66,0.021435897435897435
20000,e22,0.026200000000000001
20000,e21,0.026249999999999999
20000,e33,0.0013500000000000001
20000,e32,0.00125
20000,e43,0.0129
20000,e42,0.0071500000000000001
20000,e55,0.0057999999999999996
20000,e54,0.010500000000000001
20000,e52,0.0059500000000000004
20000,e66,0.02145
20500,e22,0.026146341463414633
20500,e21,0.026292682926829267
20500,e33,0.0013170731707317074
20500,e32,0.0012682926829268293
20500,e43,0.012926829268292682
20500,e42,0.0070731707317073173
20500,e55,0.0057073170731707316
20500,e54,0.010585365853658537
20500,e52,0.0059024390243902439
20500,e66,0.021317073170731709
21000,e22,0.026095238095238095
21000,e21,0.026190476190476191
21000,e33,0.0014285714285714286
21000,e32,0.001238095238095238
21000,e43,0.012857142857142857
21000,e42,0.0070000000000000001
21000,e55,0.0057142857142857143
21000,e54,0.010571428571428572
21000,e52,0.0058571428571428568
21000,e66,0.021476190476190475
21500,e22,0.026046511627906978
21500,e21,0.026279069767441862
21500,e33,0.0013953488372093023
21500,e32,0.0012093023255813954
21500,e43,0.012930232558139534
21500,e42,0.0070232558139534888
21500,e55,0.0057209302325581394
21500,e54,0.010651162790697674
21500,e52,0.0058604651162790702
21500,e66,0.021348837209302324
22000,e22,0.026363636363636363
22000,e21,0.02640909090909091
22000,e33,0.0014545454545454545
22000,e32,0.0012272727272727272
22000,e43,0.012954545454545455
22000,e42,0.0068636363636363634
22000,e55,0.005681818181818182
22000,e54,0.010636363636363637
22000,e52,0.0058181818181818178
22000,e66,0.021636363636363638
22500,e22,0.026355555555555556
22500,e21,0.026533333333333332
22500,e33,0.0014222222222222223
22500,e32,0.0011999999999999999
22500,e43,0.012888888888888889
22500,e42,0.0068888888888888888
22500,e55,0.0056444444444444441
22500,e54,0.010800000000000001
22500,e52,0.0059111111111111109
22500,e66,0.021866666666666666
23000,e22,0.025913043478260869
23000,e21,0.026695652173913044
23000,e33,0.0014347826086956522
23000,e32,0.001217391304347826
23000,e43,0.012913043478260869
23000,e42,0.0070000000000000001
23000,e55,0.0057826086956521737
23000,e54,0.010782608695652174
23000,e52,0.0058695652173913039
23000,e66,0.022043478260869564
23500,e22,0.025999999999999999
23500,e21,0.026553191489361701
23500,e33,0.0014468085106382979
23500,e32,0.0013191489361702128
23500,e43,0.013063829787234043
23500,e42,0.0069361702127659578
23500,e55,0.005914893617021277
23500,e54,0.010851063829787235
23500,e52,0.0058723404255319146
23500,e66,0.021999999999999999
24000,e22,0.026374999999999999
24000,e21,0.026624999999999999
24000,e33,0.0014583333333333334
24000,e32,0.0013333333333333333
24000,e43,0.013083333333333334
24000,e42,0.0070000000000000001
24000,e55,0.0059166666666666664
24000,e54,0.010791666666666666
24000,e52,0.005875
24000,e66,0.021916666666666668
24500,e22,0.026326530612244898
24500,e21,0.026693877551020408
24500,e33,0.0014693877551020407
24500,e32,0.0013877551020408164
24500,e43,0.012938775510204082
24500,e42,0.006979591836734694
24500,e55,0.0059591836734693877
24500,e54,0.010857142857142857
24500,e52,0.0059591836734693877
24500,e66,0.021918367346938774
25000,e22,0.026440000000000002
25000,e21,0.026720000000000001
25000,e33,0.0014400000000000001
25000,e32,0.0014400000000000001
25000,e43,0.012919999999999999
25000,e42,0.0070000000000000001
25000,e55,0.0060000000000000001
25000,e54,0.01076
25000,e52,0.00596
25000,e66,0.022200000000000001
25500,e22,0.026235294117647058
25500,e21,0.026588235294117649
25500,e33,0.001411764705882353
25500,e32,0.001411764705882353
25500,e43,0.012980392156862745
25500,e42,0.0069019607843137255
25500,e55,0.0059607843137254903
25500,e54,0.010784313725490196
25500,e52,0.0059215686274509804
25500,e66,0.02203921568627451
26000,e22,0.02646153846153846
26000,e21,0.026576923076923078
26000,e33,0.0013846153846153845
26000,e32,0.0015
26000,e43,0.012999999999999999
26000,e42,0.0069615384615384617
26000,e55,0.0059230769230769233
26000,e54,0.010692307692307692
26000,e52,0.005807692307692308
26000,e66,0.021999999999999999
26500,e22,0.026301886792452829
26500,e21,0.026716981132075473
26500,e33,0.0013962264150943395
26500,e32,0.0015471698113207547
26500,e43,0.013132075471698113
26500,e42,0.0069433962264150943
26500,e55,0.0058867924528301883
26500,e54,0.010716981132075473
26500,e52,0.0058867924528301883
26500,e66,0.022188679245283019
27000,e22,0.02614814814814815
27000,e21,0.026814814814814816
27000,e33,0.0013703703703703703
27000,e32,0.0015555555555555555
27000,e43,0.013222222222222222
27000,e42,0.006851851851851852
27000,e55,0.0057777777777777775
27000,e54,0.01074074074074074
27000,e52,0.0058888888888888888
27000,e66,0.022148148148148149
27500,e22,0.026072727272727272
27500,e21,0.026618181818181819
27500,e33,0.0013818181818181818
27500,e32,0.0016000000000000001
27500,e43,0.013127272727272727
27500,e42,0.0068363636363636361
27500,e55,0.0057818181818181822
27500,e54,0.010763636363636364
27500,e52,0.0058181818181818178
27500,e66,0.021999999999999999
28000,e22,0.025928571428571429
28000,e21,0.026785714285714284
28000,e33,0.0013571428571428571
28000,e32,0.0015714285714285715
28000,e43,0.012964285714285715
28000,e42,0.0068214285714285712
28000,e55,0.0057499999999999999
28000,e54,0.010714285714285714
28000,e52,0.0058571428571428568
28000,e66,0.022071428571428572
28500,e22,0.02607017543859649
28500,e21,0.026842105263157896
28500,e33,0.0013333333333333333
28500,e32,0.001543859649122807
28500,e43,0.013122807017543859
28500,e42,0.0067368421052631583
28500,e55,0.0057192982456140355
28500,e54,0.010807017543859649
28500,e52,0.0057894736842105266
28500,e66,0.021929824561403508
29000,e22,0.026103448275862071
29000,e21,0.026724137931034484
29000,e33,0.0013793103448275861
29000,e32,0.0015172413793103448
29000,e43,0.012999999999999999
29000,e42,0.0066551724137931031
29000,e55,0.0056896551724137934
29000,e54,0.010827586206896552
29000,e52,0.0058620689655172415
29000,e66,0.02189655172413793
29500,e22,0.026101694915254239
29500,e21,0.02671186440677966
29500,e33,0.0014237288135593221
29500,e32,0.0015593220338983051
29500,e43,0.013084745762711864
29500,e42,0.0067457627118644066
29500,e55,0.0056610169491525426
29500,e54,0.010745762711864407
29500,e52,0.0057627118644067799
29500,e66,0.021898305084745762
30000,e22,0.026066666666666665
30000,e21,0.026733333333333335
30000,e33,0.0014
30000,e32,0.0015333333333333334
30000,e43,0.013166666666666667
30000,e42,0.0066666666666666671
30000,e55,0.0056333333333333331
30000,e54,0.010800000000000001
30000,e52,0.0057333333333333333
30000,e66,0.022033333333333332
30500,e22,0.026032786885245903
30500,e21,0.026754098360655738
30500,e33,0.0014098360655737704
30500,e32,0.0015409836065573771
30500,e43,0.013180327868852459
30500,e42,0.0066229508196721312
30500,e55,0.0056065573770491799
30500,e54,0.010852459016393442
30500,e52,0.0057704918032786883
30500,e66,0.022032786885245903
31000,e22,0.026064516129032256
31000,e21,0.026741935483870969
31000,e33,0.0013870967741935485
31000,e32,0.0015161290322580644
31000,e43,0.013129032258064516
31000,e42,0.0066129032258064515
31000,e55,0.0055806451612903226
31000,e54,0.010806451612903226
31000,e52,0.0057419354838709677
31000,e66,0.022032258064516128
31500,e22,0.025936507936507938
31500,e21,0.026857142857142857
31500,e33,0.0013968253968253967
31500,e32,0.001492063492063492
31500,e43,0.012952380952380953
31500,e42,0.006634920634920635
31500,e55,0.005619047619047619
31500,e54,0.010825396825396825
31500,e52,0.0058095238095238096
31500,e66,0.021968253968253967
32000,e22,0.025937499999999999
32000,e21,0.02678125
32000,e33,0.0014062499999999999
32000,e32,0.00146875
32000,e43,0.012906249999999999
32000,e42,0.0066562499999999998
32000,e55,0.0055937499999999998
32000,e54,0.010843749999999999
32000,e52,0.0057812499999999999
32000,e66,0.022062499999999999
32500,e22,0.026030769230769232
32500,e21,0.026676923076923077
32500,e33,0.0014461538461538461
32500,e32,0.0014461538461538461
32500,e43,0.012861538461538461
32500,e42,0.0067076923076923077
32500,e55,0.0057538461538461537
32500,e54,0.010707692307692307
32500,e52,0.0057538461538461537
32500,e66,0.022030769230769232
33000,e22,0.026060606060606062
33000,e21,0.026727272727272728
33000,e33,0.0014545454545454545
33000,e32,0.0014848484848484849
33000,e43,0.012848484848484849
33000,e42,0.0066060606060606058
33000,e55,0.0057272727272727275
33000,e54,0.010696969696969696
33000,e52,0.0056666666666666671
33000,e66,0.021939393939393939
33500,e22,0.026029850746268658
33500,e21,0.026567164179104479
33500,e33,0.0014925373134328358
33500,e32,0.0014626865671641791
33500,e43,0.012835820895522388
33500,e42,0.0066268656716417908
33500,e55,0.0057611940298507459
33500,e54,0.010626865671641792
33500,e52,0.0056417910447761196
33500,e66,0.02182089552238806
34000,e22,0.025941176470588235
34000,e21,0.026588235294117649
34000,e33,0.0015294117647058824
34000,e32,0.0014705882352941176
34000,e43,0.012794117647058824
34000,e42,0.0066176470588235293
34000,e55,0.0058235294117647057
34000,e54,0.010705882352941176
34000,e52,0.0056470588235294121
34000,e66,0.021764705882352939
34500,e22,0.025942028985507248
34500,e21,0.026521739130434784
34500,e33,0.001536231884057971
34500,e32,0.0014492753623188406
34500,e43,0.012869565217391304
34500,e42,0.0066666666666666671
34500,e55,0.0058550724637681162
34500,e54,0.010666666666666666
34500,e52,0.0057101449275362322
34500,e66,0.021826086956521738
35000,e22,0.0258
35000,e21,0.026714285714285715
35000,e33,0.0015428571428571429
35000,e32,0.0014571428571428572
35000,e43,0.012971428571428571
35000,e42,0.0066571428571428571
35000,e55,0.0058571428571428568
35000,e54,0.010771428571428571
35000,e52,0.0056857142857142861
35000,e66,0.0218
35500,e22,0.025915492957746478
35500,e21,0.026647887323943662
35500,e33,0.0015211267605633803
35500,e32,0.0014366197183098592
35500,e43,0.013014084507042254
35500,e42,0.0066478873239436617
35500,e55,0.0058309859154929578
35500,e54,0.010788732394366196
35500,e52,0.0056619718309859155
35500,e66,0.021859154929577466
36000,e22,0.025805555555555557
36000,e21,0.026749999999999999
36000,e33,0.0015
36000,e32,0.0014444444444444444
36000,e43,0.012999999999999999
36000,e42,0.006611111111111111
36000,e55,0.0058888888888888888
36000,e54,0.010749999999999999
36000,e52,0.0056944444444444447
36000,e66,0.021749999999999999
36500,e22,0.025753424657534246
36500,e21,0.026712328767123289
36500,e33,0.0014794520547945205
36500,e32,0.001452054794520548
36500,e43,0.012958904109589041
36500,e42,0.0065479452054794524
36500,e55,0.0058904109589041093
36500,e54,0.010712328767123287
36500,e52,0.005726027397260274
36500,e66,0.021780821917808221
37000,e22,0.025918918918918919
37000,e21,0.026810810810810812
37000,e33,0.0014594594594594594
37000,e32,0.0015405405405405405
37000,e43,0.012945945945945945
37000,e42,0.0065405405405405403
37000,e55,0.0058378378378378375
37000,e54,0.010675675675675676
37000,e52,0.0057027027027027029
37000,e66,0.021810810810810811
37500,e22,0.025973333333333334
37500,e21,0.026773333333333333
37500,e33,0.0015200000000000001
37500,e32,0.0015466666666666667
37500,e43,0.012986666666666667
37500,e42,0.0065599999999999999
37500,e55,0.0058666666666666667
37500,e54,0.01064
37500,e52,0.0056800000000000002
37500,e66,0.021760000000000002
38000,e22,0.025868421052631579
38000,e21,0.026789473684210526
38000,e33,0.0015526315789473684
38000,e32,0.0015263157894736842
38000,e43,0.012921052631578948
38000,e42,0.0065526315789473681
38000,e55,0.0058684210526315792
38000,e54,0.010605263157894737
38000,e52,0.0056842105263157899
38000,e66,0.021657894736842105
38500,e22,0.025714285714285714
38500,e21,0.026649350649350648
38500,e33,0.0015584415584415584
38500,e32,0.0015064935064935064
38500,e43,0.012857142857142857
38500,e42,0.0065714285714285718
38500,e55,0.00587012987012987
38500,e54,0.010519480519480519
38500,e52,0.0056883116883116886
38500,e66,0.021610389610389611
39000,e22,0.025589743589743589
39000,e21,0.026564102564102562
39000,e33,0.0015384615384615385
39000,e32,0.0014871794871794872
39000,e43,0.012794871794871794
39000,e42,0.006615384615384615
39000,e55,0.0058974358974358976
39000,e54,0.010589743589743589
39000,e52,0.0057179487179487183
39000,e66,0.021615384615384616
39500,e22,0.025620253164556961
39500,e21,0.026556962025316457
39500,e33,0.0015696202531645569
39500,e32,0.0014936708860759493
39500,e43,0.012860759493670887
39500,e42,0.0066075949367088611
39500,e55,0.0059240506329113927
39500,e54,0.010556962025316455
39500,e52,0.0056962025316455696
39500,e66,0.021569620253164556
40000,e22,0.025675
40000,e21,0.026624999999999999
40000,e33,0.0015499999999999999
40000,e32,0.0015250000000000001
40000,e43,0.012800000000000001
40000,e42,0.0065500000000000003
40000,e55,0.0059500000000000004
40000,e54,0.0106
40000,e52,0.0057000000000000002
40000,e66,0.021675
40500,e22,0.025703703703703704
40500,e21,0.026543209876543211
40500,e33,0.0015555555555555555
40500,e32,0.0015308641975308641
40500,e43,0.012814814814814815
40500,e42,0.0065679012345679008
40500,e55,0.0059259259259259256
40500,e54,0.010617283950617284
40500,e52,0.0057283950617283948
40500,e66,0.021679012345679011
41000,e22,0.02570731707317073
41000,e21,0.026682926829268292
41000,e33,0.0015853658536585367
41000,e32,0.0015365853658536586
41000,e43,0.012756097560975609
41000,e42,0.0065853658536585364
41000,e55,0.005926829268292683
41000,e54,0.010682926829268293
41000,e52,0.0058048780487804878
41000,e66,0.021634146341463413
41500,e22,0.025662650602409638
41500,e21,0.026650602409638555
41500,e33,0.0015903614457831326
41500,e32,0.0015421686746987951
41500,e43,0.012698795180722892
41500,e42,0.0065783132530120485
41500,e55,0.0059036144578313255
41500,e54,0.01074698795180723
41500,e52,0.0057590361445783132
41500,e66,0.021566265060240963
42000,e22,0.025642857142857144
42000,e21,0.02642857142857143
42000,e33,0.0015952380952380953
42000,e32,0.0015714285714285715
42000,e43,0.012690476190476191
42000,e42,0.0065714285714285718
42000,e55,0.0059047619047619048
42000,e54,0.010761904761904762
42000,e52,0.0057142857142857143
42000,e66,0.021571428571428571
42500,e22,0.025552941176470587
42500,e21,0.026329411764705882
42500,e33,0.0015764705882352942
42500,e32,0.0015764705882352942
42500,e43,0.012752941176470588
42500,e42,0.0066588235294117648
42500,e55,0.0059058823529411766
42500,e54,0.010894117647058823
42500,e52,0.0056941176470588235
42500,e66,0.021529411764705884
43000,e22,0.025441860465116279
43000,e21,0.026372093023255813
43000,e33,0.0015813953488372093
43000,e32,0.0015581395348837209
43000,e43,0.012790697674418604
43000,e42,0.0066976744186046508
43000,e55,0.0058837209302325579
43000,e54,0.010906976744186047
43000,e52,0.0056976744186046507
43000,e66,0.021441860465116279
43500,e22,0.025425287356321838
43500,e21,0.026413793103448276
43500,e33,0.0015862068965517241
43500,e32,0.0016091954022988506
43500,e43,0.012850574712643678
43500,e42,0.0066436781609195399
43500,e55,0.0058620689655172415
43500,e54,0.010919540229885057
43500,e52,0.0056321839080459768
43500,e66,0.021586206896551725
44000,e22,0.02543181818181818
44000,e21,0.026363636363636363
44000,e33,0.0015681818181818182
44000,e32,0.001590909090909091
44000,e43,0.012749999999999999
44000,e42,0.0066363636363636364
44000,e55,0.005909090909090909
44000,e54,0.010886363636363637
44000,e52,0.0056590909090909088
44000,e66,0.021522727272727273
44500,e22,0.025415730337078651
44500,e21,0.02642696629213483
44500,e33,0.0015730337078651685
44500,e32,0.0015955056179775282
44500,e43,0.012741573033707865
44500,e42,0.0066067415730337075
44500,e55,0.0058876404494382023
44500,e54,0.010876404494382022
44500,e52,0.0057528089887640453
44500,e66,0.021505617977528091
45000,e22,0.025311111111111111
45000,e21,0.02651111111111111
45000,e33,0.0015555555555555555
45000,e32,0.0016000000000000001
45000,e43,0.012755555555555555
45000,e42,0.0066222222222222221
45000,e55,0.005933333333333333
45000,e54,0.010866666666666667
45000,e52,0.0057333333333333333
45000,e66,0.021688888888888889
45500,e22,0.025208791208791208
45500,e21,0.026483516483516482
45500,e33,0.0015604395604395605
45500,e32,0.0015824175824175825
45500,e43,0.012835164835164834
45500,e42,0.0065714285714285718
45500,e55,0.0058901098901098905
45500,e54,0.010769230769230769
45500,e52,0.0056923076923076927
45500,e66,0.021670329670329669
46000,e22,0.025152173913043478
46000,e21,0.026521739130434784
46000,e33,0.0015652173913043479
46000,e32,0.0015869565217391305
46000,e43,0.012891304347826087
46000,e42,0.0065869565217391308
46000,e55,0.0058913043478260874
46000,e54,0.010869565217391304
46000,e52,0.0056521739130434784
46000,e66,0.021652173913043478
46500,e22,0.025182795698924731
46500,e21,0.026580645161290321
46500,e33,0.0016129032258064516
46500,e32,0.0015913978494623655
46500,e43,0.013075268817204302
46500,e42,0.0065376344086021509
46500,e55,0.0058924731182795698
46500,e54,0.010903225806451613
46500,e52,0.0056344086021505374
46500,e66,0.021655913978494624
47000,e22,0.025297872340425531
47000,e21,0.026574468085106384
47000,e33,0.0015957446808510637
47000,e32,0.0015957446808510637
47000,e43,0.012999999999999999
47000,e42,0.0065531914893617021
47000,e55,0.005914893617021277
47000,e54,0.010893617021276596
47000,e52,0.0056382978723404252
47000,e66,0.02170212765957447
47500,e22,0.025263157894736842
47500,e21,0.026484210526315791
47500,e33,0.0016210526315789473
47500,e32,0.0015789473684210526
47500,e43,0.013094736842105263
47500,e42,0.0065894736842105261
47500,e55,0.0059578947368421056
47500,e54,0.010968421052631579
47500,e52,0.0056421052631578945
47500,e66,0.021600000000000001
48000,e22,0.025333333333333333
48000,e21,0.026479166666666668
48000,e33,0.0016249999999999999
48000,e32,0.0015833333333333333
48000,e43,0.013062499999999999
48000,e42,0.0065208333333333333
48000,e55,0.0059791666666666665
48000,e54,0.010999999999999999
48000,e52,0.0056458333333333334
48000,e66,0.021749999999999999
48500,e22,0.025216494845360825
48500,e21,0.026309278350515462
48500,e33,0.0016082474226804123
48500,e32,0.0015876288659793815
48500,e43,0.013030927835051546
48500,e42,0.006536082474226804
48500,e55,0.0060000000000000001
48500,e54,0.011092783505154639
48500,e52,0.0056494845360824742
48500,e66,0.021773195876288658
49000,e22,0.025183673469387755
49000,e21,0.026244897959183673
49000,e33,0.0016122448979591837
49000,e32,0.0015918367346938775
49000,e43,0.012959183673469387
49000,e42,0.0065306122448979594
49000,e55,0.0060000000000000001
49000,e54,0.011061224489795919
49000,e52,0.0056530612244897957
49000,e66,0.021857142857142856
49500,e22,0.025272727272727273
49500,e21,0.026282828282828283
49500,e33,0.001595959595959596
49500,e32,0.001595959595959596
49500,e43,0.01294949494949495
49500,e42,0.0065454545454545453
49500,e55,0.0059595959595959598
49500,e54,0.011070707070707071
49500,e52,0.0056363636363636364
49500,e66,0.021797979797979799
50000,e22,0.0253
50000,e21,0.0263
50000,e33,0.0016000000000000001
50000,e32,0.00158
50000,e43,0.012959999999999999
50000,e42,0.0065599999999999999
50000,e55,0.00596
50000,e54,0.01108
50000,e52,0.00564
50000,e66,0.02172
