Checkpoint_N,Dispute_Probability
500,0.02
1000,0.024
1500,0.024
2000,0.0235
2500,0.024
3000,0.023666666666666666
3500,0.022857142857142857
4000,0.023
4500,0.023333333333333334
5000,0.023800000000000002
5500,0.023454545454545454
6000,0.024166666666666666
6500,0.024307692307692308
7000,0.023857142857142858
7500,0.024400000000000002
8000,0.024
8500,0.024470588235294119
9000,0.024
9500,0.02368421052631579
10000,0.0241
10500,0.023904761904761904
11000,0.023727272727272729
11500,0.02373913043478261
12000,0.024
12500,0.02368
13000,0.023230769230769232
13500,0.023481481481481482
14000,0.023214285714285715
14500,0.023103448275862068
15000,0.023266666666666668
15500,0.02335483870967742
16000,0.023625
16500,0.023212121212121212
17000,0.023117647058823531
17500,0.023085714285714286
18000,0.023055555555555555
18500,0.022972972972972974
19000,0.022684210526315789
19500,0.022820512820512822
20000,0.0229
20500,0.022780487804878048
21000,0.022523809523809522
21500,0.022325581395348838
22000,0.022272727272727274
22500,0.02191111111111111
23000,0.021739130434782608
23500,0.021617021276595743
24000,0.021874999999999999
24500,0.022040816326530613
25000,0.022200000000000001
25500,0.02219607843137255
26000,0.02226923076923077
26500,0.022301886792452829
27000,0.022518518518518518
27500,0.022509090909090909
28000,0.022499999999999999
28500,0.0223859649122807
29000,0.022482758620689654
29500,0.022305084745762711
30000,0.022200000000000001
30500,0.022196721311475411
31000,0.022419354838709677
31500,0.02238095238095238
32000,0.022374999999999999
32500,0.022523076923076923
33000,0.022545454545454546
33500,0.022537313432835823
34000,0.022647058823529412
34500,0.022579710144927535
35000,0.02242857142857143
35500,0.022422535211267604
36000,0.022333333333333334
36500,0.022493150684931507
37000,0.022459459459459461
37500,0.02256
38000,0.022631578947368423
38500,0.022675324675324675
39000,0.022564102564102566
39500,0.022481012658227849
40000,0.022599999999999999
40500,0.022592592592592591
41000,0.022585365853658536
41500,0.022578313253012048
42000,0.022571428571428572
42500,0.022635294117647059
43000,0.022604651162790697
43500,0.02257471264367816
44000,0.022545454545454546
44500,0.022584269662921347
45000,0.022488888888888888
45500,0.022571428571428572
46000,0.022652173913043479
46500,0.022645161290322579
47000,0.022553191489361701
47500,0.022484210526315791
48000,0.022541666666666668
48500,0.022536082474226803
49000,0.022571428571428572
49500,0.022545454545454546
50000,0.022679999999999999
