Checkpoint_N,Mean,SD,P50,P80,P90,P95,P99
500,114.85599999999999,6.4884098919420694,114,121,124,127,129
1000,115.125,6.296588125486851,115,121,124,126,129
1500,115.22066666666667,6.3097687498571089,115,121,124,126,129
2000,115.22750000000001,6.2928168193394018,115,121,124,126,130
2500,115.2184,6.2471683413298518,115,121,124,126,130
3000,115.181,6.2180753040493926,115,121,124,126,130
3500,115.30228571428572,6.1918961160489596,115,121,124,126,130
4000,115.26125,6.1679420648080594,115,121,124,126,130
4500,115.30866666666667,6.1355413936287446,115,121,124,126,130
5000,115.289,6.13369411045971,115,121,124,126,130
5500,115.27,6.1345768622438799,115,121,124,126,130
6000,115.24866666666667,6.137842487983062,115,121,124,126,130
6500,115.25676923076924,6.1393828827437744,115,121,124,126,130
7000,115.24542857142858,6.1540721282514053,115,121,124,126,130
7500,115.25706666666666,6.1390125475435164,115,121,124,126,130
8000,115.28149999999999,6.1457895417217463,115,121,124,126,130
8500,115.27458823529412,6.1436227591700181,115,121,124,126,130
9000,115.25622222222222,6.1620083477749503,115,121,124,126,130
9500,115.23399999999999,6.1504697833285409,115,121,124,126,130
10000,115.2379,6.1605274774064593,115,121,124,126,130
10500,115.24390476190476,6.1608156197347634,115,121,124,126,130
11000,115.24581818181818,6.1681392035464864,115,121,124,126,130
11500,115.22,6.1686264551909824,115,121,124,126,130
12000,115.214,6.1669311590120195,115,121,124,126,130
12500,115.22256,6.1656782508872032,115,121,124,126,130
13000,115.23099999999999,6.1656325523936504,115,121,124,126,130
13500,115.21414814814815,6.1696987313814891,115,121,124,126,130
14000,115.21442857142857,6.1650877281167862,115,121,124,126,130
14500,115.2108275862069,6.1620779705745408,115,121,124,126,130
15000,115.20999999999999,6.1582812776958864,115,121,124,126,130
15500,115.20851612903226,6.1626348257918204,115,121,124,126,130
16000,115.2134375,6.1723081598657261,115,121,124,126,130
16500,115.21303030303031,6.171490099397662,115,121,124,126,130
17000,115.22129411764706,6.1587786321814511,115,121,124,126,130
17500,115.21228571428571,6.1633865732843445,115,121,124,126,130
18000,115.21116666666667,6.1591047783463111,115,121,124,126,130
18500,115.18935135135135,6.1563221844594711,115,121,124,126,130
19000,115.19526315789474,6.1499310879177065,115,121,124,126,130
19500,115.20235897435897,6.1485178358180068,115,121,124,126,130
20000,115.1922,6.1517437655975131,115,121,124,126,130
20500,115.1890731707317,6.1507286256970657,115,121,124,126,130
21000,115.18804761904762,6.1455294145386921,115,121,124,126,130
21500,115.18455813953489,6.1475405010403934,115,121,124,126,130
22000,115.18113636363637,6.1467839134985809,115,121,124,126,130
22500,115.17937777777777,6.1451111324539722,115,121,124,126,130
23000,115.17952173913044,6.1451908312587182,115,121,124,126,130
23500,115.16936170212766,6.1432255705342316,115,121,123,126,130
24000,115.166625,6.1364020472609662,115,121,123,126,130
24500,115.16477551020408,6.1367593025929397,115,121,123,126,130
25000,115.16612000000001,6.1330603064660068,115,121,123,126,130
25500,115.16180392156863,6.1319030640138568,115,121,123,126,130
26000,115.15896153846154,6.1357203170179773,115,121,123,126,130
26500,115.16430188679246,6.1393882114005152,115,121,123,126,130
27000,115.164,6.1394881597339586,115,121,123,126,130
27500,115.15843636363637,6.1443912230649635,115,121,123,126,130
28000,115.15460714285715,6.1489357821665385,115,121,123,126,130
28500,115.15084210526315,6.1491130194222361,115,121,123,126,130
29000,115.14875862068965,6.1462296585382479,115,121,123,126,130
29500,115.14962711864406,6.1435519156223686,115,121,123,126,130
30000,115.15266666666666,6.1441531482773009,115,121,123,126,130
30500,115.1572131147541,6.1409532939196048,115,121,123,126,130
31000,115.15264516129032,6.1410028471051019,115,121,123,126,130
31500,115.15358730158731,6.1446290939029682,115,121,123,126,130
32000,115.15996875,6.1483074948868088,115,121,123,126,130
32500,115.16089230769231,6.1473633727727623,115,121,123,126,130
33000,115.16327272727273,6.149728019854785,115,121,124,126,130
33500,115.16474626865671,6.1499219431600034,115,121,123,126,130
34000,115.16379411764706,6.1512185977037968,115,121,123,126,130
34500,115.16684057971014,6.1513696011683869,115,121,124,126,130
35000,115.16945714285714,6.1541526590486972,115,121,124,126,130
35500,115.17340845070423,6.1566645489986476,115,121,124,126,130
36000,115.18283333333333,6.1567589252256916,115,121,124,126,130
36500,115.18030136986302,6.158420814372807,115,121,124,126,130
37000,115.179,6.1619439117616555,115,121,124,126,130
37500,115.18093333333333,6.1647933125881202,115,121,124,126,130
38000,115.17881578947369,6.1632653950877128,115,121,124,126,130
38500,115.17535064935065,6.1646651479250743,115,121,124,126,130
39000,115.17510256410256,6.1624612143533435,115,121,124,126,130
39500,115.17503797468355,6.1628362860341266,115,121,124,126,130
40000,115.173625,6.1616011305980614,115,121,124,126,130
40500,115.17814814814815,6.1617089736344717,115,121,124,126,130
41000,115.18153658536585,6.164682704053603,115,121,124,126,130
41500,115.18436144578314,6.164399247440163,115,121,124,126,130
42000,115.185,6.1676239725132902,115,121,124,126,130
42500,115.18729411764706,6.1673660604024132,115,121,124,126,130
43000,115.18530232558139,6.1675850880256915,115,121,124,126,130
43500,115.18308045977011,6.1695954731054323,115,121,124,126,130
44000,115.18661363636363,6.1717369106868443,115,121,124,126,130
44500,115.18766292134832,6.17041491687419,115,121,124,126,130
45000,115.18855555555555,6.1693564711589373,115,121,124,126,130
45500,115.18753846153847,6.1684856362364791,115,121,124,126,130
46000,115.19186956521739,6.1681802785948578,115,121,124,126,130
46500,115.19049462365591,6.168052695439151,115,121,124,126,130
47000,115.19,6.1700880541090717,115,121,124,126,130
47500,115.1930947368421,6.1696114339455947,115,121,124,126,130
48000,115.18885416666667,6.1706818813746995,115,121,124,126,130
48500,115.1878969072165,6.1656693534894504,115,121,124,126,130
49000,115.18404081632653,6.1651660175776053,115,121,124,126,130
49500,115.18050505050505,6.1659904736757234,115,121,124,126,130
50000,115.17843999999999,6.1684001288505099,115,121,124,126,130
