Checkpoint_N,Loop_ID,Cap_Reached_Probability
500,e22,0.0040000000000000001
500,e21,0
500,e33,0
500,e32,0
500,e43,0
500,e42,0
500,e55,0
500,e54,0.002
500,e52,0
500,e66,0
1000,e22,0.002
1000,e21,0
1000,e33,0
1000,e32,0
1000,e43,0
1000,e42,0
1000,e55,0
1000,e54,0.001
1000,e52,0
1000,e66,0
1500,e22,0.0013333333333333333
1500,e21,0
1500,e33,0
1500,e32,0
1500,e43,0.00066666666666666664
1500,e42,0
1500,e55,0
1500,e54,0.00066666666666666664
1500,e52,0
1500,e66,0.00066666666666666664
2000,e22,0.001
2000,e21,0
2000,e33,0
2000,e32,0
2000,e43,0.00050000000000000001
2000,e42,0
2000,e55,0
2000,e54,0.00050000000000000001
2000,e52,0
2000,e66,0.00050000000000000001
2500,e22,0.00080000000000000004
2500,e21,0
2500,e33,0
2500,e32,0
2500,e43,0.00080000000000000004
2500,e42,0
2500,e55,0
2500,e54,0.00040000000000000002
2500,e52,0
2500,e66,0.00040000000000000002
3000,e22,0.001
3000,e21,0
3000,e33,0
3000,e32,0
3000,e43,0.00066666666666666664
3000,e42,0
3000,e55,0
3000,e54,0.00033333333333333332
3000,e52,0
3000,e66,0.00066666666666666664
3500,e22,0.0008571428571428571
3500,e21,0
3500,e33,0
3500,e32,0
3500,e43,0.00057142857142857147
3500,e42,0
3500,e55,0
3500,e54,0.00057142857142857147
3500,e52,0
3500,e66,0.0008571428571428571
4000,e22,0.001
4000,e21,0
4000,e33,0
4000,e32,0
4000,e43,0.00050000000000000001
4000,e42,0
4000,e55,0
4000,e54,0.00050000000000000001
4000,e52,0
4000,e66,0.001
4500,e22,0.00088888888888888893
4500,e21,0
4500,e33,0
4500,e32,0
4500,e43,0.00044444444444444447
4500,e42,0
4500,e55,0
4500,e54,0.00044444444444444447
4500,e52,0
4500,e66,0.00088888888888888893
5000,e22,0.001
5000,e21,0.00020000000000000001
5000,e33,0
5000,e32,0
5000,e43,0.00040000000000000002
5000,e42,0
5000,e55,0
5000,e54,0.00040000000000000002
5000,e52,0
5000,e66,0.00080000000000000004
5500,e22,0.00090909090909090909
5500,e21,0.00036363636363636361
5500,e33,0
5500,e32,0
5500,e43,0.00036363636363636361
5500,e42,0
5500,e55,0
5500,e54,0.00036363636363636361
5500,e52,0
5500,e66,0.00072727272727272723
6000,e22,0.00083333333333333339
6000,e21,0.00033333333333333332
6000,e33,0
6000,e32,0
6000,e43,0.00033333333333333332
6000,e42,0
6000,e55,0
6000,e54,0.00033333333333333332
6000,e52,0
6000,e66,0.00066666666666666664
6500,e22,0.00076923076923076923
6500,e21,0.0003076923076923077
6500,e33,0
6500,e32,0
6500,e43,0.0003076923076923077
6500,e42,0
6500,e55,0
6500,e54,0.0003076923076923077
6500,e52,0
6500,e66,0.00061538461538461541
7000,e22,0.00071428571428571429
7000,e21,0.00028571428571428574
7000,e33,0
7000,e32,0
7000,e43,0.00028571428571428574
7000,e42,0
7000,e55,0
7000,e54,0.00028571428571428574
7000,e52,0
7000,e66,0.00057142857142857147
7500,e22,0.00066666666666666664
7500,e21,0.00040000000000000002
7500,e33,0
7500,e32,0
7500,e43,0.00026666666666666668
7500,e42,0
7500,e55,0
7500,e54,0.00040000000000000002
7500,e52,0
7500,e66,0.00066666666666666664
8000,e22,0.00075000000000000002
8000,e21,0.00050000000000000001
8000,e33,0
8000,e32,0
8000,e43,0.00025000000000000001
8000,e42,0
8000,e55,0
8000,e54,0.00037500000000000001
8000,e52,0
8000,e66,0.00062500000000000001
8500,e22,0.00082352941176470592
8500,e21,0.00047058823529411766
8500,e33,0
8500,e32,0
8500,e43,0.00023529411764705883
8500,e42,0.00011764705882352942
8500,e55,0
8500,e54,0.00035294117647058826
8500,e52,0
8500,e66,0.00058823529411764701
9000,e22,0.00077777777777777773
9000,e21,0.00066666666666666664
9000,e33,0
9000,e32,0
9000,e43,0.00022222222222222223
9000,e42,0.00011111111111111112
9000,e55,0
9000,e54,0.00033333333333333332
9000,e52,0
9000,e66,0.00055555555555555556
9500,e22,0.00084210526315789478
9500,e21,0.00063157894736842106
9500,e33,0
9500,e32,0
9500,e43,0.0002105263157894737
9500,e42,0.00010526315789473685
9500,e55,0
9500,e54,0.00031578947368421053
9500,e52,0
9500,e66,0.0005263157894736842
10000,e22,0.001
10000,e21,0.00059999999999999995
10000,e33,0
10000,e32,0
10000,e43,0.00020000000000000001
10000,e42,0.0001
10000,e55,0
10000,e54,0.00029999999999999997
10000,e52,0
10000,e66,0.00050000000000000001
10500,e22,0.00095238095238095238
10500,e21,0.00057142857142857147
10500,e33,0
10500,e32,0
10500,e43,0.00019047619047619048
10500,e42,9.5238095238095241e-05
10500,e55,0
10500,e54,0.00028571428571428574
10500,e52,0
10500,e66,0.00047619047619047619
11000,e22,0.001
11000,e21,0.00054545454545454548
11000,e33,0
11000,e32,0
11000,e43,0.00018181818181818181
11000,e42,9.0909090909090904e-05
11000,e55,0
11000,e54,0.00027272727272727274
11000,e52,0
11000,e66,0.00045454545454545455
11500,e22,0.00095652173913043481
11500,e21,0.00052173913043478256
11500,e33,0
11500,e32,0
11500,e43,0.00017391304347826088
11500,e42,8.6956521739130441e-05
11500,e55,0
11500,e54,0.00026086956521739128
11500,e52,0
11500,e66,0.00052173913043478256
12000,e22,0.001
12000,e21,0.00050000000000000001
12000,e33,0
12000,e32,0
12000,e43,0.00016666666666666666
12000,e42,0.00016666666666666666
12000,e55,0
12000,e54,0.00025000000000000001
12000,e52,0
12000,e66,0.00058333333333333338
12500,e22,0.0010399999999999999
12500,e21,0.00048000000000000001
12500,e33,0
12500,e32,0
12500,e43,0.00024000000000000001
12500,e42,0.00016000000000000001
12500,e55,0
12500,e54,0.00024000000000000001
12500,e52,0
12500,e66,0.00055999999999999995
13000,e22,0.001
13000,e21,0.00046153846153846153
13000,e33,0
13000,e32,0
13000,e43,0.00023076923076923076
13000,e42,0.00015384615384615385
13000,e55,0
13000,e54,0.00023076923076923076
13000,e52,0
13000,e66,0.00061538461538461541
13500,e22,0.00096296296296296299
13500,e21,0.00044444444444444447
13500,e33,0
13500,e32,0
13500,e43,0.00022222222222222223
13500,e42,0.00014814814814814815
13500,e55,0
13500,e54,0.00022222222222222223
13500,e52,0
13500,e66,0.00059259259259259258
14000,e22,0.001
14000,e21,0.00042857142857142855
14000,e33,0
14000,e32,0
14000,e43,0.00021428571428571427
14000,e42,0.00014285714285714287
14000,e55,0
14000,e54,0.00021428571428571427
14000,e52,0
14000,e66,0.00064285714285714282
14500,e22,0.0010344827586206897
14500,e21,0.00041379310344827585
14500,e33,0
14500,e32,0
14500,e43,0.00020689655172413793
14500,e42,0.00013793103448275863
14500,e55,0
14500,e54,0.00020689655172413793
14500,e52,0
14500,e66,0.00062068965517241383
15000,e22,0.001
15000,e21,0.00040000000000000002
15000,e33,0
15000,e32,0
15000,e43,0.00020000000000000001
15000,e42,0.00013333333333333334
15000,e55,0
15000,e54,0.00020000000000000001
15000,e52,0
15000,e66,0.00059999999999999995
15500,e22,0.00096774193548387097
15500,e21,0.00038709677419354838
15500,e33,0
15500,e32,0
15500,e43,0.00019354838709677419
15500,e42,0.00012903225806451613
15500,e55,0
15500,e54,0.00019354838709677419
15500,e52,0
15500,e66,0.00058064516129032254
16000,e22,0.001
16000,e21,0.00037500000000000001
16000,e33,0
16000,e32,0
16000,e43,0.0001875
16000,e42,0.000125
16000,e55,0
16000,e54,0.0001875
16000,e52,0
16000,e66,0.00056249999999999996
16500,e22,0.00096969696969696967
16500,e21,0.00036363636363636361
16500,e33,0
16500,e32,0
16500,e43,0.00018181818181818181
16500,e42,0.00012121212121212121
16500,e55,0
16500,e54,0.00018181818181818181
16500,e52,0
16500,e66,0.00060606060606060606
17000,e22,0.00094117647058823532
17000,e21,0.00035294117647058826
17000,e33,5.8823529411764708e-05
17000,e32,0
17000,e43,0.0002941176470588235
17000,e42,0.00011764705882352942
17000,e55,0
17000,e54,0.00017647058823529413
17000,e52,0
17000,e66,0.00058823529411764701
17500,e22,0.00091428571428571427
17500,e21,0.00034285714285714285
17500,e33,5.7142857142857142e-05
17500,e32,0
17500,e43,0.00034285714285714285
17500,e42,0.00011428571428571428
17500,e55,0
17500,e54,0.00017142857142857143
17500,e52,0
17500,e66,0.00057142857142857147
18000,e22,0.00088888888888888893
18000,e21,0.00038888888888888887
18000,e33,5.5555555555555558e-05
18000,e32,0
18000,e43,0.00033333333333333332
18000,e42,0.00011111111111111112
18000,e55,0
18000,e54,0.00016666666666666666
18000,e52,0
18000,e66,0.00055555555555555556
18500,e22,0.00086486486486486486
18500,e21,0.00043243243243243243
18500,e33,5.4054054054054054e-05
18500,e32,0
18500,e43,0.00032432432432432431
18500,e42,0.00010810810810810811
18500,e55,0
18500,e54,0.00016216216216216215
18500,e52,0
18500,e66,0.00059459459459459464
19000,e22,0.00084210526315789478
19000,e21,0.00047368421052631577
19000,e33,5.2631578947368424e-05
19000,e32,0
19000,e43,0.00031578947368421053
19000,e42,0.00010526315789473685
19000,e55,0
19000,e54,0.00015789473684210527
19000,e52,0
19000,e66,0.00063157894736842106
19500,e22,0.00087179487179487182
19500,e21,0.00046153846153846153
19500,e33,5.1282051282051279e-05
19500,e32,0
19500,e43,0.0003076923076923077
19500,e42,0.00010256410256410256
19500,e55,0
19500,e54,0.00015384615384615385
19500,e52,0
19500,e66,0.00061538461538461541
20000,e22,0.00089999999999999998
20000,e21,0.00044999999999999999
20000,e33,5.0000000000000002e-05
20000,e32,0
20000,e43,0.00029999999999999997
20000,e42,0.00014999999999999999
20000,e55,0
20000,e54,0.00014999999999999999
20000,e52,0
20000,e66,0.00059999999999999995
20500,e22,0.0008780487804878049
20500,e21,0.00043902439024390245
20500,e33,4.8780487804878051e-05
20500,e32,0
20500,e43,0.00029268292682926828
20500,e42,0.00014634146341463414
20500,e55,0
20500,e54,0.00014634146341463414
20500,e52,0
20500,e66,0.00058536585365853656
21000,e22,0.0008571428571428571
21000,e21,0.00042857142857142855
21000,e33,4.761904761904762e-05
21000,e32,0
21000,e43,0.00028571428571428574
21000,e42,0.00014285714285714287
21000,e55,0
21000,e54,0.00014285714285714287
21000,e52,0
21000,e66,0.000619047619047619
21500,e22,0.00083720930232558134
21500,e21,0.00046511627906976747
21500,e33,4.6511627906976741e-05
21500,e32,0
21500,e43,0.00027906976744186045
21500,e42,0.00013953488372093022
21500,e55,0
21500,e54,0.00013953488372093022
21500,e52,0
21500,e66,0.00060465116279069769
22000,e22,0.00086363636363636362
22000,e21,0.00045454545454545455
22000,e33,4.5454545454545452e-05
22000,e32,0
22000,e43,0.00027272727272727274
22000,e42,0.00013636363636363637
22000,e55,0
22000,e54,0.00013636363636363637
22000,e52,0
22000,e66,0.00063636363636363641
22500,e22,0.00088888888888888893
22500,e21,0.00044444444444444447
22500,e33,4.4444444444444447e-05
22500,e32,0
22500,e43,0.00026666666666666668
22500,e42,0.00013333333333333334
22500,e55,0
22500,e54,0.00013333333333333334
22500,e52,0
22500,e66,0.00066666666666666664
23000,e22,0.00091304347826086959
23000,e21,0.00043478260869565219
23000,e33,8.6956521739130441e-05
23000,e32,0
23000,e43,0.00026086956521739128
23000,e42,0.00013043478260869564
23000,e55,0
23000,e54,0.00013043478260869564
23000,e52,0
23000,e66,0.00065217391304347831
23500,e22,0.00093617021276595747
23500,e21,0.00042553191489361702
23500,e33,8.5106382978723409e-05
23500,e32,0
23500,e43,0.0002553191489361702
23500,e42,0.0001276595744680851
23500,e55,0
23500,e54,0.0001276595744680851
23500,e52,0
23500,e66,0.0006382978723404255
24000,e22,0.00095833333333333328
24000,e21,0.00058333333333333338
24000,e33,8.3333333333333331e-05
24000,e32,0
24000,e43,0.00029166666666666669
24000,e42,0.000125
24000,e55,0
24000,e54,0.000125
24000,e52,0
24000,e66,0.00062500000000000001
24500,e22,0.00093877551020408166
24500,e21,0.00061224489795918364
24500,e33,8.163265306122449e-05
24500,e32,0
24500,e43,0.00028571428571428574
24500,e42,0.00012244897959183673
24500,e55,0
24500,e54,0.00012244897959183673
24500,e52,0
24500,e66,0.00065306122448979592
25000,e22,0.00096000000000000002
25000,e21,0.00064000000000000005
25000,e33,8.0000000000000007e-05
25000,e32,0
25000,e43,0.00032000000000000003
25000,e42,0.00012
25000,e55,4.0000000000000003e-05
25000,e54,0.00012
25000,e52,0
25000,e66,0.00068000000000000005
25500,e22,0.00098039215686274508
25500,e21,0.00066666666666666664
25500,e33,7.843137254901961e-05
25500,e32,0
25500,e43,0.00035294117647058826
25500,e42,0.00011764705882352942
25500,e55,3.9215686274509805e-05
25500,e54,0.00011764705882352942
25500,e52,0
25500,e66,0.00066666666666666664
26000,e22,0.0010384615384615384
26000,e21,0.00065384615384615383
26000,e33,7.6923076923076926e-05
26000,e32,0
26000,e43,0.00034615384615384613
26000,e42,0.00011538461538461538
26000,e55,3.8461538461538463e-05
26000,e54,0.00011538461538461538
26000,e52,0
26000,e66,0.0007307692307692308
26500,e22,0.0010188679245283019
26500,e21,0.00064150943396226419
26500,e33,7.5471698113207552e-05
26500,e32,0
26500,e43,0.00033962264150943399
26500,e42,0.00011320754716981132
26500,e55,3.7735849056603776e-05
26500,e54,0.00011320754716981132
26500,e52,0
26500,e66,0.00075471698113207543
27000,e22,0.001
27000,e21,0.00062962962962962961
27000,e33,7.4074074074074073e-05
27000,e32,0
27000,e43,0.00033333333333333332
27000,e42,0.00011111111111111112
27000,e55,3.7037037037037037e-05
27000,e54,0.00011111111111111112
27000,e52,0
27000,e66,0.0007407407407407407
27500,e22,0.0010181818181818183
27500,e21,0.00061818181818181818
27500,e33,7.2727272727272728e-05
27500,e32,0
27500,e43,0.00032727272727272726
27500,e42,0.00010909090909090909
27500,e55,3.6363636363636364e-05
27500,e54,0.00014545454545454546
27500,e52,0
27500,e66,0.00072727272727272723
28000,e22,0.001
28000,e21,0.00060714285714285709
28000,e33,7.1428571428571434e-05
28000,e32,0
28000,e43,0.00032142857142857141
28000,e42,0.00010714285714285714
28000,e55,3.5714285714285717e-05
28000,e54,0.00014285714285714287
28000,e52,0
28000,e66,0.00075000000000000002
28500,e22,0.00098245614035087723
28500,e21,0.00059649122807017548
28500,e33,7.0175438596491223e-05
28500,e32,0
28500,e43,0.00031578947368421053
28500,e42,0.00010526315789473685
28500,e55,3.5087719298245611e-05
28500,e54,0.00014035087719298245
28500,e52,0
28500,e66,0.00073684210526315792
29000,e22,0.001
29000,e21,0.00058620689655172417
29000,e33,6.8965517241379313e-05
29000,e32,0
29000,e43,0.00031034482758620692
29000,e42,0.00010344827586206896
29000,e55,3.4482758620689657e-05
29000,e54,0.00013793103448275863
29000,e52,0
29000,e66,0.00075862068965517238
29500,e22,0.00098305084745762715
29500,e21,0.00057627118644067795
29500,e33,6.7796610169491525e-05
29500,e32,0
29500,e43,0.00030508474576271185
29500,e42,0.00013559322033898305
29500,e55,3.3898305084745762e-05
29500,e54,0.00013559322033898305
29500,e52,0
29500,e66,0.00077966101694915255
30000,e22,0.00096666666666666667
30000,e21,0.00056666666666666671
30000,e33,6.666666666666667e-05
30000,e32,0
30000,e43,0.00029999999999999997
30000,e42,0.00013333333333333334
30000,e55,3.3333333333333335e-05
30000,e54,0.00013333333333333334
30000,e52,0
30000,e66,0.00076666666666666669
30500,e22,0.0009508196721311475
30500,e21,0.00059016393442622953
30500,e33,6.5573770491803284e-05
30500,e32,0
30500,e43,0.00029508196721311476
30500,e42,0.00013114754098360657
30500,e55,3.2786885245901642e-05
30500,e54,0.0001639344262295082
30500,e52,0
30500,e66,0.00075409836065573773
31000,e22,0.00093548387096774191
31000,e21,0.00061290322580645159
31000,e33,6.4516129032258067e-05
31000,e32,0
31000,e43,0.00032258064516129032
31000,e42,0.00012903225806451613
31000,e55,3.2258064516129034e-05
31000,e54,0.00016129032258064516
31000,e52,0
31000,e66,0.0007419354838709677
31500,e22,0.00092063492063492066
31500,e21,0.0006031746031746032
31500,e33,6.3492063492063489e-05
31500,e32,0
31500,e43,0.00031746031746031746
31500,e42,0.00012698412698412698
31500,e55,3.1746031746031745e-05
31500,e54,0.00019047619047619048
31500,e52,0
31500,e66,0.0007301587301587302
32000,e22,0.00090625000000000005
32000,e21,0.00059374999999999999
32000,e33,6.2500000000000001e-05
32000,e32,0
32000,e43,0.00031250000000000001
32000,e42,0.000125
32000,e55,3.1250000000000001e-05
32000,e54,0.0001875
32000,e52,0
32000,e66,0.00071874999999999999
32500,e22,0.00089230769230769235
32500,e21,0.0005846153846153846
32500,e33,6.1538461538461535e-05
32500,e32,0
32500,e43,0.0003076923076923077
32500,e42,0.00012307692307692307
32500,e55,6.1538461538461535e-05
32500,e54,0.00018461538461538461
32500,e52,0
32500,e66,0.00070769230769230772
33000,e22,0.00087878787878787874
33000,e21,0.00057575757575757571
33000,e33,6.0606060606060605e-05
33000,e32,0
33000,e43,0.00030303030303030303
33000,e42,0.00012121212121212121
33000,e55,6.0606060606060605e-05
33000,e54,0.00021212121212121213
33000,e52,0
33000,e66,0.00072727272727272723
33500,e22,0.00086567164179104483
33500,e21,0.00056716417910447766
33500,e33,5.9701492537313435e-05
33500,e32,0
33500,e43,0.00029850746268656717
33500,e42,0.00011940298507462687
33500,e55,5.9701492537313435e-05
33500,e54,0.00020895522388059701
33500,e52,0
33500,e66,0.00071641791044776124
34000,e22,0.00088235294117647062
34000,e21,0.00055882352941176471
34000,e33,5.8823529411764708e-05
34000,e32,0
34000,e43,0.0002941176470588235
34000,e42,0.00011764705882352942
34000,e55,5.8823529411764708e-05
34000,e54,0.00020588235294117648
34000,e52,2.9411764705882354e-05
34000,e66,0.00070588235294117652
34500,e22,0.00086956521739130438
34500,e21,0.00057971014492753622
34500,e33,5.797101449275362e-05
34500,e32,0
34500,e43,0.00028985507246376811
34500,e42,0.00011594202898550724
34500,e55,8.6956521739130441e-05
34500,e54,0.00020289855072463768
34500,e52,2.898550724637681e-05
34500,e66,0.0007246376811594203
35000,e22,0.0008571428571428571
35000,e21,0.00057142857142857147
35000,e33,5.7142857142857142e-05
35000,e32,0
35000,e43,0.00031428571428571427
35000,e42,0.00011428571428571428
35000,e55,8.5714285714285713e-05
35000,e54,0.00020000000000000001
35000,e52,2.8571428571428571e-05
35000,e66,0.00071428571428571429
35500,e22,0.00084507042253521131
35500,e21,0.00056338028169014088
35500,e33,5.6338028169014086e-05
35500,e32,0
35500,e43,0.00030985915492957747
35500,e42,0.00011267605633802817
35500,e55,8.4507042253521126e-05
35500,e54,0.00019718309859154928
35500,e52,2.8169014084507043e-05
35500,e66,0.00070422535211267609
36000,e22,0.0008611111111111111
36000,e21,0.00055555555555555556
36000,e33,5.5555555555555558e-05
36000,e32,0
36000,e43,0.00030555555555555555
36000,e42,0.00011111111111111112
36000,e55,8.3333333333333331e-05
36000,e54,0.00019444444444444443
36000,e52,2.7777777777777779e-05
36000,e66,0.00069444444444444447
36500,e22,0.00084931506849315072
36500,e21,0.00057534246575342461
36500,e33,5.4794520547945207e-05
36500,e32,0
36500,e43,0.00032876712328767124
36500,e42,0.00010958904109589041
36500,e55,8.219178082191781e-05
36500,e54,0.00019178082191780821
36500,e52,2.7397260273972603e-05
36500,e66,0.00071232876712328766
37000,e22,0.00083783783783783787
37000,e21,0.00059459459459459464
37000,e33,5.4054054054054054e-05
37000,e32,0
37000,e43,0.00032432432432432431
37000,e42,0.00010810810810810811
37000,e55,8.1081081081081077e-05
37000,e54,0.0001891891891891892
37000,e52,2.7027027027027027e-05
37000,e66,0.0007027027027027027
37500,e22,0.00082666666666666663
37500,e21,0.00061333333333333335
37500,e33,5.3333333333333333e-05
37500,e32,0
37500,e43,0.00034666666666666667
37500,e42,0.00010666666666666667
37500,e55,8.0000000000000007e-05
37500,e54,0.00018666666666666666
37500,e52,2.6666666666666667e-05
37500,e66,0.00072000000000000005
38000,e22,0.00081578947368421049
38000,e21,0.00060526315789473687
38000,e33,5.2631578947368424e-05
38000,e32,0
38000,e43,0.00034210526315789472
38000,e42,0.00010526315789473685
38000,e55,7.8947368421052633e-05
38000,e54,0.00018421052631578948
38000,e52,2.6315789473684212e-05
38000,e66,0.00071052631578947373
38500,e22,0.00080519480519480522
38500,e21,0.00062337662337662335
38500,e33,5.1948051948051951e-05
38500,e32,0
38500,e43,0.00033766233766233767
38500,e42,0.0001038961038961039
38500,e55,7.7922077922077919e-05
38500,e54,0.0002077922077922078
38500,e52,2.5974025974025975e-05
38500,e66,0.00070129870129870134
39000,e22,0.00082051282051282047
39000,e21,0.00061538461538461541
39000,e33,5.1282051282051279e-05
39000,e32,0
39000,e43,0.000358974358974359
39000,e42,0.00010256410256410256
39000,e55,7.6923076923076926e-05
39000,e54,0.00023076923076923076
39000,e52,2.564102564102564e-05
39000,e66,0.00069230769230769226
39500,e22,0.00081012658227848106
39500,e21,0.0006329113924050633
39500,e33,5.0632911392405066e-05
39500,e32,0
39500,e43,0.00035443037974683546
39500,e42,0.00010126582278481013
39500,e55,7.59493670886076e-05
39500,e54,0.00022784810126582277
39500,e52,2.5316455696202533e-05
39500,e66,0.00068354430379746832
40000,e22,0.000825
40000,e21,0.00062500000000000001
40000,e33,5.0000000000000002e-05
40000,e32,0
40000,e43,0.00037500000000000001
40000,e42,0.0001
40000,e55,7.4999999999999993e-05
40000,e54,0.00022499999999999999
40000,e52,2.5000000000000001e-05
40000,e66,0.00067500000000000004
40500,e22,0.00081481481481481476
40500,e21,0.00061728395061728394
40500,e33,4.9382716049382713e-05
40500,e32,0
40500,e43,0.00037037037037037035
40500,e42,9.8765432098765426e-05
40500,e55,7.4074074074074073e-05
40500,e54,0.00022222222222222223
40500,e52,2.4691358024691357e-05
40500,e66,0.000691358024691358
41000,e22,0.00080487804878048776
41000,e21,0.00060975609756097561
41000,e33,4.8780487804878051e-05
41000,e32,0
41000,e43,0.00036585365853658537
41000,e42,9.7560975609756103e-05
41000,e55,7.317073170731707e-05
41000,e54,0.00021951219512195122
41000,e52,2.4390243902439026e-05
41000,e66,0.00068292682926829264
41500,e22,0.00079518072289156631
41500,e21,0.00062650602409638557
41500,e33,4.8192771084337347e-05
41500,e32,0
41500,e43,0.00036144578313253013
41500,e42,9.6385542168674694e-05
41500,e55,7.2289156626506021e-05
41500,e54,0.00021686746987951806
41500,e52,2.4096385542168674e-05
41500,e66,0.00067469879518072286
42000,e22,0.00078571428571428575
42000,e21,0.000619047619047619
42000,e33,4.761904761904762e-05
42000,e32,0
42000,e43,0.00035714285714285714
42000,e42,9.5238095238095241e-05
42000,e55,7.1428571428571434e-05
42000,e54,0.00021428571428571427
42000,e52,4.761904761904762e-05
42000,e66,0.00066666666666666664
42500,e22,0.00080000000000000004
42500,e21,0.00061176470588235289
42500,e33,4.7058823529411767e-05
42500,e32,0
42500,e43,0.00035294117647058826
42500,e42,9.4117647058823535e-05
42500,e55,7.0588235294117641e-05
42500,e54,0.00021176470588235295
42500,e52,4.7058823529411767e-05
42500,e66,0.00065882352941176476
43000,e22,0.00081395348837209306
43000,e21,0.00060465116279069769
43000,e33,4.6511627906976741e-05
43000,e32,0
43000,e43,0.00034883720930232559
43000,e42,9.3023255813953483e-05
43000,e55,6.9767441860465112e-05
43000,e54,0.00020930232558139534
43000,e52,4.6511627906976741e-05
43000,e66,0.00065116279069767438
43500,e22,0.00085057471264367811
43500,e21,0.00059770114942528732
43500,e33,4.5977011494252873e-05
43500,e32,0
43500,e43,0.00034482758620689653
43500,e42,9.1954022988505746e-05
43500,e55,6.8965517241379313e-05
43500,e54,0.00022988505747126436
43500,e52,4.5977011494252873e-05
43500,e66,0.00066666666666666664
44000,e22,0.00086363636363636362
44000,e21,0.00061363636363636362
44000,e33,4.5454545454545452e-05
44000,e32,0
44000,e43,0.00034090909090909094
44000,e42,9.0909090909090904e-05
44000,e55,6.8181818181818184e-05
44000,e54,0.00022727272727272727
44000,e52,4.5454545454545452e-05
44000,e66,0.00065909090909090908
44500,e22,0.00085393258426966288
44500,e21,0.00060674157303370788
44500,e33,4.4943820224719104e-05
44500,e32,0
44500,e43,0.00033707865168539324
44500,e42,8.9887640449438209e-05
44500,e55,6.7415730337078646e-05
44500,e54,0.00022471910112359551
44500,e52,4.4943820224719104e-05
44500,e66,0.00065168539325842695
45000,e22,0.00084444444444444443
45000,e21,0.00062222222222222225
45000,e33,4.4444444444444447e-05
45000,e32,0
45000,e43,0.00033333333333333332
45000,e42,8.8888888888888893e-05
45000,e55,6.666666666666667e-05
45000,e54,0.00024444444444444443
45000,e52,4.4444444444444447e-05
45000,e66,0.00068888888888888884
45500,e22,0.00083516483516483519
45500,e21,0.00061538461538461541
45500,e33,4.3956043956043955e-05
45500,e32,0
45500,e43,0.00032967032967032967
45500,e42,8.7912087912087909e-05
45500,e55,6.5934065934065929e-05
45500,e54,0.00024175824175824175
45500,e52,4.3956043956043955e-05
45500,e66,0.00070329670329670327
46000,e22,0.00082608695652173917
46000,e21,0.00060869565217391299
46000,e33,4.347826086956522e-05
46000,e32,0
46000,e43,0.00032608695652173916
46000,e42,8.6956521739130441e-05
46000,e55,6.521739130434782e-05
46000,e54,0.0002391304347826087
46000,e52,4.347826086956522e-05
46000,e66,0.00069565217391304353
46500,e22,0.00083870967741935486
46500,e21,0.00060215053763440864
46500,e33,4.301075268817204e-05
46500,e32,0
46500,e43,0.00032258064516129032
46500,e42,8.6021505376344081e-05
46500,e55,6.4516129032258067e-05
46500,e54,0.00023655913978494624
46500,e52,4.301075268817204e-05
46500,e66,0.00068817204301075264
47000,e22,0.00085106382978723403
47000,e21,0.00059574468085106384
47000,e33,4.2553191489361704e-05
47000,e32,0
47000,e43,0.00031914893617021275
47000,e42,8.5106382978723409e-05
47000,e55,6.382978723404255e-05
47000,e54,0.00023404255319148937
47000,e52,4.2553191489361704e-05
47000,e66,0.00068085106382978727
47500,e22,0.00084210526315789478
47500,e21,0.00058947368421052632
47500,e33,4.2105263157894738e-05
47500,e32,0
47500,e43,0.00031578947368421053
47500,e42,8.4210526315789476e-05
47500,e55,6.3157894736842103e-05
47500,e54,0.00023157894736842104
47500,e52,4.2105263157894738e-05
47500,e66,0.0006736842105263158
48000,e22,0.0008541666666666667
48000,e21,0.00062500000000000001
48000,e33,4.1666666666666665e-05
48000,e32,0
48000,e43,0.00031250000000000001
48000,e42,8.3333333333333331e-05
48000,e55,6.2500000000000001e-05
48000,e54,0.00022916666666666666
48000,e52,4.1666666666666665e-05
48000,e66,0.00066666666666666664
48500,e22,0.00084536082474226805
48500,e21,0.00061855670103092778
48500,e33,4.1237113402061855e-05
48500,e32,0
48500,e43,0.00030927835051546389
48500,e42,8.247422680412371e-05
48500,e55,6.1855670103092789e-05
48500,e54,0.00022680412371134021
48500,e52,6.1855670103092789e-05
48500,e66,0.00068041237113402057
49000,e22,0.00083673469387755101
49000,e21,0.00063265306122448984
49000,e33,4.0816326530612245e-05
49000,e32,0
49000,e43,0.00030612244897959182
49000,e42,8.163265306122449e-05
49000,e55,6.1224489795918364e-05
49000,e54,0.00024489795918367346
49000,e52,6.1224489795918364e-05
49000,e66,0.0006938775510204082
49500,e22,0.00084848484848484851
49500,e21,0.00064646464646464649
49500,e33,4.0404040404040405e-05
49500,e32,0
49500,e43,0.00030303030303030303
49500,e42,8.0808080808080811e-05
49500,e55,6.0606060606060605e-05
49500,e54,0.00024242424242424242
49500,e52,6.0606060606060605e-05
49500,e66,0.00068686868686868691
50000,e22,0.00084000000000000003
50000,e21,0.00064000000000000005
50000,e33,4.0000000000000003e-05
50000,e32,0
50000,e43,0.00029999999999999997
50000,e42,8.0000000000000007e-05
50000,e55,6.0000000000000002e-05
50000,e54,0.00024000000000000001
50000,e52,6.0000000000000002e-05
50000,e66,0.00068000000000000005
