Iteration_ID	int64
Traversals_e12	int64
Traversals_e1T	int64
Traversals_e23	int64
Traversals_e24	int64
Traversals_e22	int64
Traversals_e21	int64
Traversals_e2T	int64
Traversals_e34	int64
Traversals_e33	int64
Traversals_e32	int64
Traversals_e3T	int64
Traversals_e3D	int64
Traversals_e45	int64
Traversals_e46	int64
Traversals_e43	int64
Traversals_e42	int64
Traversals_e4D	int64
Traversals_e56	int64
Traversals_e57	int64
Traversals_e55	int64
Traversals_e54	int64
Traversals_e52	int64
Traversals_e5D	int64
Traversals_e67	int64
Traversals_e66	int64
Traversals_e6D	int64
Traversals_eD3	int64
Traversals_eD7	int64
Traversals_eDT	int64
