Dataset,Workbook,Worksheet,Column_Name,Data_Type,Unit,Definition,Calculation,Source,Allowed_Values,Missing_Value_Rule,Sensitivity_Use,Notes
04_GERT_Iteration_Data::Iteration Summary,04_GERT_Iteration_Data.xlsx,Iteration Summary,Iteration_ID,int64,identifier,One-based Monte Carlo iteration identifier.,Directly exported value.,Fresh seeded simulation from authoritative Word inputs.,,Blank only when the field is not applicable to the record.,Candidate predictor or response for later analysis.,
04_GERT_Iteration_Data::Iteration Summary,04_GERT_Iteration_Data.xlsx,Iteration Summary,Run_ID,string,identifier,Run ID,Directly exported value.,Fresh seeded simulation from authoritative Word inputs.,,Blank only when the field is not applicable to the record.,"Supporting identifier, audit, or reconciliation field.",
04_GERT_Iteration_Data::Iteration Summary,04_GERT_Iteration_Data.xlsx,Iteration Summary,Root_Seed,int64,,Root Seed,Directly exported value.,Fresh seeded simulation from authoritative Word inputs.,,Blank only when the field is not applicable to the record.,Candidate predictor or response for later analysis.,
04_GERT_Iteration_Data::Iteration Summary,04_GERT_Iteration_Data.xlsx,Iteration Summary,Outcome,string,,Final absorbing GERT outcome.,Directly exported value.,Fresh seeded simulation from authoritative Word inputs.,Successful; Terminated,Blank only when the field is not applicable to the record.,Candidate predictor or response for later analysis.,
04_GERT_Iteration_Data::Iteration Summary,04_GERT_Iteration_Data.xlsx,Iteration Summary,Final_Node,string,,Final Node,Directly exported value.,Fresh seeded simulation from authoritative Word inputs.,S7; ST,Blank only when the field is not applicable to the record.,Candidate predictor or response for later analysis.,
04_GERT_Iteration_Data::Iteration Summary,04_GERT_Iteration_Data.xlsx,Iteration Summary,Valid,bool,,Valid,Directly exported value.,Fresh seeded simulation from authoritative Word inputs.,0; 1,Blank only when the field is not applicable to the record.,"Supporting identifier, audit, or reconciliation field.",
04_GERT_Iteration_Data::Iteration Summary,04_GERT_Iteration_Data.xlsx,Iteration Summary,Internal_Error,bool,,Internal Error,Directly exported value.,Fresh seeded simulation from authoritative Word inputs.,0; 1,Blank only when the field is not applicable to the record.,Candidate predictor or response for later analysis.,
04_GERT_Iteration_Data::Iteration Summary,04_GERT_Iteration_Data.xlsx,Iteration Summary,Reconciled,bool,,Reconciled,Directly exported value.,Fresh seeded simulation from authoritative Word inputs.,0; 1,Blank only when the field is not applicable to the record.,Candidate predictor or response for later analysis.,
04_GERT_Iteration_Data::Iteration Summary,04_GERT_Iteration_Data.xlsx,Iteration Summary,Reconciliation_Error,string,,Reconciliation Error,Directly exported value.,Fresh seeded simulation from authoritative Word inputs.,,Blank only when the field is not applicable to the record.,Candidate predictor or response for later analysis.,
04_GERT_Iteration_Data::Iteration Summary,04_GERT_Iteration_Data.xlsx,Iteration Summary,Total_Raw_Duration,double,days,Sum of unrounded stochastic durations for the iteration.,Directly exported value.,Fresh seeded simulation from authoritative Word inputs.,,Blank only when the field is not applicable to the record.,Candidate predictor or response for later analysis.,
04_GERT_Iteration_Data::Iteration Summary,04_GERT_Iteration_Data.xlsx,Iteration Summary,Total_Rounded_Duration,int64,days,Sum of individually ceiling-rounded stochastic durations for the iteration.,Directly exported value.,Fresh seeded simulation from authoritative Word inputs.,,Blank only when the field is not applicable to the record.,Candidate predictor or response for later analysis.,
04_GERT_Iteration_Data::Iteration Summary,04_GERT_Iteration_Data.xlsx,Iteration Summary,Transition_Count,int64,count,Transition Count,Directly exported value.,Fresh seeded simulation from authoritative Word inputs.,,Blank only when the field is not applicable to the record.,Candidate predictor or response for later analysis.,
04_GERT_Iteration_Data::Iteration Summary,04_GERT_Iteration_Data.xlsx,Iteration Summary,Node_Visit_Count,int64,count,Node Visit Count,Directly exported value.,Fresh seeded simulation from authoritative Word inputs.,,Blank only when the field is not applicable to the record.,Candidate predictor or response for later analysis.,
04_GERT_Iteration_Data::Iteration Summary,04_GERT_Iteration_Data.xlsx,Iteration Summary,Unique_Node_Count,int64,count,Unique Node Count,Directly exported value.,Fresh seeded simulation from authoritative Word inputs.,,Blank only when the field is not applicable to the record.,Candidate predictor or response for later analysis.,
04_GERT_Iteration_Data::Iteration Summary,04_GERT_Iteration_Data.xlsx,Iteration Summary,Unique_Arc_Count,int64,count,Unique Arc Count,Directly exported value.,Fresh seeded simulation from authoritative Word inputs.,,Blank only when the field is not applicable to the record.,Candidate predictor or response for later analysis.,
04_GERT_Iteration_Data::Iteration Summary,04_GERT_Iteration_Data.xlsx,Iteration Summary,Path_ID,int64,identifier,Path ID,Directly exported value.,Fresh seeded simulation from authoritative Word inputs.,,Blank only when the field is not applicable to the record.,Candidate predictor or response for later analysis.,
04_GERT_Iteration_Data::Iteration Summary,04_GERT_Iteration_Data.xlsx,Iteration Summary,Path_Hash,string,,Path Hash,Directly exported value.,Fresh seeded simulation from authoritative Word inputs.,,Blank only when the field is not applicable to the record.,Candidate predictor or response for later analysis.,
04_GERT_Iteration_Data::Iteration Summary,04_GERT_Iteration_Data.xlsx,Iteration Summary,Node_Sequence,string,,Node Sequence,Directly exported value.,Fresh seeded simulation from authoritative Word inputs.,,Blank only when the field is not applicable to the record.,Candidate predictor or response for later analysis.,
04_GERT_Iteration_Data::Iteration Summary,04_GERT_Iteration_Data.xlsx,Iteration Summary,Arc_Sequence,string,,Arc Sequence,Directly exported value.,Fresh seeded simulation from authoritative Word inputs.,,Blank only when the field is not applicable to the record.,"Supporting identifier, audit, or reconciliation field.",
04_GERT_Iteration_Data::Iteration Summary,04_GERT_Iteration_Data.xlsx,Iteration Summary,Dispute_Visited,bool,,Dispute Visited,Directly exported value.,Fresh seeded simulation from authoritative Word inputs.,0; 1,Blank only when the field is not applicable to the record.,Candidate predictor or response for later analysis.,
04_GERT_Iteration_Data::Iteration Summary,04_GERT_Iteration_Data.xlsx,Iteration Summary,Dispute_Visit_Count,int64,count,Dispute Visit Count,Directly exported value.,Fresh seeded simulation from authoritative Word inputs.,,Blank only when the field is not applicable to the record.,Candidate predictor or response for later analysis.,
04_GERT_Iteration_Data::Iteration Summary,04_GERT_Iteration_Data.xlsx,Iteration Summary,Any_Capped_Arc_Activated,bool,,Any Capped Arc Activated,Directly exported value.,Fresh seeded simulation from authoritative Word inputs.,0; 1,Blank only when the field is not applicable to the record.,Candidate predictor or response for later analysis.,
04_GERT_Iteration_Data::Iteration Summary,04_GERT_Iteration_Data.xlsx,Iteration Summary,Total_Capped_Arc_Traversals,int64,,Total Capped Arc Traversals,Directly exported value.,Fresh seeded simulation from authoritative Word inputs.,,Blank only when the field is not applicable to the record.,Candidate predictor or response for later analysis.,
04_GERT_Iteration_Data::Iteration Summary,04_GERT_Iteration_Data.xlsx,Iteration Summary,Any_Cap_Reached,bool,,Any Cap Reached,Directly exported value.,Fresh seeded simulation from authoritative Word inputs.,0; 1,Blank only when the field is not applicable to the record.,Candidate predictor or response for later analysis.,
04_GERT_Iteration_Data::Iteration Summary,04_GERT_Iteration_Data.xlsx,Iteration Summary,Cap_Event_Count,int64,count,Cap Event Count,Directly exported value.,Fresh seeded simulation from authoritative Word inputs.,,Blank only when the field is not applicable to the record.,Candidate predictor or response for later analysis.,
04_GERT_Iteration_Data::Iteration Summary,04_GERT_Iteration_Data.xlsx,Iteration Summary,Renormalisation_Event_Count,int64,count,Renormalisation Event Count,Directly exported value.,Fresh seeded simulation from authoritative Word inputs.,,Blank only when the field is not applicable to the record.,Candidate predictor or response for later analysis.,
04_GERT_Iteration_Data::Iteration Summary,04_GERT_Iteration_Data.xlsx,Iteration Summary,Maximum_Loop_Count,int64,count,Maximum Loop Count,Directly exported value.,Fresh seeded simulation from authoritative Word inputs.,,Blank only when the field is not applicable to the record.,Candidate predictor or response for later analysis.,
04_GERT_Iteration_Data::Iteration Summary,04_GERT_Iteration_Data.xlsx,Iteration Summary,e22_Count,int64,count,e22 Count,Directly exported value.,Fresh seeded simulation from authoritative Word inputs.,,Blank only when the field is not applicable to the record.,Candidate predictor or response for later analysis.,
04_GERT_Iteration_Data::Iteration Summary,04_GERT_Iteration_Data.xlsx,Iteration Summary,e21_Count,int64,count,e21 Count,Directly exported value.,Fresh seeded simulation from authoritative Word inputs.,,Blank only when the field is not applicable to the record.,Candidate predictor or response for later analysis.,
04_GERT_Iteration_Data::Iteration Summary,04_GERT_Iteration_Data.xlsx,Iteration Summary,e33_Count,int64,count,e33 Count,Directly exported value.,Fresh seeded simulation from authoritative Word inputs.,,Blank only when the field is not applicable to the record.,Candidate predictor or response for later analysis.,
04_GERT_Iteration_Data::Iteration Summary,04_GERT_Iteration_Data.xlsx,Iteration Summary,e32_Count,int64,count,e32 Count,Directly exported value.,Fresh seeded simulation from authoritative Word inputs.,,Blank only when the field is not applicable to the record.,Candidate predictor or response for later analysis.,
04_GERT_Iteration_Data::Iteration Summary,04_GERT_Iteration_Data.xlsx,Iteration Summary,e43_Count,int64,count,e43 Count,Directly exported value.,Fresh seeded simulation from authoritative Word inputs.,,Blank only when the field is not applicable to the record.,Candidate predictor or response for later analysis.,
04_GERT_Iteration_Data::Iteration Summary,04_GERT_Iteration_Data.xlsx,Iteration Summary,e42_Count,int64,count,e42 Count,Directly exported value.,Fresh seeded simulation from authoritative Word inputs.,,Blank only when the field is not applicable to the record.,Candidate predictor or response for later analysis.,
04_GERT_Iteration_Data::Iteration Summary,04_GERT_Iteration_Data.xlsx,Iteration Summary,e55_Count,int64,count,e55 Count,Directly exported value.,Fresh seeded simulation from authoritative Word inputs.,,Blank only when the field is not applicable to the record.,Candidate predictor or response for later analysis.,
04_GERT_Iteration_Data::Iteration Summary,04_GERT_Iteration_Data.xlsx,Iteration Summary,e54_Count,int64,count,e54 Count,Directly exported value.,Fresh seeded simulation from authoritative Word inputs.,,Blank only when the field is not applicable to the record.,Candidate predictor or response for later analysis.,
04_GERT_Iteration_Data::Iteration Summary,04_GERT_Iteration_Data.xlsx,Iteration Summary,e52_Count,int64,count,e52 Count,Directly exported value.,Fresh seeded simulation from authoritative Word inputs.,,Blank only when the field is not applicable to the record.,Candidate predictor or response for later analysis.,
04_GERT_Iteration_Data::Iteration Summary,04_GERT_Iteration_Data.xlsx,Iteration Summary,e66_Count,int64,count,e66 Count,Directly exported value.,Fresh seeded simulation from authoritative Word inputs.,,Blank only when the field is not applicable to the record.,Candidate predictor or response for later analysis.,
04_GERT_Iteration_Data::Path Register,04_GERT_Iteration_Data.xlsx,Path Register,Path_ID,int64,identifier,Path ID,Directly exported value.,Fresh seeded simulation from authoritative Word inputs.,,Blank only when the field is not applicable to the record.,Candidate predictor or response for later analysis.,
04_GERT_Iteration_Data::Path Register,04_GERT_Iteration_Data.xlsx,Path Register,Path_Hash,string,,Path Hash,Directly exported value.,Fresh seeded simulation from authoritative Word inputs.,,Blank only when the field is not applicable to the record.,Candidate predictor or response for later analysis.,
04_GERT_Iteration_Data::Path Register,04_GERT_Iteration_Data.xlsx,Path Register,Arc_Sequence,string,,Arc Sequence,Directly exported value.,Fresh seeded simulation from authoritative Word inputs.,,Blank only when the field is not applicable to the record.,"Supporting identifier, audit, or reconciliation field.",
04_GERT_Iteration_Data::Path Register,04_GERT_Iteration_Data.xlsx,Path Register,Node_Sequence,string,,Node Sequence,Directly exported value.,Fresh seeded simulation from authoritative Word inputs.,,Blank only when the field is not applicable to the record.,Candidate predictor or response for later analysis.,
04_GERT_Iteration_Data::Path Register,04_GERT_Iteration_Data.xlsx,Path Register,Outcome,string,,Final absorbing GERT outcome.,Directly exported value.,Fresh seeded simulation from authoritative Word inputs.,Successful; Terminated,Blank only when the field is not applicable to the record.,Candidate predictor or response for later analysis.,
04_GERT_Iteration_Data::Path Register,04_GERT_Iteration_Data.xlsx,Path Register,Frequency,int64,count,Frequency,Derived from the complete unsampled exported simulation records.,Fresh seeded simulation from authoritative Word inputs.,,Blank only when the field is not applicable to the record.,"Supporting identifier, audit, or reconciliation field.",
04_GERT_Iteration_Data::Path Register,04_GERT_Iteration_Data.xlsx,Path Register,Probability,double,dimensionless,Probability,Derived from the complete unsampled exported simulation records.,Fresh seeded simulation from authoritative Word inputs.,,Blank only when the field is not applicable to the record.,Candidate predictor or response for later analysis.,
04_GERT_Iteration_Data::Path Register,04_GERT_Iteration_Data.xlsx,Path Register,Mean_Duration,double,days,Mean Duration,Derived from the complete unsampled exported simulation records.,Fresh seeded simulation from authoritative Word inputs.,,Blank only when the field is not applicable to the record.,Candidate predictor or response for later analysis.,
04_GERT_Iteration_Data::Path Register,04_GERT_Iteration_Data.xlsx,Path Register,SD_Duration,double,days,SD Duration,Directly exported value.,Fresh seeded simulation from authoritative Word inputs.,,Blank only when the field is not applicable to the record.,Candidate predictor or response for later analysis.,
04_GERT_Iteration_Data::Path Register,04_GERT_Iteration_Data.xlsx,Path Register,Minimum,int64,,Minimum,Directly exported value.,Fresh seeded simulation from authoritative Word inputs.,,Blank only when the field is not applicable to the record.,"Supporting identifier, audit, or reconciliation field.",
04_GERT_Iteration_Data::Path Register,04_GERT_Iteration_Data.xlsx,Path Register,Maximum,int64,,Maximum,Directly exported value.,Fresh seeded simulation from authoritative Word inputs.,,Blank only when the field is not applicable to the record.,"Supporting identifier, audit, or reconciliation field.",
04_GERT_Iteration_Data::Path Register,04_GERT_Iteration_Data.xlsx,Path Register,P50,int64,,P50,Derived from the complete unsampled exported simulation records.,Fresh seeded simulation from authoritative Word inputs.,,Blank only when the field is not applicable to the record.,Candidate predictor or response for later analysis.,
04_GERT_Iteration_Data::Path Register,04_GERT_Iteration_Data.xlsx,Path Register,P80,int64,,P80,Derived from the complete unsampled exported simulation records.,Fresh seeded simulation from authoritative Word inputs.,,Blank only when the field is not applicable to the record.,Candidate predictor or response for later analysis.,
04_GERT_Iteration_Data::Path Register,04_GERT_Iteration_Data.xlsx,Path Register,P90,int64,,P90,Derived from the complete unsampled exported simulation records.,Fresh seeded simulation from authoritative Word inputs.,,Blank only when the field is not applicable to the record.,Candidate predictor or response for later analysis.,
04_GERT_Iteration_Data::Path Register,04_GERT_Iteration_Data.xlsx,Path Register,P95,int64,,P95,Derived from the complete unsampled exported simulation records.,Fresh seeded simulation from authoritative Word inputs.,,Blank only when the field is not applicable to the record.,Candidate predictor or response for later analysis.,
04_GERT_Iteration_Data::Path Register,04_GERT_Iteration_Data.xlsx,Path Register,Transition_Count,int64,count,Transition Count,Directly exported value.,Fresh seeded simulation from authoritative Word inputs.,,Blank only when the field is not applicable to the record.,Candidate predictor or response for later analysis.,
04_GERT_Iteration_Data::Path Register,04_GERT_Iteration_Data.xlsx,Path Register,Activated_Capped_Arcs,string,,Indicator that arc Capped_Arcs was traversed at least once.,Directly exported value.,Fresh seeded simulation from authoritative Word inputs.,,Blank only when the field is not applicable to the record.,Candidate predictor or response for later analysis.,
04_GERT_Iteration_Data::Path Register,04_GERT_Iteration_Data.xlsx,Path Register,Dispute_Visited,bool,,Dispute Visited,Directly exported value.,Fresh seeded simulation from authoritative Word inputs.,0; 1,Blank only when the field is not applicable to the record.,Candidate predictor or response for later analysis.,
04_GERT_Iteration_Data::Outcome Summary,04_GERT_Iteration_Data.xlsx,Outcome Summary,Outcome,string,,Final absorbing GERT outcome.,Directly exported value.,Fresh seeded simulation from authoritative Word inputs.,Successful; Terminated,Blank only when the field is not applicable to the record.,Candidate predictor or response for later analysis.,
04_GERT_Iteration_Data::Outcome Summary,04_GERT_Iteration_Data.xlsx,Outcome Summary,Count,int64,count,Count,Directly exported value.,Fresh seeded simulation from authoritative Word inputs.,,Blank only when the field is not applicable to the record.,Candidate predictor or response for later analysis.,
04_GERT_Iteration_Data::Outcome Summary,04_GERT_Iteration_Data.xlsx,Outcome Summary,Probability,double,dimensionless,Probability,Derived from the complete unsampled exported simulation records.,Fresh seeded simulation from authoritative Word inputs.,,Blank only when the field is not applicable to the record.,Candidate predictor or response for later analysis.,
04_GERT_Iteration_Data::Outcome Summary,04_GERT_Iteration_Data.xlsx,Outcome Summary,Mean_Duration,double,days,Mean Duration,Derived from the complete unsampled exported simulation records.,Fresh seeded simulation from authoritative Word inputs.,,Blank only when the field is not applicable to the record.,Candidate predictor or response for later analysis.,
04_GERT_Iteration_Data::Outcome Summary,04_GERT_Iteration_Data.xlsx,Outcome Summary,SD_Duration,double,days,SD Duration,Directly exported value.,Fresh seeded simulation from authoritative Word inputs.,,Blank only when the field is not applicable to the record.,Candidate predictor or response for later analysis.,
04_GERT_Iteration_Data::Successful Iterations,04_GERT_Iteration_Data.xlsx,Successful Iterations,Iteration_ID,int64,identifier,One-based Monte Carlo iteration identifier.,Directly exported value.,Fresh seeded simulation from authoritative Word inputs.,,Blank only when the field is not applicable to the record.,Candidate predictor or response for later analysis.,
04_GERT_Iteration_Data::Successful Iterations,04_GERT_Iteration_Data.xlsx,Successful Iterations,Run_ID,string,identifier,Run ID,Directly exported value.,Fresh seeded simulation from authoritative Word inputs.,,Blank only when the field is not applicable to the record.,"Supporting identifier, audit, or reconciliation field.",
04_GERT_Iteration_Data::Successful Iterations,04_GERT_Iteration_Data.xlsx,Successful Iterations,Root_Seed,int64,,Root Seed,Directly exported value.,Fresh seeded simulation from authoritative Word inputs.,,Blank only when the field is not applicable to the record.,Candidate predictor or response for later analysis.,
04_GERT_Iteration_Data::Successful Iterations,04_GERT_Iteration_Data.xlsx,Successful Iterations,Outcome,string,,Final absorbing GERT outcome.,Directly exported value.,Fresh seeded simulation from authoritative Word inputs.,Successful; Terminated,Blank only when the field is not applicable to the record.,Candidate predictor or response for later analysis.,
04_GERT_Iteration_Data::Successful Iterations,04_GERT_Iteration_Data.xlsx,Successful Iterations,Final_Node,string,,Final Node,Directly exported value.,Fresh seeded simulation from authoritative Word inputs.,S7; ST,Blank only when the field is not applicable to the record.,Candidate predictor or response for later analysis.,
04_GERT_Iteration_Data::Successful Iterations,04_GERT_Iteration_Data.xlsx,Successful Iterations,Valid,bool,,Valid,Directly exported value.,Fresh seeded simulation from authoritative Word inputs.,0; 1,Blank only when the field is not applicable to the record.,"Supporting identifier, audit, or reconciliation field.",
04_GERT_Iteration_Data::Successful Iterations,04_GERT_Iteration_Data.xlsx,Successful Iterations,Internal_Error,bool,,Internal Error,Directly exported value.,Fresh seeded simulation from authoritative Word inputs.,0; 1,Blank only when the field is not applicable to the record.,Candidate predictor or response for later analysis.,
04_GERT_Iteration_Data::Successful Iterations,04_GERT_Iteration_Data.xlsx,Successful Iterations,Reconciled,bool,,Reconciled,Directly exported value.,Fresh seeded simulation from authoritative Word inputs.,0; 1,Blank only when the field is not applicable to the record.,Candidate predictor or response for later analysis.,
04_GERT_Iteration_Data::Successful Iterations,04_GERT_Iteration_Data.xlsx,Successful Iterations,Reconciliation_Error,string,,Reconciliation Error,Directly exported value.,Fresh seeded simulation from authoritative Word inputs.,,Blank only when the field is not applicable to the record.,Candidate predictor or response for later analysis.,
04_GERT_Iteration_Data::Successful Iterations,04_GERT_Iteration_Data.xlsx,Successful Iterations,Total_Raw_Duration,double,days,Sum of unrounded stochastic durations for the iteration.,Directly exported value.,Fresh seeded simulation from authoritative Word inputs.,,Blank only when the field is not applicable to the record.,Candidate predictor or response for later analysis.,
04_GERT_Iteration_Data::Successful Iterations,04_GERT_Iteration_Data.xlsx,Successful Iterations,Total_Rounded_Duration,int64,days,Sum of individually ceiling-rounded stochastic durations for the iteration.,Directly exported value.,Fresh seeded simulation from authoritative Word inputs.,,Blank only when the field is not applicable to the record.,Candidate predictor or response for later analysis.,
04_GERT_Iteration_Data::Successful Iterations,04_GERT_Iteration_Data.xlsx,Successful Iterations,Transition_Count,int64,count,Transition Count,Directly exported value.,Fresh seeded simulation from authoritative Word inputs.,,Blank only when the field is not applicable to the record.,Candidate predictor or response for later analysis.,
04_GERT_Iteration_Data::Successful Iterations,04_GERT_Iteration_Data.xlsx,Successful Iterations,Node_Visit_Count,int64,count,Node Visit Count,Directly exported value.,Fresh seeded simulation from authoritative Word inputs.,,Blank only when the field is not applicable to the record.,Candidate predictor or response for later analysis.,
04_GERT_Iteration_Data::Successful Iterations,04_GERT_Iteration_Data.xlsx,Successful Iterations,Unique_Node_Count,int64,count,Unique Node Count,Directly exported value.,Fresh seeded simulation from authoritative Word inputs.,,Blank only when the field is not applicable to the record.,Candidate predictor or response for later analysis.,
04_GERT_Iteration_Data::Successful Iterations,04_GERT_Iteration_Data.xlsx,Successful Iterations,Unique_Arc_Count,int64,count,Unique Arc Count,Directly exported value.,Fresh seeded simulation from authoritative Word inputs.,,Blank only when the field is not applicable to the record.,Candidate predictor or response for later analysis.,
04_GERT_Iteration_Data::Successful Iterations,04_GERT_Iteration_Data.xlsx,Successful Iterations,Path_ID,int64,identifier,Path ID,Directly exported value.,Fresh seeded simulation from authoritative Word inputs.,,Blank only when the field is not applicable to the record.,Candidate predictor or response for later analysis.,
04_GERT_Iteration_Data::Successful Iterations,04_GERT_Iteration_Data.xlsx,Successful Iterations,Path_Hash,string,,Path Hash,Directly exported value.,Fresh seeded simulation from authoritative Word inputs.,,Blank only when the field is not applicable to the record.,Candidate predictor or response for later analysis.,
04_GERT_Iteration_Data::Successful Iterations,04_GERT_Iteration_Data.xlsx,Successful Iterations,Node_Sequence,string,,Node Sequence,Directly exported value.,Fresh seeded simulation from authoritative Word inputs.,,Blank only when the field is not applicable to the record.,Candidate predictor or response for later analysis.,
04_GERT_Iteration_Data::Successful Iterations,04_GERT_Iteration_Data.xlsx,Successful Iterations,Arc_Sequence,string,,Arc Sequence,Directly exported value.,Fresh seeded simulation from authoritative Word inputs.,,Blank only when the field is not applicable to the record.,"Supporting identifier, audit, or reconciliation field.",
04_GERT_Iteration_Data::Successful Iterations,04_GERT_Iteration_Data.xlsx,Successful Iterations,Dispute_Visited,bool,,Dispute Visited,Directly exported value.,Fresh seeded simulation from authoritative Word inputs.,0; 1,Blank only when the field is not applicable to the record.,Candidate predictor or response for later analysis.,
04_GERT_Iteration_Data::Successful Iterations,04_GERT_Iteration_Data.xlsx,Successful Iterations,Dispute_Visit_Count,int64,count,Dispute Visit Count,Directly exported value.,Fresh seeded simulation from authoritative Word inputs.,,Blank only when the field is not applicable to the record.,Candidate predictor or response for later analysis.,
04_GERT_Iteration_Data::Successful Iterations,04_GERT_Iteration_Data.xlsx,Successful Iterations,Any_Capped_Arc_Activated,bool,,Any Capped Arc Activated,Directly exported value.,Fresh seeded simulation from authoritative Word inputs.,0; 1,Blank only when the field is not applicable to the record.,Candidate predictor or response for later analysis.,
04_GERT_Iteration_Data::Successful Iterations,04_GERT_Iteration_Data.xlsx,Successful Iterations,Total_Capped_Arc_Traversals,int64,,Total Capped Arc Traversals,Directly exported value.,Fresh seeded simulation from authoritative Word inputs.,,Blank only when the field is not applicable to the record.,Candidate predictor or response for later analysis.,
04_GERT_Iteration_Data::Successful Iterations,04_GERT_Iteration_Data.xlsx,Successful Iterations,Any_Cap_Reached,bool,,Any Cap Reached,Directly exported value.,Fresh seeded simulation from authoritative Word inputs.,0; 1,Blank only when the field is not applicable to the record.,Candidate predictor or response for later analysis.,
04_GERT_Iteration_Data::Successful Iterations,04_GERT_Iteration_Data.xlsx,Successful Iterations,Cap_Event_Count,int64,count,Cap Event Count,Directly exported value.,Fresh seeded simulation from authoritative Word inputs.,,Blank only when the field is not applicable to the record.,Candidate predictor or response for later analysis.,
04_GERT_Iteration_Data::Successful Iterations,04_GERT_Iteration_Data.xlsx,Successful Iterations,Renormalisation_Event_Count,int64,count,Renormalisation Event Count,Directly exported value.,Fresh seeded simulation from authoritative Word inputs.,,Blank only when the field is not applicable to the record.,Candidate predictor or response for later analysis.,
04_GERT_Iteration_Data::Successful Iterations,04_GERT_Iteration_Data.xlsx,Successful Iterations,Maximum_Loop_Count,int64,count,Maximum Loop Count,Directly exported value.,Fresh seeded simulation from authoritative Word inputs.,,Blank only when the field is not applicable to the record.,Candidate predictor or response for later analysis.,
04_GERT_Iteration_Data::Successful Iterations,04_GERT_Iteration_Data.xlsx,Successful Iterations,e22_Count,int64,count,e22 Count,Directly exported value.,Fresh seeded simulation from authoritative Word inputs.,,Blank only when the field is not applicable to the record.,Candidate predictor or response for later analysis.,
04_GERT_Iteration_Data::Successful Iterations,04_GERT_Iteration_Data.xlsx,Successful Iterations,e21_Count,int64,count,e21 Count,Directly exported value.,Fresh seeded simulation from authoritative Word inputs.,,Blank only when the field is not applicable to the record.,Candidate predictor or response for later analysis.,
04_GERT_Iteration_Data::Successful Iterations,04_GERT_Iteration_Data.xlsx,Successful Iterations,e33_Count,int64,count,e33 Count,Directly exported value.,Fresh seeded simulation from authoritative Word inputs.,,Blank only when the field is not applicable to the record.,Candidate predictor or response for later analysis.,
04_GERT_Iteration_Data::Successful Iterations,04_GERT_Iteration_Data.xlsx,Successful Iterations,e32_Count,int64,count,e32 Count,Directly exported value.,Fresh seeded simulation from authoritative Word inputs.,,Blank only when the field is not applicable to the record.,Candidate predictor or response for later analysis.,
04_GERT_Iteration_Data::Successful Iterations,04_GERT_Iteration_Data.xlsx,Successful Iterations,e43_Count,int64,count,e43 Count,Directly exported value.,Fresh seeded simulation from authoritative Word inputs.,,Blank only when the field is not applicable to the record.,Candidate predictor or response for later analysis.,
04_GERT_Iteration_Data::Successful Iterations,04_GERT_Iteration_Data.xlsx,Successful Iterations,e42_Count,int64,count,e42 Count,Directly exported value.,Fresh seeded simulation from authoritative Word inputs.,,Blank only when the field is not applicable to the record.,Candidate predictor or response for later analysis.,
04_GERT_Iteration_Data::Successful Iterations,04_GERT_Iteration_Data.xlsx,Successful Iterations,e55_Count,int64,count,e55 Count,Directly exported value.,Fresh seeded simulation from authoritative Word inputs.,,Blank only when the field is not applicable to the record.,Candidate predictor or response for later analysis.,
04_GERT_Iteration_Data::Successful Iterations,04_GERT_Iteration_Data.xlsx,Successful Iterations,e54_Count,int64,count,e54 Count,Directly exported value.,Fresh seeded simulation from authoritative Word inputs.,,Blank only when the field is not applicable to the record.,Candidate predictor or response for later analysis.,
04_GERT_Iteration_Data::Successful Iterations,04_GERT_Iteration_Data.xlsx,Successful Iterations,e52_Count,int64,count,e52 Count,Directly exported value.,Fresh seeded simulation from authoritative Word inputs.,,Blank only when the field is not applicable to the record.,Candidate predictor or response for later analysis.,
04_GERT_Iteration_Data::Successful Iterations,04_GERT_Iteration_Data.xlsx,Successful Iterations,e66_Count,int64,count,e66 Count,Directly exported value.,Fresh seeded simulation from authoritative Word inputs.,,Blank only when the field is not applicable to the record.,Candidate predictor or response for later analysis.,
04_GERT_Iteration_Data::Terminated Iterations,04_GERT_Iteration_Data.xlsx,Terminated Iterations,Iteration_ID,int64,identifier,One-based Monte Carlo iteration identifier.,Directly exported value.,Fresh seeded simulation from authoritative Word inputs.,,Blank only when the field is not applicable to the record.,Candidate predictor or response for later analysis.,
04_GERT_Iteration_Data::Terminated Iterations,04_GERT_Iteration_Data.xlsx,Terminated Iterations,Run_ID,string,identifier,Run ID,Directly exported value.,Fresh seeded simulation from authoritative Word inputs.,,Blank only when the field is not applicable to the record.,"Supporting identifier, audit, or reconciliation field.",
04_GERT_Iteration_Data::Terminated Iterations,04_GERT_Iteration_Data.xlsx,Terminated Iterations,Root_Seed,int64,,Root Seed,Directly exported value.,Fresh seeded simulation from authoritative Word inputs.,,Blank only when the field is not applicable to the record.,Candidate predictor or response for later analysis.,
04_GERT_Iteration_Data::Terminated Iterations,04_GERT_Iteration_Data.xlsx,Terminated Iterations,Outcome,string,,Final absorbing GERT outcome.,Directly exported value.,Fresh seeded simulation from authoritative Word inputs.,Successful; Terminated,Blank only when the field is not applicable to the record.,Candidate predictor or response for later analysis.,
04_GERT_Iteration_Data::Terminated Iterations,04_GERT_Iteration_Data.xlsx,Terminated Iterations,Final_Node,string,,Final Node,Directly exported value.,Fresh seeded simulation from authoritative Word inputs.,S7; ST,Blank only when the field is not applicable to the record.,Candidate predictor or response for later analysis.,
04_GERT_Iteration_Data::Terminated Iterations,04_GERT_Iteration_Data.xlsx,Terminated Iterations,Valid,bool,,Valid,Directly exported value.,Fresh seeded simulation from authoritative Word inputs.,0; 1,Blank only when the field is not applicable to the record.,"Supporting identifier, audit, or reconciliation field.",
04_GERT_Iteration_Data::Terminated Iterations,04_GERT_Iteration_Data.xlsx,Terminated Iterations,Internal_Error,bool,,Internal Error,Directly exported value.,Fresh seeded simulation from authoritative Word inputs.,0; 1,Blank only when the field is not applicable to the record.,Candidate predictor or response for later analysis.,
04_GERT_Iteration_Data::Terminated Iterations,04_GERT_Iteration_Data.xlsx,Terminated Iterations,Reconciled,bool,,Reconciled,Directly exported value.,Fresh seeded simulation from authoritative Word inputs.,0; 1,Blank only when the field is not applicable to the record.,Candidate predictor or response for later analysis.,
04_GERT_Iteration_Data::Terminated Iterations,04_GERT_Iteration_Data.xlsx,Terminated Iterations,Reconciliation_Error,string,,Reconciliation Error,Directly exported value.,Fresh seeded simulation from authoritative Word inputs.,,Blank only when the field is not applicable to the record.,Candidate predictor or response for later analysis.,
04_GERT_Iteration_Data::Terminated Iterations,04_GERT_Iteration_Data.xlsx,Terminated Iterations,Total_Raw_Duration,double,days,Sum of unrounded stochastic durations for the iteration.,Directly exported value.,Fresh seeded simulation from authoritative Word inputs.,,Blank only when the field is not applicable to the record.,Candidate predictor or response for later analysis.,
04_GERT_Iteration_Data::Terminated Iterations,04_GERT_Iteration_Data.xlsx,Terminated Iterations,Total_Rounded_Duration,int64,days,Sum of individually ceiling-rounded stochastic durations for the iteration.,Directly exported value.,Fresh seeded simulation from authoritative Word inputs.,,Blank only when the field is not applicable to the record.,Candidate predictor or response for later analysis.,
04_GERT_Iteration_Data::Terminated Iterations,04_GERT_Iteration_Data.xlsx,Terminated Iterations,Transition_Count,int64,count,Transition Count,Directly exported value.,Fresh seeded simulation from authoritative Word inputs.,,Blank only when the field is not applicable to the record.,Candidate predictor or response for later analysis.,
04_GERT_Iteration_Data::Terminated Iterations,04_GERT_Iteration_Data.xlsx,Terminated Iterations,Node_Visit_Count,int64,count,Node Visit Count,Directly exported value.,Fresh seeded simulation from authoritative Word inputs.,,Blank only when the field is not applicable to the record.,Candidate predictor or response for later analysis.,
04_GERT_Iteration_Data::Terminated Iterations,04_GERT_Iteration_Data.xlsx,Terminated Iterations,Unique_Node_Count,int64,count,Unique Node Count,Directly exported value.,Fresh seeded simulation from authoritative Word inputs.,,Blank only when the field is not applicable to the record.,Candidate predictor or response for later analysis.,
04_GERT_Iteration_Data::Terminated Iterations,04_GERT_Iteration_Data.xlsx,Terminated Iterations,Unique_Arc_Count,int64,count,Unique Arc Count,Directly exported value.,Fresh seeded simulation from authoritative Word inputs.,,Blank only when the field is not applicable to the record.,Candidate predictor or response for later analysis.,
04_GERT_Iteration_Data::Terminated Iterations,04_GERT_Iteration_Data.xlsx,Terminated Iterations,Path_ID,int64,identifier,Path ID,Directly exported value.,Fresh seeded simulation from authoritative Word inputs.,,Blank only when the field is not applicable to the record.,Candidate predictor or response for later analysis.,
04_GERT_Iteration_Data::Terminated Iterations,04_GERT_Iteration_Data.xlsx,Terminated Iterations,Path_Hash,string,,Path Hash,Directly exported value.,Fresh seeded simulation from authoritative Word inputs.,,Blank only when the field is not applicable to the record.,Candidate predictor or response for later analysis.,
04_GERT_Iteration_Data::Terminated Iterations,04_GERT_Iteration_Data.xlsx,Terminated Iterations,Node_Sequence,string,,Node Sequence,Directly exported value.,Fresh seeded simulation from authoritative Word inputs.,,Blank only when the field is not applicable to the record.,Candidate predictor or response for later analysis.,
04_GERT_Iteration_Data::Terminated Iterations,04_GERT_Iteration_Data.xlsx,Terminated Iterations,Arc_Sequence,string,,Arc Sequence,Directly exported value.,Fresh seeded simulation from authoritative Word inputs.,,Blank only when the field is not applicable to the record.,"Supporting identifier, audit, or reconciliation field.",
04_GERT_Iteration_Data::Terminated Iterations,04_GERT_Iteration_Data.xlsx,Terminated Iterations,Dispute_Visited,bool,,Dispute Visited,Directly exported value.,Fresh seeded simulation from authoritative Word inputs.,0; 1,Blank only when the field is not applicable to the record.,Candidate predictor or response for later analysis.,
04_GERT_Iteration_Data::Terminated Iterations,04_GERT_Iteration_Data.xlsx,Terminated Iterations,Dispute_Visit_Count,int64,count,Dispute Visit Count,Directly exported value.,Fresh seeded simulation from authoritative Word inputs.,,Blank only when the field is not applicable to the record.,Candidate predictor or response for later analysis.,
04_GERT_Iteration_Data::Terminated Iterations,04_GERT_Iteration_Data.xlsx,Terminated Iterations,Any_Capped_Arc_Activated,bool,,Any Capped Arc Activated,Directly exported value.,Fresh seeded simulation from authoritative Word inputs.,0; 1,Blank only when the field is not applicable to the record.,Candidate predictor or response for later analysis.,
04_GERT_Iteration_Data::Terminated Iterations,04_GERT_Iteration_Data.xlsx,Terminated Iterations,Total_Capped_Arc_Traversals,int64,,Total Capped Arc Traversals,Directly exported value.,Fresh seeded simulation from authoritative Word inputs.,,Blank only when the field is not applicable to the record.,Candidate predictor or response for later analysis.,
04_GERT_Iteration_Data::Terminated Iterations,04_GERT_Iteration_Data.xlsx,Terminated Iterations,Any_Cap_Reached,bool,,Any Cap Reached,Directly exported value.,Fresh seeded simulation from authoritative Word inputs.,0; 1,Blank only when the field is not applicable to the record.,Candidate predictor or response for later analysis.,
04_GERT_Iteration_Data::Terminated Iterations,04_GERT_Iteration_Data.xlsx,Terminated Iterations,Cap_Event_Count,int64,count,Cap Event Count,Directly exported value.,Fresh seeded simulation from authoritative Word inputs.,,Blank only when the field is not applicable to the record.,Candidate predictor or response for later analysis.,
04_GERT_Iteration_Data::Terminated Iterations,04_GERT_Iteration_Data.xlsx,Terminated Iterations,Renormalisation_Event_Count,int64,count,Renormalisation Event Count,Directly exported value.,Fresh seeded simulation from authoritative Word inputs.,,Blank only when the field is not applicable to the record.,Candidate predictor or response for later analysis.,
04_GERT_Iteration_Data::Terminated Iterations,04_GERT_Iteration_Data.xlsx,Terminated Iterations,Maximum_Loop_Count,int64,count,Maximum Loop Count,Directly exported value.,Fresh seeded simulation from authoritative Word inputs.,,Blank only when the field is not applicable to the record.,Candidate predictor or response for later analysis.,
04_GERT_Iteration_Data::Terminated Iterations,04_GERT_Iteration_Data.xlsx,Terminated Iterations,e22_Count,int64,count,e22 Count,Directly exported value.,Fresh seeded simulation from authoritative Word inputs.,,Blank only when the field is not applicable to the record.,Candidate predictor or response for later analysis.,
04_GERT_Iteration_Data::Terminated Iterations,04_GERT_Iteration_Data.xlsx,Terminated Iterations,e21_Count,int64,count,e21 Count,Directly exported value.,Fresh seeded simulation from authoritative Word inputs.,,Blank only when the field is not applicable to the record.,Candidate predictor or response for later analysis.,
04_GERT_Iteration_Data::Terminated Iterations,04_GERT_Iteration_Data.xlsx,Terminated Iterations,e33_Count,int64,count,e33 Count,Directly exported value.,Fresh seeded simulation from authoritative Word inputs.,,Blank only when the field is not applicable to the record.,Candidate predictor or response for later analysis.,
04_GERT_Iteration_Data::Terminated Iterations,04_GERT_Iteration_Data.xlsx,Terminated Iterations,e32_Count,int64,count,e32 Count,Directly exported value.,Fresh seeded simulation from authoritative Word inputs.,,Blank only when the field is not applicable to the record.,Candidate predictor or response for later analysis.,
04_GERT_Iteration_Data::Terminated Iterations,04_GERT_Iteration_Data.xlsx,Terminated Iterations,e43_Count,int64,count,e43 Count,Directly exported value.,Fresh seeded simulation from authoritative Word inputs.,,Blank only when the field is not applicable to the record.,Candidate predictor or response for later analysis.,
04_GERT_Iteration_Data::Terminated Iterations,04_GERT_Iteration_Data.xlsx,Terminated Iterations,e42_Count,int64,count,e42 Count,Directly exported value.,Fresh seeded simulation from authoritative Word inputs.,,Blank only when the field is not applicable to the record.,Candidate predictor or response for later analysis.,
04_GERT_Iteration_Data::Terminated Iterations,04_GERT_Iteration_Data.xlsx,Terminated Iterations,e55_Count,int64,count,e55 Count,Directly exported value.,Fresh seeded simulation from authoritative Word inputs.,,Blank only when the field is not applicable to the record.,Candidate predictor or response for later analysis.,
04_GERT_Iteration_Data::Terminated Iterations,04_GERT_Iteration_Data.xlsx,Terminated Iterations,e54_Count,int64,count,e54 Count,Directly exported value.,Fresh seeded simulation from authoritative Word inputs.,,Blank only when the field is not applicable to the record.,Candidate predictor or response for later analysis.,
04_GERT_Iteration_Data::Terminated Iterations,04_GERT_Iteration_Data.xlsx,Terminated Iterations,e52_Count,int64,count,e52 Count,Directly exported value.,Fresh seeded simulation from authoritative Word inputs.,,Blank only when the field is not applicable to the record.,Candidate predictor or response for later analysis.,
04_GERT_Iteration_Data::Terminated Iterations,04_GERT_Iteration_Data.xlsx,Terminated Iterations,e66_Count,int64,count,e66 Count,Directly exported value.,Fresh seeded simulation from authoritative Word inputs.,,Blank only when the field is not applicable to the record.,Candidate predictor or response for later analysis.,
04_GERT_Iteration_Data::Invalid Iterations,04_GERT_Iteration_Data.xlsx,Invalid Iterations,Status,string,,Status,Directly exported value.,Fresh seeded simulation from authoritative Word inputs.,,Blank only when the field is not applicable to the record.,"Supporting identifier, audit, or reconciliation field.",
04_GERT_Iteration_Data::Invalid Iterations,04_GERT_Iteration_Data.xlsx,Invalid Iterations,Count,int64,count,Count,Directly exported value.,Fresh seeded simulation from authoritative Word inputs.,,Blank only when the field is not applicable to the record.,Candidate predictor or response for later analysis.,
04_GERT_Iteration_Data::Invalid Iterations,04_GERT_Iteration_Data.xlsx,Invalid Iterations,Denominator,int64,,Denominator,Directly exported value.,Fresh seeded simulation from authoritative Word inputs.,,Blank only when the field is not applicable to the record.,Candidate predictor or response for later analysis.,
04_GERT_Iteration_Data::Invalid Iterations,04_GERT_Iteration_Data.xlsx,Invalid Iterations,Explanation,string,,Explanation,Directly exported value.,Fresh seeded simulation from authoritative Word inputs.,,Blank only when the field is not applicable to the record.,Candidate predictor or response for later analysis.,
04_GERT_Iteration_Data::Data Dictionary,04_GERT_Iteration_Data.xlsx,Data Dictionary,Dataset,string,,Dataset,Directly exported value.,Fresh seeded simulation from authoritative Word inputs.,,Blank only when the field is not applicable to the record.,"Supporting identifier, audit, or reconciliation field.",
04_GERT_Iteration_Data::Data Dictionary,04_GERT_Iteration_Data.xlsx,Data Dictionary,Workbook,string,,Workbook,Directly exported value.,Fresh seeded simulation from authoritative Word inputs.,,Blank only when the field is not applicable to the record.,Candidate predictor or response for later analysis.,
04_GERT_Iteration_Data::Data Dictionary,04_GERT_Iteration_Data.xlsx,Data Dictionary,Worksheet,string,,Worksheet,Directly exported value.,Fresh seeded simulation from authoritative Word inputs.,,Blank only when the field is not applicable to the record.,Candidate predictor or response for later analysis.,
04_GERT_Iteration_Data::Data Dictionary,04_GERT_Iteration_Data.xlsx,Data Dictionary,Column_Name,string,,Column Name,Directly exported value.,Fresh seeded simulation from authoritative Word inputs.,,Blank only when the field is not applicable to the record.,Candidate predictor or response for later analysis.,
04_GERT_Iteration_Data::Data Dictionary,04_GERT_Iteration_Data.xlsx,Data Dictionary,Data_Type,string,,Data Type,Directly exported value.,Fresh seeded simulation from authoritative Word inputs.,,Blank only when the field is not applicable to the record.,Candidate predictor or response for later analysis.,
04_GERT_Iteration_Data::Data Dictionary,04_GERT_Iteration_Data.xlsx,Data Dictionary,Unit,string,,Unit,Directly exported value.,Fresh seeded simulation from authoritative Word inputs.,,Blank only when the field is not applicable to the record.,"Supporting identifier, audit, or reconciliation field.",
04_GERT_Iteration_Data::Data Dictionary,04_GERT_Iteration_Data.xlsx,Data Dictionary,Definition,string,,Definition,Directly exported value.,Fresh seeded simulation from authoritative Word inputs.,,Blank only when the field is not applicable to the record.,Candidate predictor or response for later analysis.,
04_GERT_Iteration_Data::Data Dictionary,04_GERT_Iteration_Data.xlsx,Data Dictionary,Calculation,string,,Calculation,Directly exported value.,Fresh seeded simulation from authoritative Word inputs.,,Blank only when the field is not applicable to the record.,Candidate predictor or response for later analysis.,
04_GERT_Iteration_Data::Data Dictionary,04_GERT_Iteration_Data.xlsx,Data Dictionary,Source,string,,Source,Directly exported value.,Fresh seeded simulation from authoritative Word inputs.,,Blank only when the field is not applicable to the record.,Candidate predictor or response for later analysis.,
04_GERT_Iteration_Data::Data Dictionary,04_GERT_Iteration_Data.xlsx,Data Dictionary,Allowed_Values,string,,Allowed Values,Directly exported value.,Fresh seeded simulation from authoritative Word inputs.,,Blank only when the field is not applicable to the record.,Candidate predictor or response for later analysis.,
04_GERT_Iteration_Data::Data Dictionary,04_GERT_Iteration_Data.xlsx,Data Dictionary,Missing_Value_Rule,string,,Missing Value Rule,Directly exported value.,Fresh seeded simulation from authoritative Word inputs.,,Blank only when the field is not applicable to the record.,"Supporting identifier, audit, or reconciliation field.",
04_GERT_Iteration_Data::Data Dictionary,04_GERT_Iteration_Data.xlsx,Data Dictionary,Sensitivity_Use,string,,Sensitivity Use,Directly exported value.,Fresh seeded simulation from authoritative Word inputs.,,Blank only when the field is not applicable to the record.,"Supporting identifier, audit, or reconciliation field.",
04_GERT_Iteration_Data::Data Dictionary,04_GERT_Iteration_Data.xlsx,Data Dictionary,Notes,string,,Notes,Directly exported value.,Fresh seeded simulation from authoritative Word inputs.,,Blank only when the field is not applicable to the record.,Candidate predictor or response for later analysis.,
