Iteration_ID,Step_Number,Loop_ID,Arc_Tag,Loop_Cap,Count_When_Reached,Outcome
119,4,e22,e22,2,2,Successful
368,7,e54,e54,2,2,Successful
478,4,e22,e22,2,2,Successful
1219,8,e66,e66,2,2,Successful
1411,6,e43,e43,2,2,Successful
2247,6,e43,e43,2,2,Successful
2862,7,e66,e66,2,2,Successful
2948,4,e22,e22,2,2,Successful
3049,7,e54,e54,2,2,Successful
3269,7,e66,e66,2,2,Successful
3624,7,e66,e66,2,2,Successful
3748,7,e22,e22,2,2,Successful
4867,5,e21,e21,2,2,Terminated
4987,4,e22,e22,2,2,Successful
5015,5,e21,e21,2,2,Successful
7149,7,e54,e54,2,2,Successful
7270,7,e66,e66,2,2,Successful
7386,5,e21,e21,2,2,Successful
7663,5,e21,e21,2,2,Successful
7933,4,e22,e22,2,2,Successful
8230,7,e22,e22,2,2,Terminated
8485,6,e42,e42,2,2,Successful
8684,5,e21,e21,2,2,Terminated
8856,5,e21,e21,2,2,Terminated
9403,4,e22,e22,2,2,Successful
9725,4,e22,e22,2,2,Successful
9734,4,e22,e22,2,2,Successful
10537,4,e22,e22,2,2,Successful
11334,7,e66,e66,2,2,Successful
11580,4,e22,e22,2,2,Successful
11697,8,e42,e42,2,2,Successful
11887,7,e66,e66,2,2,Successful
12110,4,e22,e22,2,2,Successful
12393,6,e43,e43,2,2,Successful
12688,7,e66,e66,2,2,Successful
13601,7,e66,e66,2,2,Successful
13847,4,e22,e22,2,2,Successful
14185,4,e22,e22,2,2,Successful
15666,4,e22,e22,2,2,Successful
16456,7,e66,e66,2,2,Successful
16627,6,e43,e43,2,2,Successful
16698,11,e33,e33,2,2,Successful
16849,6,e43,e43,2,2,Successful
17472,6,e43,e43,2,2,Successful
17695,5,e21,e21,2,2,Terminated
18033,5,e21,e21,2,2,Successful
18348,7,e66,e66,2,2,Successful
18813,5,e21,e21,2,2,Successful
18828,7,e66,e66,2,2,Successful
19327,4,e22,e22,2,2,Successful
19526,4,e22,e22,2,2,Successful
19673,7,e42,e42,2,2,Successful
20555,7,e66,e66,2,2,Successful
21406,5,e21,e21,2,2,Successful
21555,4,e22,e22,2,2,Successful
21982,6,e66,e66,2,2,Successful
22199,7,e66,e66,2,2,Successful
22378,4,e22,e22,2,2,Successful
22837,6,e33,e33,2,2,Successful
22942,6,e22,e22,2,2,Successful
23250,4,e22,e22,2,2,Successful
23590,5,e21,e21,2,2,Terminated
23728,5,e21,e21,2,2,Successful
23818,6,e43,e43,2,2,Successful
23887,5,e21,e21,2,2,Successful
23910,5,e21,e21,2,2,Successful
23980,4,e22,e22,2,2,Successful
24369,9,e66,e66,2,2,Successful
24395,5,e21,e21,2,2,Successful
24587,6,e43,e43,2,2,Successful
24592,4,e22,e22,2,2,Successful
24654,7,e66,e66,2,2,Successful
24785,5,e21,e21,2,2,Terminated
24958,6,e55,e55,2,2,Successful
25157,6,e43,e43,2,2,Successful
25188,4,e22,e22,2,2,Successful
25350,5,e21,e21,2,2,Successful
25550,7,e66,e66,2,2,Successful
25672,7,e66,e66,2,2,Successful
25771,4,e22,e22,2,2,Successful
25944,4,e22,e22,2,2,Successful
26228,7,e66,e66,2,2,Successful
27166,4,e22,e22,2,2,Successful
27332,7,e54,e54,2,2,Successful
27967,11,e66,e66,2,2,Successful
28562,10,e66,e66,2,2,Successful
28958,4,e22,e22,2,2,Successful
29064,6,e42,e42,2,2,Successful
29194,7,e66,e66,2,2,Successful
30183,5,e21,e21,2,2,Successful
30208,7,e54,e54,2,2,Successful
30856,5,e21,e21,2,2,Terminated
31000,8,e43,e43,2,2,Successful
31454,7,e54,e54,2,2,Successful
32318,6,e55,e55,2,2,Successful
32538,7,e54,e54,2,2,Successful
32648,7,e66,e66,2,2,Successful
33506,4,e22,e22,2,2,Successful
33616,11,e52,e52,2,2,Successful
34072,6,e55,e55,2,2,Successful
34263,5,e21,e21,2,2,Successful
34497,7,e66,e66,2,2,Successful
34929,6,e43,e43,2,2,Successful
35754,4,e22,e22,2,2,Successful
36176,5,e21,e21,2,2,Terminated
36303,9,e43,e43,2,2,Successful
36489,6,e66,e66,2,2,Successful
36746,5,e21,e21,2,2,Terminated
37281,5,e21,e21,2,2,Terminated
37289,7,e66,e66,2,2,Successful
37372,6,e43,e43,2,2,Successful
38134,5,e21,e21,2,2,Terminated
38368,7,e54,e54,2,2,Successful
38505,7,e54,e54,2,2,Successful
38572,4,e22,e22,2,2,Successful
38827,6,e43,e43,2,2,Successful
39086,7,e21,e21,2,2,Terminated
39642,6,e43,e43,2,2,Successful
39942,7,e22,e22,2,2,Successful
40165,7,e66,e66,2,2,Successful
41456,5,e21,e21,2,2,Successful
41935,8,e52,e52,2,2,Successful
42313,4,e22,e22,2,2,Successful
42905,4,e22,e22,2,2,Successful
43067,4,e22,e22,2,2,Successful
43201,4,e22,e22,2,2,Successful
43365,7,e66,e66,2,2,Successful
43400,7,e54,e54,2,2,Successful
43501,5,e21,e21,2,2,Successful
43680,4,e22,e22,2,2,Successful
44533,5,e21,e21,2,2,Successful
44671,7,e66,e66,2,2,Successful
44762,7,e54,e54,2,2,Successful
44896,7,e66,e66,2,2,Successful
45343,8,e66,e66,2,2,Successful
46339,4,e22,e22,2,2,Successful
46567,4,e22,e22,2,2,Successful
47538,5,e21,e21,2,2,Terminated
47546,4,e22,e22,2,2,Successful
47710,6,e21,e21,2,2,Successful
48301,8,e52,e52,2,2,Successful
48331,7,e66,e66,2,2,Successful
48566,7,e66,e66,2,2,Successful
48683,7,e54,e54,2,2,Successful
48828,5,e21,e21,2,2,Successful
49071,5,e21,e21,2,2,Terminated
49264,4,e22,e22,2,2,Successful
