Iteration_ID,Event_Number,Step_Number,Current_Node,Capped_Arcs,Loop_Counters,Original_Probabilities,Eligibility,Effective_Probabilities,Remaining_Original_Probability_Sum,Effective_Probability_Sum,Selected_Arc,Outcome
119,1,5,S2,e22,e22=2;e21=0;e33=0;e32=0;e43=0;e42=0;e55=0;e54=0;e52=0;e66=0,e23=0.01;e24=0.90000000000000002;e22=0.040000000000000001;e21=0.040000000000000001;e2T=0.01,e23=Y;e24=Y;e22=N;e21=Y;e2T=Y,e23=0.010416666666666666;e24=0.9375;e22=0;e21=0.041666666666666664;e2T=0.010416666666666666,0.96000000000000008,1,e24,Successful
368,1,9,S5,e54,e22=0;e21=0;e33=0;e32=0;e43=0;e42=0;e55=0;e54=2;e52=0;e66=0,e56=0.90000000000000002;e57=0.050000000000000003;e55=0.01;e54=0.02;e52=0.01;e5D=0.01,e56=Y;e57=Y;e55=Y;e54=N;e52=Y;e5D=Y,e56=0.91836734693877553;e57=0.051020408163265307;e55=0.010204081632653062;e54=0;e52=0.010204081632653062;e5D=0.010204081632653062,0.97999999999999998,1,e56,Successful
478,1,5,S2,e22,e22=2;e21=0;e33=0;e32=0;e43=0;e42=0;e55=0;e54=0;e52=0;e66=0,e23=0.01;e24=0.90000000000000002;e22=0.040000000000000001;e21=0.040000000000000001;e2T=0.01,e23=Y;e24=Y;e22=N;e21=Y;e2T=Y,e23=0.010416666666666666;e24=0.9375;e22=0;e21=0.041666666666666664;e2T=0.010416666666666666,0.96000000000000008,1,e24,Successful
1219,1,9,S6,e66,e22=0;e21=0;e33=0;e32=0;e43=0;e42=0;e55=1;e54=0;e52=0;e66=2,e67=0.94999999999999996;e66=0.040000000000000001;e6D=0.01,e67=Y;e66=N;e6D=Y,e67=0.98958333333333337;e66=0;e6D=0.010416666666666668,0.95999999999999996,1,e67,Successful
1411,1,8,S4,e43,e22=0;e21=0;e33=0;e32=0;e43=2;e42=0;e55=0;e54=0;e52=0;e66=0,e45=0.90000000000000002;e46=0.050000000000000003;e43=0.02;e42=0.01;e4D=0.02,e45=Y;e46=Y;e43=N;e42=Y;e4D=Y,e45=0.91836734693877553;e46=0.051020408163265307;e43=0;e42=0.010204081632653062;e4D=0.020408163265306124,0.97999999999999998,1,e45,Successful
2247,1,9,S4,e43,e22=0;e21=0;e33=1;e32=0;e43=2;e42=0;e55=0;e54=0;e52=0;e66=0,e45=0.90000000000000002;e46=0.050000000000000003;e43=0.02;e42=0.01;e4D=0.02,e45=Y;e46=Y;e43=N;e42=Y;e4D=Y,e45=0.91836734693877553;e46=0.051020408163265307;e43=0;e42=0.010204081632653062;e4D=0.020408163265306124,0.97999999999999998,1,e46,Successful
2862,1,8,S6,e66,e22=0;e21=0;e33=0;e32=0;e43=0;e42=0;e55=0;e54=0;e52=0;e66=2,e67=0.94999999999999996;e66=0.040000000000000001;e6D=0.01,e67=Y;e66=N;e6D=Y,e67=0.98958333333333337;e66=0;e6D=0.010416666666666668,0.95999999999999996,1,e67,Successful
2948,1,5,S2,e22,e22=2;e21=0;e33=0;e32=0;e43=0;e42=0;e55=0;e54=0;e52=0;e66=0,e23=0.01;e24=0.90000000000000002;e22=0.040000000000000001;e21=0.040000000000000001;e2T=0.01,e23=Y;e24=Y;e22=N;e21=Y;e2T=Y,e23=0.010416666666666666;e24=0.9375;e22=0;e21=0.041666666666666664;e2T=0.010416666666666666,0.96000000000000008,1,e24,Successful
3049,1,9,S5,e54,e22=0;e21=0;e33=0;e32=0;e43=0;e42=0;e55=0;e54=2;e52=0;e66=0,e56=0.90000000000000002;e57=0.050000000000000003;e55=0.01;e54=0.02;e52=0.01;e5D=0.01,e56=Y;e57=Y;e55=Y;e54=N;e52=Y;e5D=Y,e56=0.91836734693877553;e57=0.051020408163265307;e55=0.010204081632653062;e54=0;e52=0.010204081632653062;e5D=0.010204081632653062,0.97999999999999998,1,e56,Successful
3269,1,8,S6,e66,e22=0;e21=0;e33=0;e32=0;e43=0;e42=0;e55=0;e54=0;e52=0;e66=2,e67=0.94999999999999996;e66=0.040000000000000001;e6D=0.01,e67=Y;e66=N;e6D=Y,e67=0.98958333333333337;e66=0;e6D=0.010416666666666668,0.95999999999999996,1,e67,Successful
3624,1,8,S6,e66,e22=0;e21=0;e33=0;e32=0;e43=0;e42=0;e55=0;e54=0;e52=0;e66=2,e67=0.94999999999999996;e66=0.040000000000000001;e6D=0.01,e67=Y;e66=N;e6D=Y,e67=0.98958333333333337;e66=0;e6D=0.010416666666666668,0.95999999999999996,1,e67,Successful
3748,1,8,S2,e22,e22=2;e21=0;e33=0;e32=0;e43=0;e42=0;e55=0;e54=0;e52=1;e66=0,e23=0.01;e24=0.90000000000000002;e22=0.040000000000000001;e21=0.040000000000000001;e2T=0.01,e23=Y;e24=Y;e22=N;e21=Y;e2T=Y,e23=0.010416666666666666;e24=0.9375;e22=0;e21=0.041666666666666664;e2T=0.010416666666666666,0.96000000000000008,1,e24,Successful
4987,1,5,S2,e22,e22=2;e21=0;e33=0;e32=0;e43=0;e42=0;e55=0;e54=0;e52=0;e66=0,e23=0.01;e24=0.90000000000000002;e22=0.040000000000000001;e21=0.040000000000000001;e2T=0.01,e23=Y;e24=Y;e22=N;e21=Y;e2T=Y,e23=0.010416666666666666;e24=0.9375;e22=0;e21=0.041666666666666664;e2T=0.010416666666666666,0.96000000000000008,1,e24,Successful
5015,1,7,S2,e21,e22=0;e21=2;e33=0;e32=0;e43=0;e42=0;e55=0;e54=0;e52=0;e66=0,e23=0.01;e24=0.90000000000000002;e22=0.040000000000000001;e21=0.040000000000000001;e2T=0.01,e23=Y;e24=Y;e22=Y;e21=N;e2T=Y,e23=0.010416666666666666;e24=0.9375;e22=0.041666666666666664;e21=0;e2T=0.010416666666666666,0.96000000000000008,1,e24,Successful
7149,1,9,S5,e54,e22=0;e21=0;e33=0;e32=0;e43=0;e42=0;e55=0;e54=2;e52=0;e66=0,e56=0.90000000000000002;e57=0.050000000000000003;e55=0.01;e54=0.02;e52=0.01;e5D=0.01,e56=Y;e57=Y;e55=Y;e54=N;e52=Y;e5D=Y,e56=0.91836734693877553;e57=0.051020408163265307;e55=0.010204081632653062;e54=0;e52=0.010204081632653062;e5D=0.010204081632653062,0.97999999999999998,1,e56,Successful
7270,1,8,S6,e66,e22=0;e21=0;e33=0;e32=0;e43=0;e42=0;e55=0;e54=0;e52=0;e66=2,e67=0.94999999999999996;e66=0.040000000000000001;e6D=0.01,e67=Y;e66=N;e6D=Y,e67=0.98958333333333337;e66=0;e6D=0.010416666666666668,0.95999999999999996,1,e67,Successful
7386,1,7,S2,e21,e22=0;e21=2;e33=0;e32=0;e43=0;e42=0;e55=0;e54=0;e52=0;e66=0,e23=0.01;e24=0.90000000000000002;e22=0.040000000000000001;e21=0.040000000000000001;e2T=0.01,e23=Y;e24=Y;e22=Y;e21=N;e2T=Y,e23=0.010416666666666666;e24=0.9375;e22=0.041666666666666664;e21=0;e2T=0.010416666666666666,0.96000000000000008,1,e24,Successful
7663,1,7,S2,e21,e22=0;e21=2;e33=0;e32=0;e43=0;e42=0;e55=0;e54=0;e52=0;e66=0,e23=0.01;e24=0.90000000000000002;e22=0.040000000000000001;e21=0.040000000000000001;e2T=0.01,e23=Y;e24=Y;e22=Y;e21=N;e2T=Y,e23=0.010416666666666666;e24=0.9375;e22=0.041666666666666664;e21=0;e2T=0.010416666666666666,0.96000000000000008,1,e24,Successful
7933,1,5,S2,e22,e22=2;e21=0;e33=0;e32=0;e43=0;e42=0;e55=0;e54=0;e52=0;e66=0,e23=0.01;e24=0.90000000000000002;e22=0.040000000000000001;e21=0.040000000000000001;e2T=0.01,e23=Y;e24=Y;e22=N;e21=Y;e2T=Y,e23=0.010416666666666666;e24=0.9375;e22=0;e21=0.041666666666666664;e2T=0.010416666666666666,0.96000000000000008,1,e24,Successful
8230,1,8,S2,e22,e22=2;e21=1;e33=0;e32=0;e43=0;e42=0;e55=0;e54=0;e52=1;e66=0,e23=0.01;e24=0.90000000000000002;e22=0.040000000000000001;e21=0.040000000000000001;e2T=0.01,e23=Y;e24=Y;e22=N;e21=Y;e2T=Y,e23=0.010416666666666666;e24=0.9375;e22=0;e21=0.041666666666666664;e2T=0.010416666666666666,0.96000000000000008,1,e21,Terminated
8485,1,8,S4,e42,e22=0;e21=0;e33=0;e32=0;e43=0;e42=2;e55=0;e54=0;e52=0;e66=0,e45=0.90000000000000002;e46=0.050000000000000003;e43=0.02;e42=0.01;e4D=0.02,e45=Y;e46=Y;e43=Y;e42=N;e4D=Y,e45=0.90909090909090917;e46=0.050505050505050511;e43=0.020202020202020204;e42=0;e4D=0.020202020202020204,0.98999999999999999,1,e45,Successful
9403,1,5,S2,e22,e22=2;e21=0;e33=0;e32=0;e43=0;e42=0;e55=0;e54=0;e52=0;e66=0,e23=0.01;e24=0.90000000000000002;e22=0.040000000000000001;e21=0.040000000000000001;e2T=0.01,e23=Y;e24=Y;e22=N;e21=Y;e2T=Y,e23=0.010416666666666666;e24=0.9375;e22=0;e21=0.041666666666666664;e2T=0.010416666666666666,0.96000000000000008,1,e24,Successful
9725,1,5,S2,e22,e22=2;e21=0;e33=0;e32=0;e43=0;e42=0;e55=0;e54=0;e52=0;e66=0,e23=0.01;e24=0.90000000000000002;e22=0.040000000000000001;e21=0.040000000000000001;e2T=0.01,e23=Y;e24=Y;e22=N;e21=Y;e2T=Y,e23=0.010416666666666666;e24=0.9375;e22=0;e21=0.041666666666666664;e2T=0.010416666666666666,0.96000000000000008,1,e24,Successful
9734,1,5,S2,e22,e22=2;e21=0;e33=0;e32=0;e43=0;e42=0;e55=0;e54=0;e52=0;e66=0,e23=0.01;e24=0.90000000000000002;e22=0.040000000000000001;e21=0.040000000000000001;e2T=0.01,e23=Y;e24=Y;e22=N;e21=Y;e2T=Y,e23=0.010416666666666666;e24=0.9375;e22=0;e21=0.041666666666666664;e2T=0.010416666666666666,0.96000000000000008,1,e24,Successful
10537,1,5,S2,e22,e22=2;e21=0;e33=0;e32=0;e43=0;e42=0;e55=0;e54=0;e52=0;e66=0,e23=0.01;e24=0.90000000000000002;e22=0.040000000000000001;e21=0.040000000000000001;e2T=0.01,e23=Y;e24=Y;e22=N;e21=Y;e2T=Y,e23=0.010416666666666666;e24=0.9375;e22=0;e21=0.041666666666666664;e2T=0.010416666666666666,0.96000000000000008,1,e24,Successful
11334,1,8,S6,e66,e22=0;e21=0;e33=0;e32=0;e43=0;e42=0;e55=0;e54=0;e52=0;e66=2,e67=0.94999999999999996;e66=0.040000000000000001;e6D=0.01,e67=Y;e66=N;e6D=Y,e67=0.98958333333333337;e66=0;e6D=0.010416666666666668,0.95999999999999996,1,e67,Successful
11580,1,5,S2,e22,e22=2;e21=0;e33=0;e32=0;e43=0;e42=0;e55=0;e54=0;e52=0;e66=0,e23=0.01;e24=0.90000000000000002;e22=0.040000000000000001;e21=0.040000000000000001;e2T=0.01,e23=Y;e24=Y;e22=N;e21=Y;e2T=Y,e23=0.010416666666666666;e24=0.9375;e22=0;e21=0.041666666666666664;e2T=0.010416666666666666,0.96000000000000008,1,e24,Successful
11697,1,10,S4,e42,e22=0;e21=1;e33=0;e32=0;e43=0;e42=2;e55=0;e54=0;e52=0;e66=0,e45=0.90000000000000002;e46=0.050000000000000003;e43=0.02;e42=0.01;e4D=0.02,e45=Y;e46=Y;e43=Y;e42=N;e4D=Y,e45=0.90909090909090917;e46=0.050505050505050511;e43=0.020202020202020204;e42=0;e4D=0.020202020202020204,0.98999999999999999,1,e45,Successful
11887,1,8,S6,e66,e22=0;e21=0;e33=0;e32=0;e43=0;e42=0;e55=0;e54=0;e52=0;e66=2,e67=0.94999999999999996;e66=0.040000000000000001;e6D=0.01,e67=Y;e66=N;e6D=Y,e67=0.98958333333333337;e66=0;e6D=0.010416666666666668,0.95999999999999996,1,e67,Successful
12110,1,5,S2,e22,e22=2;e21=0;e33=0;e32=0;e43=0;e42=0;e55=0;e54=0;e52=0;e66=0,e23=0.01;e24=0.90000000000000002;e22=0.040000000000000001;e21=0.040000000000000001;e2T=0.01,e23=Y;e24=Y;e22=N;e21=Y;e2T=Y,e23=0.010416666666666666;e24=0.9375;e22=0;e21=0.041666666666666664;e2T=0.010416666666666666,0.96000000000000008,1,e24,Successful
12393,1,8,S4,e43,e22=0;e21=0;e33=0;e32=0;e43=2;e42=0;e55=0;e54=0;e52=0;e66=0,e45=0.90000000000000002;e46=0.050000000000000003;e43=0.02;e42=0.01;e4D=0.02,e45=Y;e46=Y;e43=N;e42=Y;e4D=Y,e45=0.91836734693877553;e46=0.051020408163265307;e43=0;e42=0.010204081632653062;e4D=0.020408163265306124,0.97999999999999998,1,e45,Successful
12688,1,8,S6,e66,e22=0;e21=0;e33=0;e32=0;e43=0;e42=0;e55=0;e54=0;e52=0;e66=2,e67=0.94999999999999996;e66=0.040000000000000001;e6D=0.01,e67=Y;e66=N;e6D=Y,e67=0.98958333333333337;e66=0;e6D=0.010416666666666668,0.95999999999999996,1,e67,Successful
13601,1,8,S6,e66,e22=0;e21=0;e33=0;e32=0;e43=0;e42=0;e55=0;e54=0;e52=0;e66=2,e67=0.94999999999999996;e66=0.040000000000000001;e6D=0.01,e67=Y;e66=N;e6D=Y,e67=0.98958333333333337;e66=0;e6D=0.010416666666666668,0.95999999999999996,1,e67,Successful
13847,1,5,S2,e22,e22=2;e21=0;e33=0;e32=0;e43=0;e42=0;e55=0;e54=0;e52=0;e66=0,e23=0.01;e24=0.90000000000000002;e22=0.040000000000000001;e21=0.040000000000000001;e2T=0.01,e23=Y;e24=Y;e22=N;e21=Y;e2T=Y,e23=0.010416666666666666;e24=0.9375;e22=0;e21=0.041666666666666664;e2T=0.010416666666666666,0.96000000000000008,1,e24,Successful
14185,1,5,S2,e22,e22=2;e21=0;e33=0;e32=0;e43=0;e42=0;e55=0;e54=0;e52=0;e66=0,e23=0.01;e24=0.90000000000000002;e22=0.040000000000000001;e21=0.040000000000000001;e2T=0.01,e23=Y;e24=Y;e22=N;e21=Y;e2T=Y,e23=0.010416666666666666;e24=0.9375;e22=0;e21=0.041666666666666664;e2T=0.010416666666666666,0.96000000000000008,1,e24,Successful
15666,1,5,S2,e22,e22=2;e21=0;e33=0;e32=0;e43=0;e42=0;e55=0;e54=0;e52=0;e66=0,e23=0.01;e24=0.90000000000000002;e22=0.040000000000000001;e21=0.040000000000000001;e2T=0.01,e23=Y;e24=Y;e22=N;e21=Y;e2T=Y,e23=0.010416666666666666;e24=0.9375;e22=0;e21=0.041666666666666664;e2T=0.010416666666666666,0.96000000000000008,1,e24,Successful
16456,1,8,S6,e66,e22=0;e21=0;e33=0;e32=0;e43=0;e42=0;e55=0;e54=0;e52=0;e66=2,e67=0.94999999999999996;e66=0.040000000000000001;e6D=0.01,e67=Y;e66=N;e6D=Y,e67=0.98958333333333337;e66=0;e6D=0.010416666666666668,0.95999999999999996,1,e67,Successful
16627,1,8,S4,e43,e22=0;e21=0;e33=0;e32=0;e43=2;e42=0;e55=0;e54=0;e52=0;e66=0,e45=0.90000000000000002;e46=0.050000000000000003;e43=0.02;e42=0.01;e4D=0.02,e45=Y;e46=Y;e43=N;e42=Y;e4D=Y,e45=0.91836734693877553;e46=0.051020408163265307;e43=0;e42=0.010204081632653062;e4D=0.020408163265306124,0.97999999999999998,1,e45,Successful
16698,1,12,S3,e33,e22=0;e21=0;e33=2;e32=0;e43=0;e42=0;e55=0;e54=0;e52=0;e66=0,e34=0.90000000000000002;e33=0.040000000000000001;e32=0.040000000000000001;e3T=0.01;e3D=0.01,e34=Y;e33=N;e32=Y;e3T=Y;e3D=Y,e34=0.9375;e33=0;e32=0.041666666666666664;e3T=0.010416666666666666;e3D=0.010416666666666666,0.96000000000000008,1,e34,Successful
16849,1,8,S4,e43,e22=0;e21=0;e33=0;e32=0;e43=2;e42=0;e55=0;e54=0;e52=0;e66=0,e45=0.90000000000000002;e46=0.050000000000000003;e43=0.02;e42=0.01;e4D=0.02,e45=Y;e46=Y;e43=N;e42=Y;e4D=Y,e45=0.91836734693877553;e46=0.051020408163265307;e43=0;e42=0.010204081632653062;e4D=0.020408163265306124,0.97999999999999998,1,e45,Successful
17472,1,8,S4,e43,e22=0;e21=0;e33=0;e32=0;e43=2;e42=0;e55=0;e54=0;e52=0;e66=0,e45=0.90000000000000002;e46=0.050000000000000003;e43=0.02;e42=0.01;e4D=0.02,e45=Y;e46=Y;e43=N;e42=Y;e4D=Y,e45=0.91836734693877553;e46=0.051020408163265307;e43=0;e42=0.010204081632653062;e4D=0.020408163265306124,0.97999999999999998,1,e45,Successful
18033,1,7,S2,e21,e22=1;e21=2;e33=0;e32=0;e43=0;e42=0;e55=0;e54=0;e52=0;e66=0,e23=0.01;e24=0.90000000000000002;e22=0.040000000000000001;e21=0.040000000000000001;e2T=0.01,e23=Y;e24=Y;e22=Y;e21=N;e2T=Y,e23=0.010416666666666666;e24=0.9375;e22=0.041666666666666664;e21=0;e2T=0.010416666666666666,0.96000000000000008,1,e22,Successful
18033,2,8,S2,e21,e22=1;e21=2;e33=0;e32=0;e43=0;e42=0;e55=0;e54=0;e52=0;e66=0,e23=0.01;e24=0.90000000000000002;e22=0.040000000000000001;e21=0.040000000000000001;e2T=0.01,e23=Y;e24=Y;e22=Y;e21=N;e2T=Y,e23=0.010416666666666666;e24=0.9375;e22=0.041666666666666664;e21=0;e2T=0.010416666666666666,0.96000000000000008,1,e24,Successful
18348,1,8,S6,e66,e22=0;e21=0;e33=0;e32=0;e43=0;e42=0;e55=0;e54=0;e52=0;e66=2,e67=0.94999999999999996;e66=0.040000000000000001;e6D=0.01,e67=Y;e66=N;e6D=Y,e67=0.98958333333333337;e66=0;e6D=0.010416666666666668,0.95999999999999996,1,e67,Successful
18813,1,7,S2,e21,e22=0;e21=2;e33=0;e32=0;e43=0;e42=0;e55=0;e54=0;e52=0;e66=0,e23=0.01;e24=0.90000000000000002;e22=0.040000000000000001;e21=0.040000000000000001;e2T=0.01,e23=Y;e24=Y;e22=Y;e21=N;e2T=Y,e23=0.010416666666666666;e24=0.9375;e22=0.041666666666666664;e21=0;e2T=0.010416666666666666,0.96000000000000008,1,e24,Successful
18828,1,8,S6,e66,e22=0;e21=0;e33=0;e32=0;e43=0;e42=0;e55=0;e54=0;e52=0;e66=2,e67=0.94999999999999996;e66=0.040000000000000001;e6D=0.01,e67=Y;e66=N;e6D=Y,e67=0.98958333333333337;e66=0;e6D=0.010416666666666668,0.95999999999999996,1,e67,Successful
19327,1,5,S2,e22,e22=2;e21=0;e33=0;e32=0;e43=0;e42=0;e55=0;e54=0;e52=0;e66=0,e23=0.01;e24=0.90000000000000002;e22=0.040000000000000001;e21=0.040000000000000001;e2T=0.01,e23=Y;e24=Y;e22=N;e21=Y;e2T=Y,e23=0.010416666666666666;e24=0.9375;e22=0;e21=0.041666666666666664;e2T=0.010416666666666666,0.96000000000000008,1,e24,Successful
19526,1,5,S2,e22,e22=2;e21=0;e33=0;e32=0;e43=0;e42=0;e55=0;e54=0;e52=0;e66=0,e23=0.01;e24=0.90000000000000002;e22=0.040000000000000001;e21=0.040000000000000001;e2T=0.01,e23=Y;e24=Y;e22=N;e21=Y;e2T=Y,e23=0.010416666666666666;e24=0.9375;e22=0;e21=0.041666666666666664;e2T=0.010416666666666666,0.96000000000000008,1,e24,Successful
19673,1,10,S4,e42,e22=0;e21=0;e33=0;e32=0;e43=0;e42=2;e55=0;e54=0;e52=0;e66=0,e45=0.90000000000000002;e46=0.050000000000000003;e43=0.02;e42=0.01;e4D=0.02,e45=Y;e46=Y;e43=Y;e42=N;e4D=Y,e45=0.90909090909090917;e46=0.050505050505050511;e43=0.020202020202020204;e42=0;e4D=0.020202020202020204,0.98999999999999999,1,e45,Successful
20555,1,8,S6,e66,e22=0;e21=0;e33=0;e32=0;e43=0;e42=0;e55=0;e54=0;e52=0;e66=2,e67=0.94999999999999996;e66=0.040000000000000001;e6D=0.01,e67=Y;e66=N;e6D=Y,e67=0.98958333333333337;e66=0;e6D=0.010416666666666668,0.95999999999999996,1,e67,Successful
21406,1,7,S2,e21,e22=0;e21=2;e33=0;e32=0;e43=0;e42=0;e55=0;e54=0;e52=0;e66=0,e23=0.01;e24=0.90000000000000002;e22=0.040000000000000001;e21=0.040000000000000001;e2T=0.01,e23=Y;e24=Y;e22=Y;e21=N;e2T=Y,e23=0.010416666666666666;e24=0.9375;e22=0.041666666666666664;e21=0;e2T=0.010416666666666666,0.96000000000000008,1,e24,Successful
21406,2,10,S2,e21,e22=0;e21=2;e33=0;e32=0;e43=0;e42=0;e55=0;e54=0;e52=1;e66=0,e23=0.01;e24=0.90000000000000002;e22=0.040000000000000001;e21=0.040000000000000001;e2T=0.01,e23=Y;e24=Y;e22=Y;e21=N;e2T=Y,e23=0.010416666666666666;e24=0.9375;e22=0.041666666666666664;e21=0;e2T=0.010416666666666666,0.96000000000000008,1,e24,Successful
21555,1,5,S2,e22,e22=2;e21=0;e33=0;e32=0;e43=0;e42=0;e55=0;e54=0;e52=0;e66=0,e23=0.01;e24=0.90000000000000002;e22=0.040000000000000001;e21=0.040000000000000001;e2T=0.01,e23=Y;e24=Y;e22=N;e21=Y;e2T=Y,e23=0.010416666666666666;e24=0.9375;e22=0;e21=0.041666666666666664;e2T=0.010416666666666666,0.96000000000000008,1,e24,Successful
21982,1,7,S6,e66,e22=0;e21=0;e33=0;e32=0;e43=0;e42=0;e55=0;e54=0;e52=0;e66=2,e67=0.94999999999999996;e66=0.040000000000000001;e6D=0.01,e67=Y;e66=N;e6D=Y,e67=0.98958333333333337;e66=0;e6D=0.010416666666666668,0.95999999999999996,1,e67,Successful
22199,1,8,S6,e66,e22=0;e21=0;e33=0;e32=0;e43=0;e42=0;e55=0;e54=0;e52=0;e66=2,e67=0.94999999999999996;e66=0.040000000000000001;e6D=0.01,e67=Y;e66=N;e6D=Y,e67=0.98958333333333337;e66=0;e6D=0.010416666666666668,0.95999999999999996,1,e67,Successful
22378,1,5,S2,e22,e22=2;e21=0;e33=0;e32=0;e43=0;e42=0;e55=0;e54=0;e52=0;e66=0,e23=0.01;e24=0.90000000000000002;e22=0.040000000000000001;e21=0.040000000000000001;e2T=0.01,e23=Y;e24=Y;e22=N;e21=Y;e2T=Y,e23=0.010416666666666666;e24=0.9375;e22=0;e21=0.041666666666666664;e2T=0.010416666666666666,0.96000000000000008,1,e24,Successful
22837,1,7,S3,e33,e22=0;e21=0;e33=2;e32=0;e43=1;e42=0;e55=0;e54=0;e52=0;e66=0,e34=0.90000000000000002;e33=0.040000000000000001;e32=0.040000000000000001;e3T=0.01;e3D=0.01,e34=Y;e33=N;e32=Y;e3T=Y;e3D=Y,e34=0.9375;e33=0;e32=0.041666666666666664;e3T=0.010416666666666666;e3D=0.010416666666666666,0.96000000000000008,1,e34,Successful
22942,1,7,S2,e22,e22=2;e21=1;e33=0;e32=0;e43=0;e42=0;e55=0;e54=0;e52=0;e66=0,e23=0.01;e24=0.90000000000000002;e22=0.040000000000000001;e21=0.040000000000000001;e2T=0.01,e23=Y;e24=Y;e22=N;e21=Y;e2T=Y,e23=0.010416666666666666;e24=0.9375;e22=0;e21=0.041666666666666664;e2T=0.010416666666666666,0.96000000000000008,1,e24,Successful
23250,1,5,S2,e22,e22=2;e21=0;e33=0;e32=0;e43=0;e42=0;e55=0;e54=0;e52=0;e66=0,e23=0.01;e24=0.90000000000000002;e22=0.040000000000000001;e21=0.040000000000000001;e2T=0.01,e23=Y;e24=Y;e22=N;e21=Y;e2T=Y,e23=0.010416666666666666;e24=0.9375;e22=0;e21=0.041666666666666664;e2T=0.010416666666666666,0.96000000000000008,1,e24,Successful
23728,1,7,S2,e21,e22=0;e21=2;e33=0;e32=0;e43=0;e42=0;e55=0;e54=0;e52=0;e66=0,e23=0.01;e24=0.90000000000000002;e22=0.040000000000000001;e21=0.040000000000000001;e2T=0.01,e23=Y;e24=Y;e22=Y;e21=N;e2T=Y,e23=0.010416666666666666;e24=0.9375;e22=0.041666666666666664;e21=0;e2T=0.010416666666666666,0.96000000000000008,1,e24,Successful
23818,1,8,S4,e43,e22=0;e21=0;e33=0;e32=0;e43=2;e42=0;e55=0;e54=0;e52=0;e66=0,e45=0.90000000000000002;e46=0.050000000000000003;e43=0.02;e42=0.01;e4D=0.02,e45=Y;e46=Y;e43=N;e42=Y;e4D=Y,e45=0.91836734693877553;e46=0.051020408163265307;e43=0;e42=0.010204081632653062;e4D=0.020408163265306124,0.97999999999999998,1,e45,Successful
23887,1,7,S2,e21,e22=0;e21=2;e33=0;e32=0;e43=0;e42=0;e55=0;e54=0;e52=0;e66=0,e23=0.01;e24=0.90000000000000002;e22=0.040000000000000001;e21=0.040000000000000001;e2T=0.01,e23=Y;e24=Y;e22=Y;e21=N;e2T=Y,e23=0.010416666666666666;e24=0.9375;e22=0.041666666666666664;e21=0;e2T=0.010416666666666666,0.96000000000000008,1,e24,Successful
23910,1,7,S2,e21,e22=0;e21=2;e33=0;e32=0;e43=0;e42=0;e55=0;e54=0;e52=0;e66=0,e23=0.01;e24=0.90000000000000002;e22=0.040000000000000001;e21=0.040000000000000001;e2T=0.01,e23=Y;e24=Y;e22=Y;e21=N;e2T=Y,e23=0.010416666666666666;e24=0.9375;e22=0.041666666666666664;e21=0;e2T=0.010416666666666666,0.96000000000000008,1,e24,Successful
23980,1,5,S2,e22,e22=2;e21=0;e33=0;e32=0;e43=0;e42=0;e55=0;e54=0;e52=0;e66=0,e23=0.01;e24=0.90000000000000002;e22=0.040000000000000001;e21=0.040000000000000001;e2T=0.01,e23=Y;e24=Y;e22=N;e21=Y;e2T=Y,e23=0.010416666666666666;e24=0.9375;e22=0;e21=0.041666666666666664;e2T=0.010416666666666666,0.96000000000000008,1,e24,Successful
24369,1,10,S6,e66,e22=0;e21=0;e33=0;e32=0;e43=0;e42=0;e55=0;e54=0;e52=1;e66=2,e67=0.94999999999999996;e66=0.040000000000000001;e6D=0.01,e67=Y;e66=N;e6D=Y,e67=0.98958333333333337;e66=0;e6D=0.010416666666666668,0.95999999999999996,1,e67,Successful
24395,1,7,S2,e21,e22=0;e21=2;e33=0;e32=0;e43=0;e42=0;e55=0;e54=0;e52=0;e66=0,e23=0.01;e24=0.90000000000000002;e22=0.040000000000000001;e21=0.040000000000000001;e2T=0.01,e23=Y;e24=Y;e22=Y;e21=N;e2T=Y,e23=0.010416666666666666;e24=0.9375;e22=0.041666666666666664;e21=0;e2T=0.010416666666666666,0.96000000000000008,1,e24,Successful
24587,1,8,S4,e43,e22=0;e21=0;e33=0;e32=0;e43=2;e42=0;e55=0;e54=0;e52=0;e66=0,e45=0.90000000000000002;e46=0.050000000000000003;e43=0.02;e42=0.01;e4D=0.02,e45=Y;e46=Y;e43=N;e42=Y;e4D=Y,e45=0.91836734693877553;e46=0.051020408163265307;e43=0;e42=0.010204081632653062;e4D=0.020408163265306124,0.97999999999999998,1,e46,Successful
24592,1,5,S2,e22,e22=2;e21=0;e33=0;e32=0;e43=0;e42=0;e55=0;e54=0;e52=0;e66=0,e23=0.01;e24=0.90000000000000002;e22=0.040000000000000001;e21=0.040000000000000001;e2T=0.01,e23=Y;e24=Y;e22=N;e21=Y;e2T=Y,e23=0.010416666666666666;e24=0.9375;e22=0;e21=0.041666666666666664;e2T=0.010416666666666666,0.96000000000000008,1,e24,Successful
24654,1,8,S6,e66,e22=0;e21=0;e33=0;e32=0;e43=0;e42=0;e55=0;e54=0;e52=0;e66=2,e67=0.94999999999999996;e66=0.040000000000000001;e6D=0.01,e67=Y;e66=N;e6D=Y,e67=0.98958333333333337;e66=0;e6D=0.010416666666666668,0.95999999999999996,1,e67,Successful
24958,1,7,S5,e55,e22=0;e21=0;e33=0;e32=0;e43=0;e42=0;e55=2;e54=0;e52=0;e66=0,e56=0.90000000000000002;e57=0.050000000000000003;e55=0.01;e54=0.02;e52=0.01;e5D=0.01,e56=Y;e57=Y;e55=N;e54=Y;e52=Y;e5D=Y,e56=0.90909090909090917;e57=0.050505050505050511;e55=0;e54=0.020202020202020204;e52=0.010101010101010102;e5D=0.010101010101010102,0.98999999999999999,1,e56,Successful
25157,1,10,S4,e43,e22=0;e21=0;e33=0;e32=0;e43=2;e42=0;e55=0;e54=0;e52=0;e66=0,e45=0.90000000000000002;e46=0.050000000000000003;e43=0.02;e42=0.01;e4D=0.02,e45=Y;e46=Y;e43=N;e42=Y;e4D=Y,e45=0.91836734693877553;e46=0.051020408163265307;e43=0;e42=0.010204081632653062;e4D=0.020408163265306124,0.97999999999999998,1,e45,Successful
25188,1,5,S2,e22,e22=2;e21=0;e33=0;e32=0;e43=0;e42=0;e55=0;e54=0;e52=0;e66=0,e23=0.01;e24=0.90000000000000002;e22=0.040000000000000001;e21=0.040000000000000001;e2T=0.01,e23=Y;e24=Y;e22=N;e21=Y;e2T=Y,e23=0.010416666666666666;e24=0.9375;e22=0;e21=0.041666666666666664;e2T=0.010416666666666666,0.96000000000000008,1,e24,Successful
25350,1,7,S2,e21,e22=0;e21=2;e33=0;e32=0;e43=0;e42=0;e55=0;e54=0;e52=0;e66=0,e23=0.01;e24=0.90000000000000002;e22=0.040000000000000001;e21=0.040000000000000001;e2T=0.01,e23=Y;e24=Y;e22=Y;e21=N;e2T=Y,e23=0.010416666666666666;e24=0.9375;e22=0.041666666666666664;e21=0;e2T=0.010416666666666666,0.96000000000000008,1,e24,Successful
25550,1,8,S6,e66,e22=0;e21=0;e33=0;e32=0;e43=0;e42=0;e55=0;e54=0;e52=0;e66=2,e67=0.94999999999999996;e66=0.040000000000000001;e6D=0.01,e67=Y;e66=N;e6D=Y,e67=0.98958333333333337;e66=0;e6D=0.010416666666666668,0.95999999999999996,1,e67,Successful
25672,1,8,S6,e66,e22=0;e21=0;e33=0;e32=0;e43=0;e42=0;e55=0;e54=0;e52=0;e66=2,e67=0.94999999999999996;e66=0.040000000000000001;e6D=0.01,e67=Y;e66=N;e6D=Y,e67=0.98958333333333337;e66=0;e6D=0.010416666666666668,0.95999999999999996,1,e67,Successful
25771,1,5,S2,e22,e22=2;e21=0;e33=0;e32=0;e43=0;e42=0;e55=0;e54=0;e52=0;e66=0,e23=0.01;e24=0.90000000000000002;e22=0.040000000000000001;e21=0.040000000000000001;e2T=0.01,e23=Y;e24=Y;e22=N;e21=Y;e2T=Y,e23=0.010416666666666666;e24=0.9375;e22=0;e21=0.041666666666666664;e2T=0.010416666666666666,0.96000000000000008,1,e24,Successful
25944,1,5,S2,e22,e22=2;e21=0;e33=0;e32=0;e43=0;e42=0;e55=0;e54=0;e52=0;e66=0,e23=0.01;e24=0.90000000000000002;e22=0.040000000000000001;e21=0.040000000000000001;e2T=0.01,e23=Y;e24=Y;e22=N;e21=Y;e2T=Y,e23=0.010416666666666666;e24=0.9375;e22=0;e21=0.041666666666666664;e2T=0.010416666666666666,0.96000000000000008,1,e24,Successful
26228,1,8,S6,e66,e22=0;e21=0;e33=0;e32=0;e43=0;e42=0;e55=0;e54=0;e52=0;e66=2,e67=0.94999999999999996;e66=0.040000000000000001;e6D=0.01,e67=Y;e66=N;e6D=Y,e67=0.98958333333333337;e66=0;e6D=0.010416666666666668,0.95999999999999996,1,e67,Successful
27166,1,5,S2,e22,e22=2;e21=0;e33=0;e32=0;e43=0;e42=0;e55=0;e54=0;e52=0;e66=0,e23=0.01;e24=0.90000000000000002;e22=0.040000000000000001;e21=0.040000000000000001;e2T=0.01,e23=Y;e24=Y;e22=N;e21=Y;e2T=Y,e23=0.010416666666666666;e24=0.9375;e22=0;e21=0.041666666666666664;e2T=0.010416666666666666,0.96000000000000008,1,e24,Successful
27332,1,9,S5,e54,e22=0;e21=0;e33=0;e32=0;e43=0;e42=0;e55=0;e54=2;e52=0;e66=0,e56=0.90000000000000002;e57=0.050000000000000003;e55=0.01;e54=0.02;e52=0.01;e5D=0.01,e56=Y;e57=Y;e55=Y;e54=N;e52=Y;e5D=Y,e56=0.91836734693877553;e57=0.051020408163265307;e55=0.010204081632653062;e54=0;e52=0.010204081632653062;e5D=0.010204081632653062,0.97999999999999998,1,e56,Successful
27967,1,12,S6,e66,e22=0;e21=0;e33=0;e32=0;e43=0;e42=0;e55=1;e54=0;e52=1;e66=2,e67=0.94999999999999996;e66=0.040000000000000001;e6D=0.01,e67=Y;e66=N;e6D=Y,e67=0.98958333333333337;e66=0;e6D=0.010416666666666668,0.95999999999999996,1,e67,Successful
28562,1,11,S6,e66,e22=0;e21=0;e33=0;e32=0;e43=0;e42=0;e55=0;e54=0;e52=0;e66=2,e67=0.94999999999999996;e66=0.040000000000000001;e6D=0.01,e67=Y;e66=N;e6D=Y,e67=0.98958333333333337;e66=0;e6D=0.010416666666666668,0.95999999999999996,1,e67,Successful
28958,1,5,S2,e22,e22=2;e21=0;e33=0;e32=0;e43=0;e42=0;e55=0;e54=0;e52=0;e66=0,e23=0.01;e24=0.90000000000000002;e22=0.040000000000000001;e21=0.040000000000000001;e2T=0.01,e23=Y;e24=Y;e22=N;e21=Y;e2T=Y,e23=0.010416666666666666;e24=0.9375;e22=0;e21=0.041666666666666664;e2T=0.010416666666666666,0.96000000000000008,1,e24,Successful
29064,1,8,S4,e42,e22=0;e21=0;e33=0;e32=0;e43=0;e42=2;e55=0;e54=0;e52=0;e66=0,e45=0.90000000000000002;e46=0.050000000000000003;e43=0.02;e42=0.01;e4D=0.02,e45=Y;e46=Y;e43=Y;e42=N;e4D=Y,e45=0.90909090909090917;e46=0.050505050505050511;e43=0.020202020202020204;e42=0;e4D=0.020202020202020204,0.98999999999999999,1,e45,Successful
29194,1,8,S6,e66,e22=0;e21=0;e33=0;e32=0;e43=0;e42=0;e55=0;e54=0;e52=0;e66=2,e67=0.94999999999999996;e66=0.040000000000000001;e6D=0.01,e67=Y;e66=N;e6D=Y,e67=0.98958333333333337;e66=0;e6D=0.010416666666666668,0.95999999999999996,1,e67,Successful
30183,1,7,S2,e21,e22=0;e21=2;e33=0;e32=0;e43=0;e42=0;e55=0;e54=0;e52=0;e66=0,e23=0.01;e24=0.90000000000000002;e22=0.040000000000000001;e21=0.040000000000000001;e2T=0.01,e23=Y;e24=Y;e22=Y;e21=N;e2T=Y,e23=0.010416666666666666;e24=0.9375;e22=0.041666666666666664;e21=0;e2T=0.010416666666666666,0.96000000000000008,1,e24,Successful
30208,1,9,S5,e54,e22=0;e21=0;e33=0;e32=0;e43=0;e42=0;e55=0;e54=2;e52=0;e66=0,e56=0.90000000000000002;e57=0.050000000000000003;e55=0.01;e54=0.02;e52=0.01;e5D=0.01,e56=Y;e57=Y;e55=Y;e54=N;e52=Y;e5D=Y,e56=0.91836734693877553;e57=0.051020408163265307;e55=0.010204081632653062;e54=0;e52=0.010204081632653062;e5D=0.010204081632653062,0.97999999999999998,1,e56,Successful
31000,1,10,S4,e43,e22=0;e21=0;e33=0;e32=0;e43=2;e42=0;e55=0;e54=1;e52=0;e66=0,e45=0.90000000000000002;e46=0.050000000000000003;e43=0.02;e42=0.01;e4D=0.02,e45=Y;e46=Y;e43=N;e42=Y;e4D=Y,e45=0.91836734693877553;e46=0.051020408163265307;e43=0;e42=0.010204081632653062;e4D=0.020408163265306124,0.97999999999999998,1,e45,Successful
31454,1,9,S5,e54,e22=0;e21=0;e33=0;e32=0;e43=0;e42=0;e55=0;e54=2;e52=0;e66=0,e56=0.90000000000000002;e57=0.050000000000000003;e55=0.01;e54=0.02;e52=0.01;e5D=0.01,e56=Y;e57=Y;e55=Y;e54=N;e52=Y;e5D=Y,e56=0.91836734693877553;e57=0.051020408163265307;e55=0.010204081632653062;e54=0;e52=0.010204081632653062;e5D=0.010204081632653062,0.97999999999999998,1,e56,Successful
32318,1,7,S5,e55,e22=0;e21=0;e33=0;e32=0;e43=0;e42=0;e55=2;e54=0;e52=0;e66=0,e56=0.90000000000000002;e57=0.050000000000000003;e55=0.01;e54=0.02;e52=0.01;e5D=0.01,e56=Y;e57=Y;e55=N;e54=Y;e52=Y;e5D=Y,e56=0.90909090909090917;e57=0.050505050505050511;e55=0;e54=0.020202020202020204;e52=0.010101010101010102;e5D=0.010101010101010102,0.98999999999999999,1,e56,Successful
32538,1,9,S5,e54,e22=0;e21=0;e33=0;e32=0;e43=0;e42=0;e55=0;e54=2;e52=0;e66=0,e56=0.90000000000000002;e57=0.050000000000000003;e55=0.01;e54=0.02;e52=0.01;e5D=0.01,e56=Y;e57=Y;e55=Y;e54=N;e52=Y;e5D=Y,e56=0.91836734693877553;e57=0.051020408163265307;e55=0.010204081632653062;e54=0;e52=0.010204081632653062;e5D=0.010204081632653062,0.97999999999999998,1,e56,Successful
32648,1,8,S6,e66,e22=0;e21=0;e33=0;e32=0;e43=0;e42=0;e55=0;e54=0;e52=0;e66=2,e67=0.94999999999999996;e66=0.040000000000000001;e6D=0.01,e67=Y;e66=N;e6D=Y,e67=0.98958333333333337;e66=0;e6D=0.010416666666666668,0.95999999999999996,1,e67,Successful
33506,1,5,S2,e22,e22=2;e21=0;e33=0;e32=0;e43=0;e42=0;e55=0;e54=0;e52=0;e66=0,e23=0.01;e24=0.90000000000000002;e22=0.040000000000000001;e21=0.040000000000000001;e2T=0.01,e23=Y;e24=Y;e22=N;e21=Y;e2T=Y,e23=0.010416666666666666;e24=0.9375;e22=0;e21=0.041666666666666664;e2T=0.010416666666666666,0.96000000000000008,1,e24,Successful
33616,1,14,S5,e52,e22=0;e21=0;e33=0;e32=0;e43=0;e42=0;e55=0;e54=0;e52=2;e66=0,e56=0.90000000000000002;e57=0.050000000000000003;e55=0.01;e54=0.02;e52=0.01;e5D=0.01,e56=Y;e57=Y;e55=Y;e54=Y;e52=N;e5D=Y,e56=0.90909090909090917;e57=0.050505050505050511;e55=0.010101010101010102;e54=0.020202020202020204;e52=0;e5D=0.010101010101010102,0.98999999999999999,1,e56,Successful
34072,1,7,S5,e55,e22=0;e21=0;e33=0;e32=0;e43=0;e42=0;e55=2;e54=0;e52=0;e66=0,e56=0.90000000000000002;e57=0.050000000000000003;e55=0.01;e54=0.02;e52=0.01;e5D=0.01,e56=Y;e57=Y;e55=N;e54=Y;e52=Y;e5D=Y,e56=0.90909090909090917;e57=0.050505050505050511;e55=0;e54=0.020202020202020204;e52=0.010101010101010102;e5D=0.010101010101010102,0.98999999999999999,1,e56,Successful
34263,1,7,S2,e21,e22=0;e21=2;e33=0;e32=0;e43=0;e42=0;e55=0;e54=0;e52=0;e66=0,e23=0.01;e24=0.90000000000000002;e22=0.040000000000000001;e21=0.040000000000000001;e2T=0.01,e23=Y;e24=Y;e22=Y;e21=N;e2T=Y,e23=0.010416666666666666;e24=0.9375;e22=0.041666666666666664;e21=0;e2T=0.010416666666666666,0.96000000000000008,1,e24,Successful
34497,1,8,S6,e66,e22=0;e21=0;e33=0;e32=0;e43=0;e42=0;e55=0;e54=0;e52=0;e66=2,e67=0.94999999999999996;e66=0.040000000000000001;e6D=0.01,e67=Y;e66=N;e6D=Y,e67=0.98958333333333337;e66=0;e6D=0.010416666666666668,0.95999999999999996,1,e67,Successful
34929,1,8,S4,e43,e22=0;e21=0;e33=0;e32=0;e43=2;e42=0;e55=0;e54=0;e52=0;e66=0,e45=0.90000000000000002;e46=0.050000000000000003;e43=0.02;e42=0.01;e4D=0.02,e45=Y;e46=Y;e43=N;e42=Y;e4D=Y,e45=0.91836734693877553;e46=0.051020408163265307;e43=0;e42=0.010204081632653062;e4D=0.020408163265306124,0.97999999999999998,1,e45,Successful
35754,1,5,S2,e22,e22=2;e21=0;e33=0;e32=0;e43=0;e42=0;e55=0;e54=0;e52=0;e66=0,e23=0.01;e24=0.90000000000000002;e22=0.040000000000000001;e21=0.040000000000000001;e2T=0.01,e23=Y;e24=Y;e22=N;e21=Y;e2T=Y,e23=0.010416666666666666;e24=0.9375;e22=0;e21=0.041666666666666664;e2T=0.010416666666666666,0.96000000000000008,1,e24,Successful
36303,1,11,S4,e43,e22=0;e21=0;e33=0;e32=0;e43=2;e42=0;e55=0;e54=0;e52=0;e66=0,e45=0.90000000000000002;e46=0.050000000000000003;e43=0.02;e42=0.01;e4D=0.02,e45=Y;e46=Y;e43=N;e42=Y;e4D=Y,e45=0.91836734693877553;e46=0.051020408163265307;e43=0;e42=0.010204081632653062;e4D=0.020408163265306124,0.97999999999999998,1,e45,Successful
36489,1,7,S6,e66,e22=0;e21=0;e33=0;e32=0;e43=0;e42=0;e55=0;e54=0;e52=0;e66=2,e67=0.94999999999999996;e66=0.040000000000000001;e6D=0.01,e67=Y;e66=N;e6D=Y,e67=0.98958333333333337;e66=0;e6D=0.010416666666666668,0.95999999999999996,1,e67,Successful
37289,1,8,S6,e66,e22=0;e21=0;e33=0;e32=0;e43=0;e42=0;e55=0;e54=0;e52=0;e66=2,e67=0.94999999999999996;e66=0.040000000000000001;e6D=0.01,e67=Y;e66=N;e6D=Y,e67=0.98958333333333337;e66=0;e6D=0.010416666666666668,0.95999999999999996,1,e67,Successful
37372,1,8,S4,e43,e22=0;e21=0;e33=0;e32=0;e43=2;e42=0;e55=0;e54=0;e52=0;e66=0,e45=0.90000000000000002;e46=0.050000000000000003;e43=0.02;e42=0.01;e4D=0.02,e45=Y;e46=Y;e43=N;e42=Y;e4D=Y,e45=0.91836734693877553;e46=0.051020408163265307;e43=0;e42=0.010204081632653062;e4D=0.020408163265306124,0.97999999999999998,1,e45,Successful
38368,1,9,S5,e54,e22=0;e21=0;e33=0;e32=0;e43=0;e42=0;e55=0;e54=2;e52=0;e66=0,e56=0.90000000000000002;e57=0.050000000000000003;e55=0.01;e54=0.02;e52=0.01;e5D=0.01,e56=Y;e57=Y;e55=Y;e54=N;e52=Y;e5D=Y,e56=0.91836734693877553;e57=0.051020408163265307;e55=0.010204081632653062;e54=0;e52=0.010204081632653062;e5D=0.010204081632653062,0.97999999999999998,1,e56,Successful
38505,1,9,S5,e54,e22=0;e21=0;e33=0;e32=0;e43=0;e42=0;e55=0;e54=2;e52=0;e66=0,e56=0.90000000000000002;e57=0.050000000000000003;e55=0.01;e54=0.02;e52=0.01;e5D=0.01,e56=Y;e57=Y;e55=Y;e54=N;e52=Y;e5D=Y,e56=0.91836734693877553;e57=0.051020408163265307;e55=0.010204081632653062;e54=0;e52=0.010204081632653062;e5D=0.010204081632653062,0.97999999999999998,1,e5D,Successful
38505,2,13,S5,e54,e22=0;e21=0;e33=0;e32=0;e43=0;e42=0;e55=0;e54=2;e52=0;e66=0,e56=0.90000000000000002;e57=0.050000000000000003;e55=0.01;e54=0.02;e52=0.01;e5D=0.01,e56=Y;e57=Y;e55=Y;e54=N;e52=Y;e5D=Y,e56=0.91836734693877553;e57=0.051020408163265307;e55=0.010204081632653062;e54=0;e52=0.010204081632653062;e5D=0.010204081632653062,0.97999999999999998,1,e56,Successful
38572,1,5,S2,e22,e22=2;e21=0;e33=0;e32=0;e43=0;e42=0;e55=0;e54=0;e52=0;e66=0,e23=0.01;e24=0.90000000000000002;e22=0.040000000000000001;e21=0.040000000000000001;e2T=0.01,e23=Y;e24=Y;e22=N;e21=Y;e2T=Y,e23=0.010416666666666666;e24=0.9375;e22=0;e21=0.041666666666666664;e2T=0.010416666666666666,0.96000000000000008,1,e24,Successful
38827,1,8,S4,e43,e22=0;e21=0;e33=0;e32=0;e43=2;e42=0;e55=0;e54=0;e52=0;e66=0,e45=0.90000000000000002;e46=0.050000000000000003;e43=0.02;e42=0.01;e4D=0.02,e45=Y;e46=Y;e43=N;e42=Y;e4D=Y,e45=0.91836734693877553;e46=0.051020408163265307;e43=0;e42=0.010204081632653062;e4D=0.020408163265306124,0.97999999999999998,1,e45,Successful
39642,1,8,S4,e43,e22=0;e21=0;e33=0;e32=0;e43=2;e42=0;e55=0;e54=0;e52=0;e66=0,e45=0.90000000000000002;e46=0.050000000000000003;e43=0.02;e42=0.01;e4D=0.02,e45=Y;e46=Y;e43=N;e42=Y;e4D=Y,e45=0.91836734693877553;e46=0.051020408163265307;e43=0;e42=0.010204081632653062;e4D=0.020408163265306124,0.97999999999999998,1,e45,Successful
39942,1,8,S2,e22,e22=2;e21=0;e33=0;e32=0;e43=0;e42=0;e55=0;e54=0;e52=1;e66=0,e23=0.01;e24=0.90000000000000002;e22=0.040000000000000001;e21=0.040000000000000001;e2T=0.01,e23=Y;e24=Y;e22=N;e21=Y;e2T=Y,e23=0.010416666666666666;e24=0.9375;e22=0;e21=0.041666666666666664;e2T=0.010416666666666666,0.96000000000000008,1,e24,Successful
40165,1,8,S6,e66,e22=0;e21=0;e33=0;e32=0;e43=0;e42=0;e55=0;e54=0;e52=0;e66=2,e67=0.94999999999999996;e66=0.040000000000000001;e6D=0.01,e67=Y;e66=N;e6D=Y,e67=0.98958333333333337;e66=0;e6D=0.010416666666666668,0.95999999999999996,1,e67,Successful
41456,1,7,S2,e21,e22=0;e21=2;e33=0;e32=0;e43=0;e42=0;e55=0;e54=0;e52=0;e66=0,e23=0.01;e24=0.90000000000000002;e22=0.040000000000000001;e21=0.040000000000000001;e2T=0.01,e23=Y;e24=Y;e22=Y;e21=N;e2T=Y,e23=0.010416666666666666;e24=0.9375;e22=0.041666666666666664;e21=0;e2T=0.010416666666666666,0.96000000000000008,1,e24,Successful
41935,1,11,S5,e52,e22=0;e21=0;e33=0;e32=0;e43=0;e42=0;e55=0;e54=0;e52=2;e66=0,e56=0.90000000000000002;e57=0.050000000000000003;e55=0.01;e54=0.02;e52=0.01;e5D=0.01,e56=Y;e57=Y;e55=Y;e54=Y;e52=N;e5D=Y,e56=0.90909090909090917;e57=0.050505050505050511;e55=0.010101010101010102;e54=0.020202020202020204;e52=0;e5D=0.010101010101010102,0.98999999999999999,1,e56,Successful
42313,1,5,S2,e22,e22=2;e21=0;e33=0;e32=0;e43=0;e42=0;e55=0;e54=0;e52=0;e66=0,e23=0.01;e24=0.90000000000000002;e22=0.040000000000000001;e21=0.040000000000000001;e2T=0.01,e23=Y;e24=Y;e22=N;e21=Y;e2T=Y,e23=0.010416666666666666;e24=0.9375;e22=0;e21=0.041666666666666664;e2T=0.010416666666666666,0.96000000000000008,1,e24,Successful
42905,1,5,S2,e22,e22=2;e21=0;e33=0;e32=0;e43=0;e42=0;e55=0;e54=0;e52=0;e66=0,e23=0.01;e24=0.90000000000000002;e22=0.040000000000000001;e21=0.040000000000000001;e2T=0.01,e23=Y;e24=Y;e22=N;e21=Y;e2T=Y,e23=0.010416666666666666;e24=0.9375;e22=0;e21=0.041666666666666664;e2T=0.010416666666666666,0.96000000000000008,1,e24,Successful
43067,1,5,S2,e22,e22=2;e21=0;e33=0;e32=0;e43=0;e42=0;e55=0;e54=0;e52=0;e66=0,e23=0.01;e24=0.90000000000000002;e22=0.040000000000000001;e21=0.040000000000000001;e2T=0.01,e23=Y;e24=Y;e22=N;e21=Y;e2T=Y,e23=0.010416666666666666;e24=0.9375;e22=0;e21=0.041666666666666664;e2T=0.010416666666666666,0.96000000000000008,1,e24,Successful
43201,1,5,S2,e22,e22=2;e21=0;e33=0;e32=0;e43=0;e42=0;e55=0;e54=0;e52=0;e66=0,e23=0.01;e24=0.90000000000000002;e22=0.040000000000000001;e21=0.040000000000000001;e2T=0.01,e23=Y;e24=Y;e22=N;e21=Y;e2T=Y,e23=0.010416666666666666;e24=0.9375;e22=0;e21=0.041666666666666664;e2T=0.010416666666666666,0.96000000000000008,1,e24,Successful
43365,1,8,S6,e66,e22=0;e21=0;e33=0;e32=0;e43=0;e42=0;e55=0;e54=0;e52=0;e66=2,e67=0.94999999999999996;e66=0.040000000000000001;e6D=0.01,e67=Y;e66=N;e6D=Y,e67=0.98958333333333337;e66=0;e6D=0.010416666666666668,0.95999999999999996,1,e67,Successful
43400,1,9,S5,e54,e22=0;e21=0;e33=0;e32=0;e43=0;e42=0;e55=0;e54=2;e52=0;e66=0,e56=0.90000000000000002;e57=0.050000000000000003;e55=0.01;e54=0.02;e52=0.01;e5D=0.01,e56=Y;e57=Y;e55=Y;e54=N;e52=Y;e5D=Y,e56=0.91836734693877553;e57=0.051020408163265307;e55=0.010204081632653062;e54=0;e52=0.010204081632653062;e5D=0.010204081632653062,0.97999999999999998,1,e56,Successful
43501,1,7,S2,e21,e22=1;e21=2;e33=0;e32=0;e43=0;e42=0;e55=0;e54=0;e52=0;e66=0,e23=0.01;e24=0.90000000000000002;e22=0.040000000000000001;e21=0.040000000000000001;e2T=0.01,e23=Y;e24=Y;e22=Y;e21=N;e2T=Y,e23=0.010416666666666666;e24=0.9375;e22=0.041666666666666664;e21=0;e2T=0.010416666666666666,0.96000000000000008,1,e22,Successful
43501,2,8,S2,e21,e22=1;e21=2;e33=0;e32=0;e43=0;e42=0;e55=0;e54=0;e52=0;e66=0,e23=0.01;e24=0.90000000000000002;e22=0.040000000000000001;e21=0.040000000000000001;e2T=0.01,e23=Y;e24=Y;e22=Y;e21=N;e2T=Y,e23=0.010416666666666666;e24=0.9375;e22=0.041666666666666664;e21=0;e2T=0.010416666666666666,0.96000000000000008,1,e24,Successful
43680,1,5,S2,e22,e22=2;e21=0;e33=0;e32=0;e43=0;e42=0;e55=0;e54=0;e52=0;e66=0,e23=0.01;e24=0.90000000000000002;e22=0.040000000000000001;e21=0.040000000000000001;e2T=0.01,e23=Y;e24=Y;e22=N;e21=Y;e2T=Y,e23=0.010416666666666666;e24=0.9375;e22=0;e21=0.041666666666666664;e2T=0.010416666666666666,0.96000000000000008,1,e24,Successful
44533,1,7,S2,e21,e22=0;e21=2;e33=0;e32=0;e43=0;e42=0;e55=0;e54=0;e52=0;e66=0,e23=0.01;e24=0.90000000000000002;e22=0.040000000000000001;e21=0.040000000000000001;e2T=0.01,e23=Y;e24=Y;e22=Y;e21=N;e2T=Y,e23=0.010416666666666666;e24=0.9375;e22=0.041666666666666664;e21=0;e2T=0.010416666666666666,0.96000000000000008,1,e24,Successful
44671,1,8,S6,e66,e22=0;e21=0;e33=0;e32=0;e43=0;e42=0;e55=0;e54=0;e52=0;e66=2,e67=0.94999999999999996;e66=0.040000000000000001;e6D=0.01,e67=Y;e66=N;e6D=Y,e67=0.98958333333333337;e66=0;e6D=0.010416666666666668,0.95999999999999996,1,e67,Successful
44762,1,9,S5,e54,e22=0;e21=0;e33=0;e32=0;e43=0;e42=0;e55=0;e54=2;e52=0;e66=0,e56=0.90000000000000002;e57=0.050000000000000003;e55=0.01;e54=0.02;e52=0.01;e5D=0.01,e56=Y;e57=Y;e55=Y;e54=N;e52=Y;e5D=Y,e56=0.91836734693877553;e57=0.051020408163265307;e55=0.010204081632653062;e54=0;e52=0.010204081632653062;e5D=0.010204081632653062,0.97999999999999998,1,e56,Successful
44896,1,8,S6,e66,e22=0;e21=0;e33=0;e32=0;e43=0;e42=0;e55=0;e54=0;e52=0;e66=2,e67=0.94999999999999996;e66=0.040000000000000001;e6D=0.01,e67=Y;e66=N;e6D=Y,e67=0.98958333333333337;e66=0;e6D=0.010416666666666668,0.95999999999999996,1,e67,Successful
45343,1,9,S6,e66,e22=1;e21=0;e33=0;e32=0;e43=0;e42=0;e55=0;e54=0;e52=0;e66=2,e67=0.94999999999999996;e66=0.040000000000000001;e6D=0.01,e67=Y;e66=N;e6D=Y,e67=0.98958333333333337;e66=0;e6D=0.010416666666666668,0.95999999999999996,1,e67,Successful
46339,1,5,S2,e22,e22=2;e21=0;e33=0;e32=0;e43=0;e42=0;e55=0;e54=0;e52=0;e66=0,e23=0.01;e24=0.90000000000000002;e22=0.040000000000000001;e21=0.040000000000000001;e2T=0.01,e23=Y;e24=Y;e22=N;e21=Y;e2T=Y,e23=0.010416666666666666;e24=0.9375;e22=0;e21=0.041666666666666664;e2T=0.010416666666666666,0.96000000000000008,1,e24,Successful
46567,1,5,S2,e22,e22=2;e21=0;e33=0;e32=0;e43=0;e42=0;e55=0;e54=0;e52=0;e66=0,e23=0.01;e24=0.90000000000000002;e22=0.040000000000000001;e21=0.040000000000000001;e2T=0.01,e23=Y;e24=Y;e22=N;e21=Y;e2T=Y,e23=0.010416666666666666;e24=0.9375;e22=0;e21=0.041666666666666664;e2T=0.010416666666666666,0.96000000000000008,1,e24,Successful
47546,1,5,S2,e22,e22=2;e21=0;e33=0;e32=0;e43=0;e42=0;e55=0;e54=0;e52=0;e66=0,e23=0.01;e24=0.90000000000000002;e22=0.040000000000000001;e21=0.040000000000000001;e2T=0.01,e23=Y;e24=Y;e22=N;e21=Y;e2T=Y,e23=0.010416666666666666;e24=0.9375;e22=0;e21=0.041666666666666664;e2T=0.010416666666666666,0.96000000000000008,1,e24,Successful
47710,1,8,S2,e21,e22=1;e21=2;e33=0;e32=0;e43=0;e42=0;e55=0;e54=0;e52=0;e66=0,e23=0.01;e24=0.90000000000000002;e22=0.040000000000000001;e21=0.040000000000000001;e2T=0.01,e23=Y;e24=Y;e22=Y;e21=N;e2T=Y,e23=0.010416666666666666;e24=0.9375;e22=0.041666666666666664;e21=0;e2T=0.010416666666666666,0.96000000000000008,1,e24,Successful
48301,1,11,S5,e52,e22=0;e21=0;e33=0;e32=0;e43=0;e42=0;e55=0;e54=0;e52=2;e66=0,e56=0.90000000000000002;e57=0.050000000000000003;e55=0.01;e54=0.02;e52=0.01;e5D=0.01,e56=Y;e57=Y;e55=Y;e54=Y;e52=N;e5D=Y,e56=0.90909090909090917;e57=0.050505050505050511;e55=0.010101010101010102;e54=0.020202020202020204;e52=0;e5D=0.010101010101010102,0.98999999999999999,1,e56,Successful
48331,1,8,S6,e66,e22=0;e21=0;e33=0;e32=0;e43=0;e42=0;e55=0;e54=0;e52=0;e66=2,e67=0.94999999999999996;e66=0.040000000000000001;e6D=0.01,e67=Y;e66=N;e6D=Y,e67=0.98958333333333337;e66=0;e6D=0.010416666666666668,0.95999999999999996,1,e67,Successful
48566,1,8,S6,e66,e22=0;e21=0;e33=0;e32=0;e43=0;e42=0;e55=0;e54=0;e52=0;e66=2,e67=0.94999999999999996;e66=0.040000000000000001;e6D=0.01,e67=Y;e66=N;e6D=Y,e67=0.98958333333333337;e66=0;e6D=0.010416666666666668,0.95999999999999996,1,e67,Successful
48683,1,9,S5,e54,e22=0;e21=0;e33=0;e32=0;e43=0;e42=0;e55=0;e54=2;e52=0;e66=0,e56=0.90000000000000002;e57=0.050000000000000003;e55=0.01;e54=0.02;e52=0.01;e5D=0.01,e56=Y;e57=Y;e55=Y;e54=N;e52=Y;e5D=Y,e56=0.91836734693877553;e57=0.051020408163265307;e55=0.010204081632653062;e54=0;e52=0.010204081632653062;e5D=0.010204081632653062,0.97999999999999998,1,e5D,Successful
48683,2,13,S5,e54,e22=0;e21=0;e33=0;e32=0;e43=0;e42=0;e55=0;e54=2;e52=0;e66=0,e56=0.90000000000000002;e57=0.050000000000000003;e55=0.01;e54=0.02;e52=0.01;e5D=0.01,e56=Y;e57=Y;e55=Y;e54=N;e52=Y;e5D=Y,e56=0.91836734693877553;e57=0.051020408163265307;e55=0.010204081632653062;e54=0;e52=0.010204081632653062;e5D=0.010204081632653062,0.97999999999999998,1,e56,Successful
48828,1,7,S2,e21,e22=0;e21=2;e33=0;e32=0;e43=0;e42=0;e55=0;e54=0;e52=0;e66=0,e23=0.01;e24=0.90000000000000002;e22=0.040000000000000001;e21=0.040000000000000001;e2T=0.01,e23=Y;e24=Y;e22=Y;e21=N;e2T=Y,e23=0.010416666666666666;e24=0.9375;e22=0.041666666666666664;e21=0;e2T=0.010416666666666666,0.96000000000000008,1,e24,Successful
49264,1,5,S2,e22,e22=2;e21=0;e33=0;e32=0;e43=0;e42=0;e55=0;e54=0;e52=0;e66=0,e23=0.01;e24=0.90000000000000002;e22=0.040000000000000001;e21=0.040000000000000001;e2T=0.01,e23=Y;e24=Y;e22=N;e21=Y;e2T=Y,e23=0.010416666666666666;e24=0.9375;e22=0;e21=0.041666666666666664;e2T=0.010416666666666666,0.96000000000000008,1,e24,Successful
