Path_ID,Path_Hash,Arc_Sequence,Node_Sequence,Outcome,Frequency,Probability,Mean_Duration,SD_Duration,Minimum,Maximum,P50,P80,P90,P95,Transition_Count,Activated_Capped_Arcs,Dispute_Visited
1,e2e82dee784d46837f7e8807c06a696d302a9fdf544a4b1177e2a49873195365,e01>e12>e24>e45>e56>e67,S0>S1>S2>S4>S5>S6>S7,Successful,20581,0.41161999999999999,108.05893785530344,5.8729482631244991,92,128,108,113,116,118,6,,0
2,01a23ec70688a63d2b30990c389d5b4f5d6289ff479e61a49a41040531d8568e,e01>e1T,S0>S1>ST,Terminated,20200,0.40400000000000003,3.5047524752475248,0.49998978960693347,3,4,4,4,4,4,2,,0
3,600defb76b10eff7294193a6739c855b07c809d29fb3dcc1a8e242a65487c957,e01>e12>e24>e46>e67,S0>S1>S2>S4>S6>S7,Successful,1263,0.025260000000000001,78.780680918448141,2.5325532887559108,71,86,79,81,82,83,5,,0
4,d2ac0115977b59a66989d072c13e8374f62787008631412b725915901a601e40,e01>e12>e24>e45>e57,S0>S1>S2>S4>S5>S7,Successful,1188,0.02376,95.348484848484844,5.7225758800757136,82,112,95,100,103,105,5,,0
5,28ad0f8cf3aa8a83f0a08b93722eacf977437d95a6588dd856e55841f75d7ab2,e01>e12>e22>e24>e45>e56>e67,S0>S1>S2>S2>S4>S5>S6>S7,Successful,859,0.017180000000000001,118.19790454016298,5.948531799441386,103,133,118,123,126,129,7,e22,0
6,bf47c83ff92d904dab6f530eb25bfa97ade62050425af4dcb9de8b36d22f3900,e01>e12>e24>e45>e56>e66>e67,S0>S1>S2>S4>S5>S6>S6>S7,Successful,834,0.01668,115.44244604316546,5.926089123950832,101,135,115,120,123,126,7,e66,0
7,fb66e1f4f0bfb58452eb57c6f8b0c069bbadc18c26907b352dc3e0c3d0530e31,e01>e12>e21>e12>e24>e45>e56>e67,S0>S1>S2>S1>S2>S4>S5>S6>S7,Successful,551,0.01102,121.09255898366607,5.8431435331324302,109,138,121,126,129,132,8,e21,0
8,c32f618f707a5e4e02dc06ec18d988d52613c51c0b8a49cce2c0c072d976c378,e01>e12>e21>e1T,S0>S1>S2>S1>ST,Terminated,504,0.01008,16.793650793650794,1.3601395105467902,13,21,17,18,18,19,4,e21,0
9,0b7c45f145972cb962f321cfa8cf8880b89224ba0f4d5dedc497eae4febad133,e01>e12>e24>e43>e34>e45>e56>e67,S0>S1>S2>S4>S3>S4>S5>S6>S7,Successful,404,0.0080800000000000004,130.54207920792078,6.4987658025574131,116,149,130,136,139,141,8,e43,0
10,9fb1e7d47e0e53a6d1bbf64d7f8d874b00ac2ee2e9b6fe8094d23b58c12bf0c9,e01>e12>e24>e45>e54>e45>e56>e67,S0>S1>S2>S4>S5>S4>S5>S6>S7,Successful,361,0.0072199999999999999,180.51523545706371,8.2714647038589089,160,206,180,187,192,195,8,e54,0
11,df7c00f7456b1c18fba277396ff2734a81c0f4c4ffb223b61e021ca0b54b786d,e01>e12>e24>e4D>eD3>e34>e45>e56>e67,S0>S1>S2>S4>SD>S3>S4>S5>S6>S7,Successful,330,0.0066,141.29393939393938,6.2326934560172687,127,157,141,146,149,152,9,,1
12,ff75a6ad6ea51da0d216e3d5681c32fdb11b3a564d838d1298efdcdb860fa890,e01>e12>e2T,S0>S1>S2>ST,Terminated,283,0.0056600000000000001,18.021201413427562,1.4389130939403147,15,21,18,19,20,20,3,,0
13,3841a98c2f8f78f11774b84acd0370f57fe604e4f7a285552d8e1561394de359,e01>e12>e24>e45>e55>e56>e67,S0>S1>S2>S4>S5>S5>S6>S7,Successful,223,0.0044600000000000004,113.4439461883408,5.7629796032088443,100,130,113,119,121,123,7,e55,0
14,19e7af3c72a0939700573bae42ad199ed8edb240816157df69774c99ff6e6039,e01>e12>e23>e34>e45>e56>e67,S0>S1>S2>S3>S4>S5>S6>S7,Successful,218,0.0043600000000000002,115.49541284403669,5.9925050780020497,98,133,115,121,123,125,7,,0
15,83923bdb8838708c25530c42c115e222baddf41aed0d48124a28dbe780f81c4a,e01>e12>e24>e42>e24>e45>e56>e67,S0>S1>S2>S4>S2>S4>S5>S6>S7,Successful,206,0.0041200000000000004,133.68446601941747,5.7188137484170261,120,150,133,139,141,143,8,e42,0
16,fa76e1277fbbd688d0aace0e1cd3d7e92cdce070db257c2496c3f94da265418b,e01>e12>e24>e45>e5D>eD3>e34>e45>e56>e67,S0>S1>S2>S4>S5>SD>S3>S4>S5>S6>S7,Successful,161,0.0032200000000000002,203.10559006211179,8.6837509784597486,185,225,203,210,215,217,10,,1
17,97ef8456b24451795d750c4a5198bd3c25887c30f3ef8d1593c37e3f74da7026,e01>e12>e24>e45>e52>e24>e45>e56>e67,S0>S1>S2>S4>S5>S2>S4>S5>S6>S7,Successful,160,0.0032000000000000002,196.82499999999999,8.5771012974469798,180,220,196,205,207,210,9,e52,0
18,7df1c17a771d7fc6c2399eab0b33724a9fb65d6f7c737e4c026ce54bc3da1d04,e01>e12>e24>e45>e56>e6D>eD3>e34>e45>e56>e67,S0>S1>S2>S4>S5>S6>SD>S3>S4>S5>S6>S7,Successful,130,0.0025999999999999999,215.07692307692307,8.636155641117341,196,237,214,223,226,231,11,,1
19,29a96024365438a3661ba81761c73fe8e639517442426a72931a86aff6562b74,e01>e12>e22>e24>e46>e67,S0>S1>S2>S2>S4>S6>S7,Successful,64,0.0012800000000000001,88.265625,2.6079377457512836,83,95,88,91,92,92,6,e22,0
20,96b11d215e7499a649ae329196b9679210c7da803ecef4c10c3baa69fcfb8a05,e01>e12>e22>e24>e45>e57,S0>S1>S2>S2>S4>S5>S7,Successful,53,0.00106,105.52830188679245,4.9326376684944355,97,121,105,108,111,114,6,e22,0
21,6bfbcd7e72563699ccfed4d2241f62fbb6ca4ab6150f5bfb92a82c7ca7f856f7,e01>e12>e24>e46>e66>e67,S0>S1>S2>S4>S6>S6>S7,Successful,51,0.0010200000000000001,87.627450980392155,3.1683483666650392,78,94,88,90,91,92,6,e66,0
22,87ebab2892ca20e4a0cfe2f215041d6e7b6ec7432c0af2a45f6a6806635ccb99,e01>e12>e21>e12>e24>e46>e67,S0>S1>S2>S1>S2>S4>S6>S7,Successful,37,0.00073999999999999999,92.189189189189193,2.696065423681103,87,97,93,95,96,96,7,e21,0
23,333f27fdeb4f72ad833ea262637fffdc9a48c42995223510ba0439ba48e6d570,e01>e12>e22>e24>e45>e56>e66>e67,S0>S1>S2>S2>S4>S5>S6>S6>S7,Successful,34,0.00068000000000000005,125.44117647058823,6.0612588774969556,111,136,124,131,135,136,8,e22;e66,0
24,2f8fb6f13b92469cdf90dfa184f7cec37663e9432c0e616c3cc8fade5dd678e4,e01>e12>e22>e22>e24>e45>e56>e67,S0>S1>S2>S2>S2>S4>S5>S6>S7,Successful,31,0.00062,128.7741935483871,7.2190012117067592,115,143,129,136,138,140,8,e22,0
25,c689471b50a4e8dc29117132b7df3081c4f5822b16e00fe44bfaf0fc52ef2ed8,e01>e12>e24>e45>e54>e46>e67,S0>S1>S2>S4>S5>S4>S6>S7,Successful,28,0.00055999999999999995,151.82142857142858,5.9879729546667217,141,164,150,157,160,162,7,e54,0
26,0236c35acebc6c298d8855ac966fa51a254509572a756d88e313f43352d8b2c4,e01>e12>e24>e45>e56>e66>e66>e67,S0>S1>S2>S4>S5>S6>S6>S6>S7,Successful,27,0.00054000000000000001,124,6.8500421110440568,111,139,125,128,131,138,8,e66,0
27,5d42176eb93c31f783ba560667a3e833a8cafebc79b98b7246151fe59a627c3e,e01>e12>e24>e4D>eD3>e34>e46>e67,S0>S1>S2>S4>SD>S3>S4>S6>S7,Successful,27,0.00054000000000000001,111.48148148148148,3.0680784561522234,105,117,111,114,115,117,8,,1
28,f29fd5e18c8c22e36d00f436b95dabbbad14fb4cf6396bd6c9459207b8f5d56f,e01>e12>e24>e4D>eD7,S0>S1>S2>S4>SD>S7,Successful,25,0.00050000000000000001,41.119999999999997,2.2605309110914633,37,46,41,43,44,44,5,,1
29,f466acd2729ed0429ad26b615a61594850ee142aea29d4cbea6d3007ef6e5a16,e01>e12>e21>e12>e24>e45>e57,S0>S1>S2>S1>S2>S4>S5>S7,Successful,25,0.00050000000000000001,107.76000000000001,6.5719099202591025,97,120,105,115,117,119,7,e21,0
30,a64ffd84820f7c47dede338d430ee0c7d5069837ae486ba876774b7219564779,e01>e12>e24>e4D>eDT,S0>S1>S2>S4>SD>ST,Terminated,23,0.00046000000000000001,41,1.7320508075688772,38,44,41,43,43,43,5,,1
31,0c4b06fbeac5c969c139fd334687db4898e0093cab95e007f717e74d6edf32f3,e01>e12>e21>e12>e22>e24>e45>e56>e67,S0>S1>S2>S1>S2>S2>S4>S5>S6>S7,Successful,20,0.00040000000000000002,130.75,7.3188653132629931,118,143,132,138,139,141,9,e22;e21,0
32,4d3fc388c65c14b358d796b3751bab90eeae14bbfae652d1b32d0d9f3dabd062,e01>e12>e24>e45>e54>e45>e57,S0>S1>S2>S4>S5>S4>S5>S7,Successful,20,0.00040000000000000002,170.05000000000001,7.6672577956700501,152,182,170,177,178,179,7,e54,0
33,77ceabbdbdc73e90231a1e5f2bc710eb974ba7600526426e1002b6bdae827387,e01>e12>e22>e21>e1T,S0>S1>S2>S2>S1>ST,Terminated,20,0.00040000000000000002,26.199999999999999,1.3218806379747876,24,29,26,27,28,28,5,e22;e21,0
34,c57c38dc6c33290671962cb8b08dea7fbc5bae52513a49ca3481ecb754b87f5d,e01>e12>e24>e43>e34>e46>e67,S0>S1>S2>S4>S3>S4>S6>S7,Successful,20,0.00040000000000000002,100.55,4.1227864874442179,94,109,99,105,106,106,7,e43,0
35,4090786b5c904cb5286f817e4de3d4a0349057edc266312d7994fb779c18ecca,e01>e12>e24>e43>e33>e34>e45>e56>e67,S0>S1>S2>S4>S3>S3>S4>S5>S6>S7,Successful,17,0.00034000000000000002,137.76470588235293,5.4028859390688817,131,150,138,142,145,150,9,e33;e43,0
36,575d0aa13645c36f7a5d90c9af61e4c4fef14835c7cd259691fe1ec290479f20,e01>e12>e24>e4D>eD3>e34>e45>e57,S0>S1>S2>S4>SD>S3>S4>S5>S7,Successful,17,0.00034000000000000002,128.52941176470588,5.7891887067492407,118,137,129,136,137,137,8,,1
37,3203a85ac13db56558db40bc9c8643183a7a9ffd17749b767ed5cb8f8c72dfbc,e01>e12>e24>e42>e24>e46>e67,S0>S1>S2>S4>S2>S4>S6>S7,Successful,15,0.00029999999999999997,104.26666666666667,3.2834360631741228,99,110,105,106,109,110,7,e42,0
38,68e0954fe6ae752cba0033c8feb5e922876f1c66aa8a2a2467907f669f52650e,e01>e12>e21>e12>e24>e45>e56>e66>e67,S0>S1>S2>S1>S2>S4>S5>S6>S6>S7,Successful,15,0.00029999999999999997,129.26666666666668,4.6822867835929829,123,137,128,135,137,137,9,e21;e66,0
39,8fb520c752db6010821deecbe6144c541b9aaceed52fada9d4a66af7f881741a,e01>e12>e22>e24>e43>e34>e45>e56>e67,S0>S1>S2>S2>S4>S3>S4>S5>S6>S7,Successful,15,0.00029999999999999997,138.46666666666667,5.0549362955808803,131,147,138,142,145,147,9,e22;e43,0
40,f797a486c215e07d9ce94d4e26e8f03dcdbc7dd43f8930b88ab9fca7c9c3d0d9,e01>e12>e24>e45>e54>e45>e56>e66>e67,S0>S1>S2>S4>S5>S4>S5>S6>S6>S7,Successful,15,0.00029999999999999997,190.26666666666668,8.5978956450872044,173,203,192,197,200,203,9,e54;e66,0
41,5f38a51a70e4a158aa2bceb0a1fe8be74ae4a5bd0b10ed6222e9ad44f4dfa166,e01>e12>e24>e4D>eD3>e32>e24>e45>e56>e67,S0>S1>S2>S4>SD>S3>S2>S4>S5>S6>S7,Successful,14,0.00027999999999999998,155.71428571428572,6.7644838500983759,145,167,154,161,165,167,10,e32,1
42,8b4a3fe9605d6ef6192753a1a3199edbc83bc723f0369d683dcc50ede48a9a3b,e01>e12>e24>e42>e24>e45>e57,S0>S1>S2>S4>S2>S4>S5>S7,Successful,14,0.00027999999999999998,121.5,4.7190285832182424,113,130,121,126,126,130,7,e42,0
43,cb63ec7bfc234d741e53f5c662afd8fe7f6d03a36bf9fd0798669d6996b813b2,e01>e12>e22>e24>e45>e54>e45>e56>e67,S0>S1>S2>S2>S4>S5>S4>S5>S6>S7,Successful,14,0.00027999999999999998,190.21428571428572,8.612857753458993,177,203,190,202,203,203,9,e22;e54,0
44,46f661efd718b748d4ded2604b47cef0a55de1c6b17e24ae111b584695a225f2,e01>e12>e24>e4D>eD3>e33>e34>e45>e56>e67,S0>S1>S2>S4>SD>S3>S3>S4>S5>S6>S7,Successful,13,0.00025999999999999998,146.15384615384616,5.8572768679389151,140,158,145,152,154,158,10,e33,1
45,49809f4e1268a6238c0374ad42ee2eea57915efca12a51acfbe7db1c837c0124,e01>e12>e24>e43>e34>e45>e57,S0>S1>S2>S4>S3>S4>S5>S7,Successful,13,0.00025999999999999998,117.38461538461539,7.343233410635734,106,131,117,124,125,131,7,e43,0
46,5cbdf425b9ea8761a42f72affc92dbeab4a107b0ed1dd001898de69e11660543,e01>e12>e21>e12>e21>e1T,S0>S1>S2>S1>S2>S1>ST,Terminated,13,0.00025999999999999998,29.615384615384617,2.1031112483834331,25,32,30,31,32,32,6,e21,0
47,bf84b701c90c7a5dbe842255ca5b7dcf020b80c587ded1d4c5f22e983bb71697,e01>e12>e24>e43>e32>e24>e45>e56>e67,S0>S1>S2>S4>S3>S2>S4>S5>S6>S7,Successful,13,0.00025999999999999998,147.15384615384616,4.2592282917244102,139,155,147,151,151,155,9,e32;e43,0
48,c89267c963e27bbd3fbe0055f2ce69a15fb62d9dcc83560e35b8242fe5ffa01f,e01>e12>e24>e45>e5D>eD3>e34>e45>e57,S0>S1>S2>S4>S5>SD>S3>S4>S5>S7,Successful,13,0.00025999999999999998,191.15384615384616,7.3240033889277818,178,203,192,197,201,203,9,,1
49,1aba7ef7c75dc10493565140d077b9680ec86a50dd17cb42d6faa25522844a7e,e01>e12>e21>e12>e21>e12>e24>e45>e56>e67,S0>S1>S2>S1>S2>S1>S2>S4>S5>S6>S7,Successful,12,0.00024000000000000001,134.5,6.6674241993850556,124,146,135,141,143,146,10,e21,0
50,1e1d39892897f1fdf2e79313a2c2264a76f5e019eee32780ede5e5e4fc163c8a,e01>e12>e24>e45>e56>e6D>eD7,S0>S1>S2>S4>S5>S6>SD>S7,Successful,12,0.00024000000000000001,114.41666666666667,5.5996482573515811,103,122,114,119,121,122,7,,1
51,1e4238d2a601bce0764b7d1d03091c7e043f461af8a2d75fddbdff463759824c,e01>e12>e22>e24>e45>e5D>eD3>e34>e45>e56>e67,S0>S1>S2>S2>S4>S5>SD>S3>S4>S5>S6>S7,Successful,12,0.00024000000000000001,212.08333333333334,8.805559538602802,197,230,210,218,223,230,11,e22,1
52,5cd8725f9755cef870a40b0ee500e70dabe5ee89d57109100d6fa9490ba795eb,e01>e12>e24>e43>e34>e45>e56>e66>e67,S0>S1>S2>S4>S3>S4>S5>S6>S6>S7,Successful,12,0.00024000000000000001,137.91666666666666,7.1153909153881258,127,149,136,145,149,149,9,e43;e66,0
53,bc1d2d35aad953638aa3154730ed0720f5ebcf4e92ea8fbffa796520ff9cce36,e01>e12>e22>e2T,S0>S1>S2>S2>ST,Terminated,12,0.00024000000000000001,27,1.8090680674665818,23,30,27,28,29,30,4,e22,0
54,da38a8bc61f9fb6ee0448def9c8ae476c113596e431ab16fad0eed4551063a59,e01>e12>e24>e45>e5D>eD3>e34>e46>e67,S0>S1>S2>S4>S5>SD>S3>S4>S6>S7,Successful,12,0.00024000000000000001,176.41666666666666,7.9824618364071735,163,187,173,184,186,187,9,,1
55,48e54023bffcf853fc96730bc6e4d80ca5c08811d973bad564098a2cb60d4eb5,e01>e12>e24>e45>e5D>eDT,S0>S1>S2>S4>S5>SD>ST,Terminated,11,0.00022000000000000001,105.72727272727273,5.7808461161132652,97,115,104,113,113,115,6,,1
56,b98dea609c3bbfb0919e9aeb6a10e88522a1de69e3383fedf6c57c86facae10a,e01>e12>e24>e43>e34>e45>e54>e45>e56>e67,S0>S1>S2>S4>S3>S4>S5>S4>S5>S6>S7,Successful,11,0.00022000000000000001,203.18181818181819,6.0961985174070872,189,211,205,208,209,211,10,e43;e54,0
57,baf86b7148926d34cb8d1dc74a9c51b2128f96cb047a8b3b129a9a2f02202ce8,e01>e12>e22>e24>e4D>eD3>e34>e45>e56>e67,S0>S1>S2>S2>S4>SD>S3>S4>S5>S6>S7,Successful,11,0.00022000000000000001,150.45454545454547,6.3931781824634983,143,163,148,154,159,163,10,e22,1
58,0b3658b5178f2abd1b9b2ebf1585aa330ebc5ad12130add8035972b5e7c191a4,e01>e12>e24>e45>e54>e43>e34>e45>e56>e67,S0>S1>S2>S4>S5>S4>S3>S4>S5>S6>S7,Successful,10,0.00020000000000000001,199.5,6.6541549258923762,188,211,199,204,205,211,10,e43;e54,0
59,14f21ba2510b388cead5e7419ed2ae0ead5d7cfcc58d84e15b8cf4922ac0560b,e01>e12>e24>e43>e34>e43>e34>e45>e56>e67,S0>S1>S2>S4>S3>S4>S3>S4>S5>S6>S7,Successful,10,0.00020000000000000001,152,6.164414002968976,143,159,152,158,159,159,10,e43,0
60,3af9d421524a03574d0d60ebf50a4f6116cb199fd51620cae68af4c21d52fdca,e01>e12>e24>e4D>eD3>e34>e45>e56>e66>e67,S0>S1>S2>S4>SD>S3>S4>S5>S6>S6>S7,Successful,10,0.00020000000000000001,150.30000000000001,8.5511532685493492,137,161,148,158,159,161,10,e66,1
61,6884141ef93b1bd0d84cb3ec8558da83193f9f4dfd5ee8ac26d51376736e2997,e01>e12>e24>e45>e55>e57,S0>S1>S2>S4>S5>S5>S7,Successful,10,0.00020000000000000001,101,6.1282587702834119,94,114,101,104,105,114,6,e55,0
62,78aa63def167b58ae0fe4ab616861221bfccc54b7e6ef04236b579e8684e3123,e01>e12>e23>e33>e34>e45>e56>e67,S0>S1>S2>S3>S3>S4>S5>S6>S7,Successful,10,0.00020000000000000001,123.59999999999999,6.7363029755035342,110,131,123,130,130,131,8,e33,0
63,9f6af0653a13a086303cf2ffb83eef9e4b6030639bc9e9c0feaff9e38cbf853c,e01>e12>e24>e45>e5D>eD7,S0>S1>S2>S4>S5>SD>S7,Successful,10,0.00020000000000000001,103.3,7.165503781622367,91,111,105,110,111,111,6,,1
64,a9c03ece33a044ced5be05abff9daa3b4b22177ee3bf5f4d5cf0ec00098f4b36,e01>e12>e24>e45>e52>e24>e46>e67,S0>S1>S2>S4>S5>S2>S4>S6>S7,Successful,10,0.00020000000000000001,168.5,5.5226805085936306,162,178,167,172,175,178,8,e52,0
65,e07387c54494148cbf7b9b336aa12013bbd276501b5bc9a8f5c222bdfb5db464,e01>e12>e23>e34>e45>e57,S0>S1>S2>S3>S4>S5>S7,Successful,10,0.00020000000000000001,101.90000000000001,7.5784782993245638,92,115,99,107,111,115,6,,0
66,0d4212c97746a8d49cc0edf04b78a78268044d0f49552e6efd7d5b251bae1329,e01>e12>e21>e12>e24>e45>e54>e45>e56>e67,S0>S1>S2>S1>S2>S4>S5>S4>S5>S6>S7,Successful,9,0.00018000000000000001,197.55555555555554,9.4751136023679301,183,213,199,206,213,213,10,e21;e54,0
67,6972a40afd6ea251754af4619505613eb019d208001072800c398d0c5e367e36,e01>e12>e24>e45>e52>e24>e45>e57,S0>S1>S2>S4>S5>S2>S4>S5>S7,Successful,9,0.00018000000000000001,181.66666666666666,9.6436507609929549,168,199,182,192,199,199,8,e52,0
68,c7be4a574b95ceba31e0ac41c41850263b9106bedaa450d98c89a21ad96d1aa2,e01>e12>e24>e45>e54>e45>e54>e45>e56>e67,S0>S1>S2>S4>S5>S4>S5>S4>S5>S6>S7,Successful,9,0.00018000000000000001,258,11.651180197731044,242,277,258,268,277,277,10,e54,0
69,1788333eded6e5504f4a0eba3ab076aa10ce877364e50856716d545add68e573,e01>e12>e22>e24>e45>e52>e24>e45>e56>e67,S0>S1>S2>S2>S4>S5>S2>S4>S5>S6>S7,Successful,8,0.00016000000000000001,203.5,7.4065607981804114,188,214,203,208,214,214,10,e22;e52,0
70,31191e2ab3b976fac1bd2949c0770715029a0ccfd2cefe529c0e33767c4f28d7,e01>e12>e24>e45>e5D>eD3>e33>e34>e45>e56>e67,S0>S1>S2>S4>S5>SD>S3>S3>S4>S5>S6>S7,Successful,8,0.00016000000000000001,206.75,6.5846141008522929,194,216,208,210,216,216,11,e33,1
71,5597eae53ac5ed40b75263feb9d8b5d9a1c3d76307d958d701096a63fac827d5,e01>e12>e22>e21>e12>e24>e45>e56>e67,S0>S1>S2>S2>S1>S2>S4>S5>S6>S7,Successful,8,0.00016000000000000001,127.25,6.6278632626640261,117,138,125,133,138,138,9,e22;e21,0
72,acdb571014c6ffae8bb0f92c6f22a2827ea4a66fc44e3c861616c35a17c2870b,e01>e12>e24>e46>e6D>eD3>e34>e45>e56>e67,S0>S1>S2>S4>S6>SD>S3>S4>S5>S6>S7,Successful,8,0.00016000000000000001,185.5,8.5021005807808638,174,203,183,189,203,203,10,,1
73,e2c222955822ca51e3d37245dd1b153689ac17a573b6c13361ad4a97113b094c,e01>e12>e22>e24>e45>e55>e56>e67,S0>S1>S2>S2>S4>S5>S5>S6>S7,Successful,8,0.00016000000000000001,123.375,7.44383733605956,112,135,120,131,135,135,8,e22;e55,0
74,2d7900e7ad279bdddd952ad58f7a66b05f758ea387e88c9d15cb8a06ed8f42b0,e01>e12>e24>e45>e56>e6D>eD3>e34>e46>e67,S0>S1>S2>S4>S5>S6>SD>S3>S4>S6>S7,Successful,7,0.00013999999999999999,189.28571428571428,9.7590007294853311,175,201,192,198,201,201,10,,1
75,407d4dfcacd940f1cfcb2fac8813b64c66530d450dc9deaa6a4718147e058882,e01>e12>e24>e42>e21>e12>e24>e45>e56>e67,S0>S1>S2>S4>S2>S1>S2>S4>S5>S6>S7,Successful,7,0.00013999999999999999,145.28571428571428,6.019808571549035,137,153,147,151,153,153,10,e21;e42,0
76,691a5b4a77ea16815e0e3d0a948db83ae3b84f7560d26a223322df695e7aa71f,e01>e12>e21>e12>e24>e4D>eD3>e34>e45>e56>e67,S0>S1>S2>S1>S2>S4>SD>S3>S4>S5>S6>S7,Successful,7,0.00013999999999999999,156.42857142857142,6.948792289723035,149,170,154,159,170,170,11,e21,1
77,735b2b199cc49945a9a6f814eb98a1b130d2cf5bbb4a46d841c736f0286f5d2a,e01>e12>e21>e12>e24>e45>e52>e24>e45>e56>e67,S0>S1>S2>S1>S2>S4>S5>S2>S4>S5>S6>S7,Successful,7,0.00013999999999999999,210,6.8799224801834313,197,216,211,216,216,216,11,e21;e52,0
78,7fadca275439b602e0dc481454f2512c24f483e0a288c43216474759ad39ff99,e01>e12>e21>e12>e24>e43>e34>e45>e56>e67,S0>S1>S2>S1>S2>S4>S3>S4>S5>S6>S7,Successful,7,0.00013999999999999999,142.28571428571428,4.1518785191880596,137,149,142,145,149,149,10,e21;e43,0
79,8a1c1f744132b7e3bdffe8dc0bf16d1449c000bd0eb4efccf364d6326b356739,e01>e12>e21>e12>e24>e45>e5D>eD3>e34>e45>e56>e67,S0>S1>S2>S1>S2>S4>S5>SD>S3>S4>S5>S6>S7,Successful,7,0.00013999999999999999,209.28571428571428,6.7998599425352317,199,218,211,215,218,218,12,e21,1
80,b7b3f9f461c924fdc915b8063edd939a475409707511d9146013251333a17020,e01>e12>e24>e42>e2T,S0>S1>S2>S4>S2>ST,Terminated,7,0.00013999999999999999,42.571428571428569,1.1338934190276817,41,44,43,43,44,44,5,e42,0
81,d2662a59356019d9ed90336103fae0f2b1e0aeaf9e29505a1afa33434b47b63a,e01>e12>e24>e45>e5D>eD3>e32>e24>e45>e56>e67,S0>S1>S2>S4>S5>SD>S3>S2>S4>S5>S6>S7,Successful,7,0.00013999999999999999,220.28571428571428,5.7071383872680519,212,228,223,224,228,228,11,e32,1
82,dcc3e6f2701a7d793f0741979b7b4bd519c39d54331c4341b8ef8e50e8fcfec7,e01>e12>e22>e24>e45>e56>e6D>eD3>e34>e45>e56>e67,S0>S1>S2>S2>S4>S5>S6>SD>S3>S4>S5>S6>S7,Successful,7,0.00013999999999999999,227.28571428571428,3.6384193323605842,222,232,227,231,232,232,12,e22,1
83,e7467fea36f72bb273e3280f670a75660aedf05fc8b5e1790dde92a12ad5ac63,e01>e12>e24>e43>e3T,S0>S1>S2>S4>S3>ST,Terminated,7,0.00013999999999999999,45,2.8284271247461903,41,49,44,48,49,49,5,e43,0
84,fc9226778afaf731cd9032b672e2ccc56d2176de4091d71319784593e8747b3b,e01>e12>e24>e45>e56>e6D>eDT,S0>S1>S2>S4>S5>S6>SD>ST,Terminated,7,0.00013999999999999999,118.42857142857143,5.0284902590851548,112,125,117,123,125,125,7,,1
85,0790ac1762377768acbc6d5e477604132ecd28d2c25747d27ea79e994b0a3f5c,e01>e12>e22>e24>e42>e24>e45>e56>e67,S0>S1>S2>S2>S4>S2>S4>S5>S6>S7,Successful,6,0.00012,139.5,6.0909769331364245,133,150,137,142,150,150,9,e22;e42,0
86,3ff1d60e23869b6213eebca22ffc93560c1a527b4a253851d0f6787958df7389,e01>e12>e23>e34>e46>e67,S0>S1>S2>S3>S4>S6>S7,Successful,6,0.00012,86.166666666666671,3.488074922742725,81,89,86,89,89,89,6,,0
87,6172bebef7ee520d497fca9a9ec688662430520394fa7dc5bd06f6c8d2a1d279,e01>e12>e23>e34>e45>e56>e66>e67,S0>S1>S2>S3>S4>S5>S6>S6>S7,Successful,6,0.00012,121.33333333333333,8.4063468086123265,111,133,118,127,133,133,8,e66,0
88,7100d8d950fded1ecaa4836e3930735a0cfe4455b933745fa639ef521b5bcfe5,e01>e12>e24>e45>e54>e4D>eD3>e34>e45>e56>e67,S0>S1>S2>S4>S5>S4>SD>S3>S4>S5>S6>S7,Successful,6,0.00012,217.16666666666666,7.6789756261279187,208,229,214,223,229,229,11,e54,1
89,9f58c8ce64ed0cd42d618e9f43036f6fb856d7657117cfe0b2083ac43d1af642,e01>e12>e24>e42>e24>e45>e56>e66>e67,S0>S1>S2>S4>S2>S4>S5>S6>S6>S7,Successful,6,0.00012,141.16666666666666,8.0601902376225993,133,152,138,150,152,152,9,e42;e66,0
90,e8a867c1ede95afa53d00a12be9a4d0c6aa27cf477042801221c10dba2e44322,e01>e12>e24>e45>e52>e22>e24>e45>e56>e67,S0>S1>S2>S4>S5>S2>S2>S4>S5>S6>S7,Successful,6,0.00012,203.83333333333334,10.303721010715821,189,218,200,211,218,218,10,e22;e52,0
91,eae4588b0514899ca4a0648aa2c497adcf6b5429cd2433abe8ac759c6a66d2e4,e01>e12>e23>e32>e24>e45>e56>e67,S0>S1>S2>S3>S2>S4>S5>S6>S7,Successful,6,0.00012,132,5.440588203494177,125,139,133,135,139,139,8,e32,0
92,fa38bce4220c32471d61cf829c302da1c0a4a8c4fc1bc802ba9713af6e59eade,e01>e12>e24>e45>e56>e6D>eD3>e34>e45>e56>e66>e67,S0>S1>S2>S4>S5>S6>SD>S3>S4>S5>S6>S6>S7,Successful,6,0.00012,222.66666666666666,4.8853522561496696,216,228,222,227,228,228,12,e66,1
93,0479054d800708e338e17aae359173d2d38dd07ea102a34211885c05731b4c19,e01>e12>e21>e12>e24>e45>e55>e56>e67,S0>S1>S2>S1>S2>S4>S5>S5>S6>S7,Successful,5,0.0001,122,3.082207001484488,118,126,121,124,126,126,9,e21;e55,0
94,11e085049f5100c7df96269ca4ab5ddc0e31580e83e475b93b847e728a89288b,e01>e12>e24>e45>e52>e24>e45>e56>e66>e67,S0>S1>S2>S4>S5>S2>S4>S5>S6>S6>S7,Successful,5,0.0001,201,4.8476798574163293,196,209,200,201,209,209,10,e52;e66,0
95,1380867bdb9c680ae90d894bb75880e8e9802831cf78ebbbce57bf16cd033cf9,e01>e12>e24>e4D>eD3>e34>e45>e5D>eD3>e34>e45>e56>e67,S0>S1>S2>S4>SD>S3>S4>S5>SD>S3>S4>S5>S6>S7,Successful,5,0.0001,239.40000000000001,6.024948132556827,234,249,238,241,249,249,13,,1
96,16a75f267a52802758fb24c931d8d5603d437816efbd546383b9d3721fe1b2f1,e01>e12>e23>e34>e43>e34>e45>e56>e67,S0>S1>S2>S3>S4>S3>S4>S5>S6>S7,Successful,5,0.0001,142.40000000000001,8.4734880657259435,133,156,141,143,156,156,9,e43,0
97,9d771fe9503f3bf48d481e84649a26e1395383126b6ef571ef4ea4f71a7b2da1,e01>e12>e21>e12>e23>e34>e45>e56>e67,S0>S1>S2>S1>S2>S3>S4>S5>S6>S7,Successful,5,0.0001,128.40000000000001,4.3358966777357599,121,132,129,131,132,132,9,e21,0
98,a0da60fb5bf0ceeaf960ea4f43ac7d038d8dda64556564cd71172d4a92841f83,e01>e12>e24>e4D>eD3>e34>e43>e34>e45>e56>e67,S0>S1>S2>S4>SD>S3>S4>S3>S4>S5>S6>S7,Successful,5,0.0001,166,2.5495097567963922,163,169,166,168,169,169,11,e43,1
99,addfa98eefb79ad99ffca14ed104cdf9781345966a68294f1784b4799392918b,e01>e12>e23>e34>e45>e54>e45>e56>e67,S0>S1>S2>S3>S4>S5>S4>S5>S6>S7,Successful,5,0.0001,184,9.354143466934854,172,195,184,191,195,195,9,e54,0
100,b2e9f18cddddad399fad99281037af399756e82ed0dcda810b77a949f8641bcd,e01>e12>e24>e45>e55>e56>e66>e67,S0>S1>S2>S4>S5>S5>S6>S6>S7,Successful,5,0.0001,118.59999999999999,5.3197744313081543,111,124,119,123,124,124,8,e55;e66,0
101,c2d7df30e32d703993149281b28db0bcff951d9c161f133f00df6272c9e0e8e7,e01>e12>e24>e4D>eD3>e34>e45>e55>e56>e67,S0>S1>S2>S4>SD>S3>S4>S5>S5>S6>S7,Successful,5,0.0001,149,3.3911649915626341,144,152,151,151,152,152,10,e55,1
102,da3fc237c275daa4e0ea670b5dc5843dd0b39852010072fc8397396034c0d8ce,e01>e12>e24>e45>e56>e66>e6D>eD3>e34>e45>e56>e67,S0>S1>S2>S4>S5>S6>S6>SD>S3>S4>S5>S6>S7,Successful,5,0.0001,223,6.6708320320631671,217,234,221,224,234,234,12,e66,1
103,e7d14f56ad0e20b6ee7ac63a5b2dd5700df34b2d422e5d4b03e7c610a21776b5,e01>e12>e23>e3T,S0>S1>S2>S3>ST,Terminated,5,0.0001,31.399999999999999,2.1908902300206643,28,34,32,32,34,34,4,,0
104,f3e36fae35b2c04d83f4f9dabec1e04d9cf41ba652f9ecab72e4c16153e03901,e01>e12>e24>e4D>eD3>e34>e45>e54>e45>e56>e67,S0>S1>S2>S4>SD>S3>S4>S5>S4>S5>S6>S7,Successful,5,0.0001,215.40000000000001,2.7018512172212592,213,220,215,215,220,220,11,e54,1
105,f460c7e8d78b59556f1b45c0bed3347f61ace2f4a06d91d456929389917918e0,e01>e12>e24>e45>e55>e54>e45>e56>e67,S0>S1>S2>S4>S5>S5>S4>S5>S6>S7,Successful,5,0.0001,181.80000000000001,7.5960516059331766,173,193,182,184,193,193,9,e55;e54,0
106,05a9a348a7c9054c470085e6025958012a0e644e3b023d8123472a68be681fb0,e01>e12>e24>e45>e52>e24>e43>e34>e45>e56>e67,S0>S1>S2>S4>S5>S2>S4>S3>S4>S5>S6>S7,Successful,4,8.0000000000000007e-05,226.25,5.9090326337452783,218,232,227,232,232,232,11,e43;e52,0
107,3ed868a87ff68f97dd235d63f74cca3c49feb7bd7ccb1daa5f5413ec0c9c417b,e01>e12>e24>e45>e56>e6D>eD3>e32>e24>e45>e56>e67,S0>S1>S2>S4>S5>S6>SD>S3>S2>S4>S5>S6>S7,Successful,4,8.0000000000000007e-05,234.25,14.568802284333465,221,254,226,254,254,254,12,e32,1
108,4a8a958aa2f5f4a2e0c44457a0fa36db153d8e5eba48c645dcea358ee657b0c5,e01>e12>e24>e43>e3D>eD3>e34>e45>e56>e67,S0>S1>S2>S4>S3>SD>S3>S4>S5>S6>S7,Successful,4,8.0000000000000007e-05,155.25,4.349329450233296,151,161,153,161,161,161,10,e43,1
109,675f5b716d44f17c6ca4db2b525f0ee8ee445eff8a38f9c5f03485af00363f16,e01>e12>e24>e45>e52>e24>e4D>eD3>e34>e45>e56>e67,S0>S1>S2>S4>S5>S2>S4>SD>S3>S4>S5>S6>S7,Successful,4,8.0000000000000007e-05,238.5,8.8881944173155887,229,250,235,250,250,250,12,e52,1
110,8c21cfa2335a8562cea8c7753d4c348f328dc21e3dad920239ff7b98aac3c60f,e01>e12>e24>e45>e52>e24>e45>e54>e45>e56>e67,S0>S1>S2>S4>S5>S2>S4>S5>S4>S5>S6>S7,Successful,4,8.0000000000000007e-05,271.25,10.144785195688801,257,279,271,279,279,279,11,e54;e52,0
111,9054d512730f1e9e0e668befdb1e3cde567ba8cc9f14bf80f2826861808e2c94,e01>e12>e24>e42>e22>e24>e45>e56>e67,S0>S1>S2>S4>S2>S2>S4>S5>S6>S7,Successful,4,8.0000000000000007e-05,135.25,2.8722813232690143,131,137,136,137,137,137,9,e22;e42,0
112,9e197964d74012c14aaa42e9d79d5438c8400e9f53aedc954c1cca0640fa5417,e01>e12>e24>e4D>eD3>e3T,S0>S1>S2>S4>SD>S3>ST,Terminated,4,8.0000000000000007e-05,57.25,1.2583057392117916,56,59,57,59,59,59,6,,1
113,a80fe0d009c08b80b895522ff930bead3dfc98f2411a5ee381ca34e3f47d0464,e01>e12>e24>e45>e52>e2T,S0>S1>S2>S4>S5>S2>ST,Terminated,4,8.0000000000000007e-05,106.75,6.7019897542943667,100,113,102,113,113,113,6,e52,0
114,b7379502bc6990f988cfcc53bc33c5ad1c94402d3ee9883cd020812334b90492,e01>e12>e24>e45>e52>e21>e12>e24>e45>e56>e67,S0>S1>S2>S4>S5>S2>S1>S2>S4>S5>S6>S7,Successful,4,8.0000000000000007e-05,202.5,8.3466560170326094,194,214,201,214,214,214,11,e21;e52,0
115,c357771406e2709c0d043776929d49a2ea30a11db2e30599bc3b7567c8840374,e01>e12>e24>e43>e34>e45>e52>e24>e45>e56>e67,S0>S1>S2>S4>S3>S4>S5>S2>S4>S5>S6>S7,Successful,4,8.0000000000000007e-05,224.25,8.770214744615247,213,234,223,234,234,234,11,e43;e52,0
116,d5d8a15268a276362cabe1c63e2450a72f25e5143df26d2e843ca03ca868a2ca,e01>e12>e21>e12>e2T,S0>S1>S2>S1>S2>ST,Terminated,4,8.0000000000000007e-05,31,1.8257418583505538,29,33,30,33,33,33,5,e21,0
117,e886785d05633e34f843e3babc0ab10254cc7e27d4e134bf2025ee58bdf77174,e01>e12>e24>e43>e32>e22>e24>e45>e56>e67,S0>S1>S2>S4>S3>S2>S2>S4>S5>S6>S7,Successful,4,8.0000000000000007e-05,152,7.1180521680208741,142,158,152,158,158,158,10,e22;e32;e43,0
118,f38daa2816a44d26ac46b9bbdd75f5092d3362011ff8e4d382406056437170a2,e01>e12>e24>e45>e5D>eD3>e34>e45>e56>e66>e67,S0>S1>S2>S4>S5>SD>S3>S4>S5>S6>S6>S7,Successful,4,8.0000000000000007e-05,213.5,5.259911279353167,208,218,210,218,218,218,11,e66,1
119,f915f8dbee287320ff6bf007ff5a09063747e543e06addb3d94f83d436217b0d,e01>e12>e21>e12>e24>e45>e56>e6D>eD3>e34>e45>e56>e67,S0>S1>S2>S1>S2>S4>S5>S6>SD>S3>S4>S5>S6>S7,Successful,4,8.0000000000000007e-05,229.25,7.4105780251385696,223,239,224,239,239,239,13,e21,1
120,03207296b8dcc037a9c9e75ec36beddb7808860752b286476b700093d0a57b55,e01>e12>e22>e23>e34>e45>e56>e67,S0>S1>S2>S2>S3>S4>S5>S6>S7,Successful,3,6.0000000000000002e-05,124.33333333333333,7.6376261582597342,116,131,126,131,131,131,8,e22,0
121,0f9d2e0524d3cf9919a7f5e78dbae7ed2eb2a130fcf33e7bb1acf00b31dd9ae3,e01>e12>e24>e45>e55>e55>e56>e67,S0>S1>S2>S4>S5>S5>S5>S6>S7,Successful,3,6.0000000000000002e-05,124.33333333333333,8.1445278152470788,115,130,128,130,130,130,8,e55,0
122,107ab14d03daf9f21d2c5ee46d008bed063a2a4a4ea25ceaff3702bb3ebdb171,e01>e12>e24>e45>e55>e52>e24>e45>e56>e67,S0>S1>S2>S4>S5>S5>S2>S4>S5>S6>S7,Successful,3,6.0000000000000002e-05,206.33333333333334,13.868429375143146,191,218,210,218,218,218,10,e55;e52,0
123,21aa5e02471187938b3c9503c89a37af5eb61de9ae51f58f14b453f41329b020,e01>e12>e24>e45>e52>e24>e42>e24>e45>e56>e67,S0>S1>S2>S4>S5>S2>S4>S2>S4>S5>S6>S7,Successful,3,6.0000000000000002e-05,218.33333333333334,3.0550504633038935,215,221,219,221,221,221,11,e42;e52,0
124,36a82118e7a5eadf94666c8a576e835eafa10ccea0c8600cfa54a76b0e0db102,e01>e12>e23>e33>e34>e46>e67,S0>S1>S2>S3>S3>S4>S6>S7,Successful,3,6.0000000000000002e-05,94,2.6457513110645907,91,96,95,96,96,96,7,e33,0
125,4408a5db9afd0a8353600ae045a2275f0a314160016b2209a17992b8bba7e1f7,e01>e12>e24>e45>e56>e6D>eD3>e34>e42>e24>e45>e56>e67,S0>S1>S2>S4>S5>S6>SD>S3>S4>S2>S4>S5>S6>S7,Successful,3,6.0000000000000002e-05,235.66666666666666,4.0414518843273806,232,240,235,240,240,240,13,e42,1
126,5183aacf2308f5fabe70938ff6021eedf1754124f10159e838a76e1ac3c46d42,e01>e12>e24>e45>e54>e45>e52>e24>e45>e56>e67,S0>S1>S2>S4>S5>S4>S5>S2>S4>S5>S6>S7,Successful,3,6.0000000000000002e-05,278.66666666666669,15.37313674346694,261,289,286,289,289,289,11,e54;e52,0
127,5ca4dff9c949689679ad9be0bb22a6f40622e5adee6b711ca0daf0e4788edd8e,e01>e12>e23>e34>e45>e5D>eD3>e34>e45>e56>e67,S0>S1>S2>S3>S4>S5>SD>S3>S4>S5>S6>S7,Successful,3,6.0000000000000002e-05,208.66666666666666,6.429100507328636,204,216,206,216,216,216,11,,1
128,63275fb4142839c82af2d42086ecdbda784eda4a84045aaa17cbeccc1465b460,e01>e12>e24>e45>e54>e42>e24>e45>e56>e67,S0>S1>S2>S4>S5>S4>S2>S4>S5>S6>S7,Successful,3,6.0000000000000002e-05,201.66666666666666,10.016652800877813,192,212,201,212,212,212,10,e42;e54,0
129,7d5cc7d7a00471c6757cd4eaf32b7c25f530d6b0382731580fe66f027ac99fec,e01>e12>e24>e4D>eD3>e3D>eD3>e34>e45>e56>e67,S0>S1>S2>S4>SD>S3>SD>S3>S4>S5>S6>S7,Successful,3,6.0000000000000002e-05,160,1,159,161,160,161,161,161,11,,1
130,808b985d9a70183b2e3850f2230c9bfb14afa564416fce4445abacd44b892a3d,e01>e12>e24>e45>e5D>eD3>e34>e4D>eD3>e34>e45>e56>e67,S0>S1>S2>S4>S5>SD>S3>S4>SD>S3>S4>S5>S6>S7,Successful,3,6.0000000000000002e-05,239.33333333333334,10.214368964029708,232,251,235,251,251,251,13,,1
131,8689e547fe16f95b9d9a2d4e0b805f5d125fb4e2015992aa6f54b278db67b845,e01>e12>e24>e4D>eD3>e33>e34>e45>e57,S0>S1>S2>S4>SD>S3>S3>S4>S5>S7,Successful,3,6.0000000000000002e-05,136.66666666666666,6.0277137733417074,131,143,136,143,143,143,9,e33,1
132,925a4e4db0a6f70936dbe34905e639b5e1dd682826d1b00e2e91a5772582f8e7,e01>e12>e24>e43>e34>e42>e24>e45>e56>e67,S0>S1>S2>S4>S3>S4>S2>S4>S5>S6>S7,Successful,3,6.0000000000000002e-05,157.33333333333334,10.785793124908958,145,165,162,165,165,165,10,e43;e42,0
133,9d7f44901208cd4146819506a6870cdac0c978965382b5afc7e04405186bd3de,e01>e12>e24>e43>e34>e45>e56>e6D>eD3>e34>e45>e56>e67,S0>S1>S2>S4>S3>S4>S5>S6>SD>S3>S4>S5>S6>S7,Successful,3,6.0000000000000002e-05,239,11.789826122551595,229,252,236,252,252,252,13,e43,1
134,aae7f002ae8c92bbf217c29c2091ab483b0db4a0abffc5e8183531e4aed496c9,e01>e12>e24>e42>e24>e45>e55>e56>e67,S0>S1>S2>S4>S2>S4>S5>S5>S6>S7,Successful,3,6.0000000000000002e-05,142.66666666666666,7.0237691685684922,136,150,142,150,150,150,9,e42;e55,0
135,b926b91327287e4ec6e536add23a36a96f42e78425b335ab12c5a7edf9bdfe29,e01>e12>e23>e34>e45>e52>e24>e45>e56>e67,S0>S1>S2>S3>S4>S5>S2>S4>S5>S6>S7,Successful,3,6.0000000000000002e-05,206,6.2449979983983983,201,213,204,213,213,213,10,e52,0
136,bcdd79c035d575a83fc488b8d5d63d50912879609556be0663c18e1cb419fed7,e01>e12>e24>e43>e34>e4D>eD3>e34>e45>e56>e67,S0>S1>S2>S4>S3>S4>SD>S3>S4>S5>S6>S7,Successful,3,6.0000000000000002e-05,164.33333333333334,9.2915732431775684,158,175,160,175,175,175,11,e43,1
137,c991cdced10959f779553eec2e6b54c9def5367409db277ef8575f5b01c2793b,e01>e12>e24>e45>e5D>eD3>e34>e45>e54>e45>e56>e67,S0>S1>S2>S4>S5>SD>S3>S4>S5>S4>S5>S6>S7,Successful,3,6.0000000000000002e-05,273.66666666666669,7.7674534651540288,265,280,276,280,280,280,12,e54,1
138,e80deeaea66aa046314560125e252d887abb4b112895090b75f97e0fc4b4893c,e01>e12>e24>e4D>eD3>e34>e42>e24>e45>e56>e67,S0>S1>S2>S4>SD>S3>S4>S2>S4>S5>S6>S7,Successful,3,6.0000000000000002e-05,176.33333333333334,5.5075705472861012,171,182,176,182,182,182,11,e42,1
139,f39dd355cbb00e835ab7a5610f4d9e32df431104961ae8c2db6e32f114c22db3,e01>e12>e23>e34>e4D>eD3>e34>e45>e56>e67,S0>S1>S2>S3>S4>SD>S3>S4>S5>S6>S7,Successful,3,6.0000000000000002e-05,146,10,136,156,146,156,156,156,10,,1
140,f98844a16fdd43daf6fa3990744d42c9c9c84d15c4999ac2125319963e6b07cf,e01>e12>e24>e45>e54>e45>e55>e56>e67,S0>S1>S2>S4>S5>S4>S5>S5>S6>S7,Successful,3,6.0000000000000002e-05,184,4.358898943540674,179,187,186,187,187,187,9,e55;e54,0
141,0122adb52a842204d2663db21c0913c52e487f451b49e4e41cfc55324a5fe222,e01>e12>e24>e45>e56>e66>e6D>eD3>e33>e34>e45>e56>e67,S0>S1>S2>S4>S5>S6>S6>SD>S3>S3>S4>S5>S6>S7,Successful,2,4.0000000000000003e-05,231,14.142135623730951,221,241,221,241,241,241,13,e33;e66,1
142,0bcf104e60af94ac69df98f2610e1b23d9429d10b01e205c0cb0b1e1c241cba8,e01>e12>e24>e4D>eD3>e34>e45>e56>e6D>eD3>e34>e45>e56>e67,S0>S1>S2>S4>SD>S3>S4>S5>S6>SD>S3>S4>S5>S6>S7,Successful,2,4.0000000000000003e-05,246,9.8994949366116654,239,253,239,253,253,253,14,,1
143,0ca05dc1d0504d24ac285417ecf52b9f1960e17b1ca40c0292486b0b4e40edeb,e01>e12>e24>e45>e52>e24>e43>e34>e45>e56>e66>e67,S0>S1>S2>S4>S5>S2>S4>S3>S4>S5>S6>S6>S7,Successful,2,4.0000000000000003e-05,220,5.6568542494923806,216,224,216,224,224,224,12,e43;e52;e66,0
144,117fe2842c2559752fad310e2bdf0a6c59788563ca7aba90c0e9577ca2b4dbf0,e01>e12>e24>e45>e56>e6D>eD3>e34>e4D>eD3>e34>e45>e56>e67,S0>S1>S2>S4>S5>S6>SD>S3>S4>SD>S3>S4>S5>S6>S7,Successful,2,4.0000000000000003e-05,244.5,3.5355339059327378,242,247,242,247,247,247,14,,1
145,145e2d0a55d39534117a9412dcc1d2fa0875cbfb0dea10a56e2fbf9e60d0769e,e01>e12>e22>e24>e45>e52>e22>e24>e45>e56>e67,S0>S1>S2>S2>S4>S5>S2>S2>S4>S5>S6>S7,Successful,2,4.0000000000000003e-05,223,11.313708498984761,215,231,215,231,231,231,11,e22;e52,0
146,15de0543652c1c5134863c03804eff93bd02ee611f4cf6a64051ca3a8ddfd014,e01>e12>e24>e45>e54>e45>e5D>eD3>e34>e45>e56>e67,S0>S1>S2>S4>S5>S4>S5>SD>S3>S4>S5>S6>S7,Successful,2,4.0000000000000003e-05,273,5.6568542494923806,269,277,269,277,277,277,12,e54,1
147,18476d57824badb23d013a5b7f355f6ed492af054e7ec431dcc3d5f8bbca8ffb,e01>e12>e22>e22>e24>e46>e67,S0>S1>S2>S2>S2>S4>S6>S7,Successful,2,4.0000000000000003e-05,98.5,2.1213203435596424,97,100,97,100,100,100,7,e22,0
148,199839d3354e68a04fdd1a3e6ef81c095e9f8c14f2f3b1a2a54a1b850ea6a178,e01>e12>e24>e46>e66>e66>e67,S0>S1>S2>S4>S6>S6>S6>S7,Successful,2,4.0000000000000003e-05,93.5,0.70710678118654757,93,94,93,94,94,94,7,e66,0
149,1b3331ed304d53c2ac2100409a72cc1bd192f64fdc2bbf9d798a9dabe16e838a,e01>e12>e24>e45>e56>e6D>eD3>e34>e45>e54>e45>e56>e67,S0>S1>S2>S4>S5>S6>SD>S3>S4>S5>S4>S5>S6>S7,Successful,2,4.0000000000000003e-05,290.5,6.3639610306789276,286,295,286,295,295,295,13,e54,1
150,282abe731def05bf46537ad8cdcd5740c15d6d6c5627c3ab2b45436d70dd6b2a,e01>e12>e24>e45>e54>e45>e56>e6D>eD3>e34>e45>e56>e67,S0>S1>S2>S4>S5>S4>S5>S6>SD>S3>S4>S5>S6>S7,Successful,2,4.0000000000000003e-05,289.5,6.3639610306789276,285,294,285,294,294,294,13,e54,1
151,2cae8f0fcc9ee6b72d0ae8d86975ae449cd154f71f82f310f5ac37f929bb2753,e01>e12>e24>e4D>eD3>e32>e24>e45>e57,S0>S1>S2>S4>SD>S3>S2>S4>S5>S7,Successful,2,4.0000000000000003e-05,134.5,7.7781745930520225,129,140,129,140,140,140,9,e32,1
152,39495ef2821e2214ba1e659773e9427f5b26a10bf50f5a4d14207822ceebe538,e01>e12>e24>e45>e56>e6D>eD3>e3T,S0>S1>S2>S4>S5>S6>SD>S3>ST,Terminated,2,4.0000000000000003e-05,128.5,0.70710678118654757,128,129,128,129,129,129,8,,1
153,510501b30adc0af7c77c9fdbe83d231d6e54c47ac1c0153f9ea3581305b5b2ba,e01>e12>e22>e23>e33>e34>e45>e56>e67,S0>S1>S2>S2>S3>S3>S4>S5>S6>S7,Successful,2,4.0000000000000003e-05,139,2.8284271247461903,137,141,137,141,141,141,9,e22;e33,0
154,528a15254ceeadf87242f3839f29c52a25f4c172df464335de92a9b908889ebb,e01>e12>e24>e42>e24>e45>e5D>eD3>e34>e45>e56>e67,S0>S1>S2>S4>S2>S4>S5>SD>S3>S4>S5>S6>S7,Successful,2,4.0000000000000003e-05,240,8.4852813742385695,234,246,234,246,246,246,12,e42,1
155,560e44ec77229083892ff99b311a0a68d1c708dba23a8f059a74aafc3ec08522,e01>e12>e24>e4D>eD3>e34>e4D>eD3>e34>e45>e56>e67,S0>S1>S2>S4>SD>S3>S4>SD>S3>S4>S5>S6>S7,Successful,2,4.0000000000000003e-05,167,4.2426406871192848,164,170,164,170,170,170,12,,1
156,56f615aa3e55fa22be50efd0b3e65d76561f3886c4d4dd2df186b10d03a5d943,e01>e12>e24>e45>e52>e24>e45>e55>e56>e67,S0>S1>S2>S4>S5>S2>S4>S5>S5>S6>S7,Successful,2,4.0000000000000003e-05,205.5,6.3639610306789276,201,210,201,210,210,210,10,e55;e52,0
157,69f366bd77d48779187559eba5a62e891a76f8de87016230dc2dc1f5f9fe4dc3,e01>e12>e24>e45>e56>e6D>eD3>e34>e45>e55>e56>e67,S0>S1>S2>S4>S5>S6>SD>S3>S4>S5>S5>S6>S7,Successful,2,4.0000000000000003e-05,216.5,14.849242404917497,206,227,206,227,227,227,12,e55,1
158,708e3781cf4b298b3f2b6932bf9799cb8adc829066df4fb535c5c7f4c2d673f6,e01>e12>e21>e12>e24>e45>e54>e45>e57,S0>S1>S2>S1>S2>S4>S5>S4>S5>S7,Successful,2,4.0000000000000003e-05,185,18.384776310850235,172,198,172,198,198,198,9,e21;e54,0
159,754eb9bace5d03b819c91159471feebcb1a972743637127f85879924281a0b76,e01>e12>e24>e42>e24>e45>e54>e45>e57,S0>S1>S2>S4>S2>S4>S5>S4>S5>S7,Successful,2,4.0000000000000003e-05,193.5,7.7781745930520225,188,199,188,199,199,199,9,e42;e54,0
160,7f26652f4fc226de72efff31cd513e78f4406dff14bd82097be8d6102ce0c0ac,e01>e12>e24>e45>e56>e6D>eD3>e34>e45>e57,S0>S1>S2>S4>S5>S6>SD>S3>S4>S5>S7,Successful,2,4.0000000000000003e-05,198,2.8284271247461903,196,200,196,200,200,200,10,,1
161,86fa76d0297e93931a32c4164bf280cb9004566e5e66064a4a61a387f6dc54a2,e01>e12>e23>e34>e45>e55>e56>e67,S0>S1>S2>S3>S4>S5>S5>S6>S7,Successful,2,4.0000000000000003e-05,121,2.8284271247461903,119,123,119,123,123,123,8,e55,0
162,89e5b4fea68d22f03936a43ca689eb71adb01783bae081dc26cc9914bb13a76d,e01>e12>e24>e45>e55>e5D>eD3>e34>e45>e56>e67,S0>S1>S2>S4>S5>S5>SD>S3>S4>S5>S6>S7,Successful,2,4.0000000000000003e-05,217,18.384776310850235,204,230,204,230,230,230,11,e55,1
163,8a0c675c0373347dc427524f211b65e6980ac6f06cec69a319f57c156ac5ff87,e01>e12>e24>e43>e34>e45>e55>e56>e67,S0>S1>S2>S4>S3>S4>S5>S5>S6>S7,Successful,2,4.0000000000000003e-05,140,5.6568542494923806,136,144,136,144,144,144,9,e43;e55,0
164,a3d92238e5c0194bfab5380566d53e204c16d20eb59c5c40eeca5f9c2803f159,e01>e12>e22>e24>e4D>eD3>e34>e46>e67,S0>S1>S2>S2>S4>SD>S3>S4>S6>S7,Successful,2,4.0000000000000003e-05,124,2.8284271247461903,122,126,122,126,126,126,9,e22,1
165,ae38e10ae99a4067da3efc000eda8e3471edb57022fb3d9e7dae0f8b5cdd5cf9,e01>e12>e24>e45>e56>e6D>eD3>e3D>eD3>e34>e45>e56>e67,S0>S1>S2>S4>S5>S6>SD>S3>SD>S3>S4>S5>S6>S7,Successful,2,4.0000000000000003e-05,231.5,6.3639610306789276,227,236,227,236,236,236,13,,1
166,b805ea90170ec2b7ef4a8811400a460c62c6078b39ad5bf413a1518a2adecc3c,e01>e12>e24>e45>e52>e24>e45>e52>e24>e45>e56>e67,S0>S1>S2>S4>S5>S2>S4>S5>S2>S4>S5>S6>S7,Successful,2,4.0000000000000003e-05,290.5,12.020815280171307,282,299,282,299,299,299,12,e52,0
167,cd43740867c76c07aaab71e843d5f60abcb9bc899722ec40a441eabf3f83e2c9,e01>e12>e24>e45>e52>e21>e1T,S0>S1>S2>S4>S5>S2>S1>ST,Terminated,2,4.0000000000000003e-05,99.5,4.9497474683058327,96,103,96,103,103,103,7,e21;e52,0
168,d01c984192df198ac034184d8c3bce6fe28f161c960749b629296166e0119a42,e01>e12>e22>e24>e45>e54>e45>e57,S0>S1>S2>S2>S4>S5>S4>S5>S7,Successful,2,4.0000000000000003e-05,179,7.0710678118654755,174,184,174,184,184,184,8,e22;e54,0
169,d0edc234bb7d4b6218a65e87692b53f5e367c096d929e1bb8523b67336c456a8,e01>e12>e24>e43>e3D>eD3>e34>e46>e67,S0>S1>S2>S4>S3>SD>S3>S4>S6>S7,Successful,2,4.0000000000000003e-05,123,8.4852813742385695,117,129,117,129,129,129,9,e43,1
170,d17b4ffa8dc50a8169ccdac4596b3ec6a9cba4e91c54c86851303882d681d72a,e01>e12>e24>e42>e24>e43>e34>e45>e56>e67,S0>S1>S2>S4>S2>S4>S3>S4>S5>S6>S7,Successful,2,4.0000000000000003e-05,150.5,3.5355339059327378,148,153,148,153,153,153,10,e43;e42,0
171,d3c73fe70e7bb38b5054a1bb353b7bf8088577229389923a5486b3efbd787ea2,e01>e12>e24>e43>e34>e45>e5D>eD3>e34>e45>e56>e67,S0>S1>S2>S4>S3>S4>S5>SD>S3>S4>S5>S6>S7,Successful,2,4.0000000000000003e-05,224,7.0710678118654755,219,229,219,229,229,229,12,e43,1
172,da003e7ddbb115d799552be219ed6cfaac47a732fdbea0f97dbf4746e2786175,e01>e12>e24>e43>e32>e21>e12>e24>e45>e56>e67,S0>S1>S2>S4>S3>S2>S1>S2>S4>S5>S6>S7,Successful,2,4.0000000000000003e-05,151,2.8284271247461903,149,153,149,153,153,153,11,e21;e32;e43,0
173,e0408b361ad4ca89ac20bbb8cb409d5c3d98f5f4abd64afe4034dc00fe054fbe,e01>e12>e24>e43>e34>e4D>eD7,S0>S1>S2>S4>S3>S4>SD>S7,Successful,2,4.0000000000000003e-05,65.5,3.5355339059327378,63,68,63,68,68,68,7,e43,1
174,fa37e23dbebdb94ecc287a23fe726bbc78113d27de483cba276b51f9d45e6850,e01>e12>e24>e42>e24>e42>e24>e45>e56>e67,S0>S1>S2>S4>S2>S4>S2>S4>S5>S6>S7,Successful,2,4.0000000000000003e-05,163.5,6.3639610306789276,159,168,159,168,168,168,10,e42,0
175,fcf89155a768884112df9c06d84ed00840864ca27716bc4e732d976d665aa72e,e01>e12>e24>e4D>eD3>e34>e45>e52>e24>e45>e56>e67,S0>S1>S2>S4>SD>S3>S4>S5>S2>S4>S5>S6>S7,Successful,2,4.0000000000000003e-05,215,2.8284271247461903,213,217,213,217,217,217,12,e52,1
176,ff7f68e9ad4e9a0025ababc29a677649dca2ef11f708a93c6adab21eae8ec289,e01>e12>e24>e45>e5D>eD3>e34>e43>e34>e45>e56>e67,S0>S1>S2>S4>S5>SD>S3>S4>S3>S4>S5>S6>S7,Successful,2,4.0000000000000003e-05,233,2.8284271247461903,231,235,231,235,235,235,12,e43,1
177,ffe3be74ac48754eeecf4e60bd9a9fa6f6ced498f502db7b8a96212a9724115f,e01>e12>e24>e43>e32>e24>e45>e56>e66>e67,S0>S1>S2>S4>S3>S2>S4>S5>S6>S6>S7,Successful,2,4.0000000000000003e-05,146.5,3.5355339059327378,144,149,144,149,149,149,10,e32;e43;e66,0
178,013ffae234c24fbba6867622156c8ce6b2699d7aa9398b6a5495759902acc4cb,e01>e12>e24>e4D>eD3>e32>e24>e4D>eD3>e34>e45>e56>e67,S0>S1>S2>S4>SD>S3>S2>S4>SD>S3>S4>S5>S6>S7,Successful,1,2.0000000000000002e-05,183,0,183,183,183,183,183,183,13,e32,1
179,01ce9e766ceacc14fe277799d0d5f9afdbce0ceffc9cf7d0ed6eb26c84d36806,e01>e12>e21>e12>e21>e12>e24>e45>e52>e24>e45>e56>e67,S0>S1>S2>S1>S2>S1>S2>S4>S5>S2>S4>S5>S6>S7,Successful,1,2.0000000000000002e-05,218,0,218,218,218,218,218,218,13,e21;e52,0
180,04242accec9eacfe8a1b46e2653d8f119f1ae8deb11039335efcb7d6e2edf2ac,e01>e12>e24>e43>e34>e45>e5D>eD3>e34>e45>e5D>eD3>e34>e45>e57,S0>S1>S2>S4>S3>S4>S5>SD>S3>S4>S5>SD>S3>S4>S5>S7,Successful,1,2.0000000000000002e-05,303,0,303,303,303,303,303,303,15,e43,1
181,0a7669c1e1f44d4b0cf20f0e49f695741f642e0138f5b8e1a88c358f4795b2ea,e01>e12>e24>e43>e33>e32>e24>e45>e56>e67,S0>S1>S2>S4>S3>S3>S2>S4>S5>S6>S7,Successful,1,2.0000000000000002e-05,148,0,148,148,148,148,148,148,10,e33;e32;e43,0
182,0cbee0ed76452a4d3659b3d48ece562add81f1ce683ef765c19b6eaf8aa46c66,e01>e12>e24>e45>e52>e22>e24>e43>e34>e45>e57,S0>S1>S2>S4>S5>S2>S2>S4>S3>S4>S5>S7,Successful,1,2.0000000000000002e-05,204,0,204,204,204,204,204,204,11,e22;e43;e52,0
183,0e02a7796aa075ff2e887e2bbf5280708fe9b9593c6dbcdb6857359325b440ed,e01>e12>e24>e45>e52>e24>e45>e5D>eD3>e34>e45>e57,S0>S1>S2>S4>S5>S2>S4>S5>SD>S3>S4>S5>S7,Successful,1,2.0000000000000002e-05,290,0,290,290,290,290,290,290,12,e52,1
184,0ed8e21931682b162cc7055e97f3a9c3a0179cb6f677c837c9ca5d51a1225875,e01>e12>e24>e42>e24>e4D>eD7,S0>S1>S2>S4>S2>S4>SD>S7,Successful,1,2.0000000000000002e-05,69,0,69,69,69,69,69,69,7,e42,1
185,110f5a9e98ead9136f362a59160dcaee19a9e59203cbf81bc7a84b7b3133f439,e01>e12>e21>e12>e24>e4D>eD3>e34>e43>e34>e45>e56>e67,S0>S1>S2>S1>S2>S4>SD>S3>S4>S3>S4>S5>S6>S7,Successful,1,2.0000000000000002e-05,176,0,176,176,176,176,176,176,13,e21;e43,1
186,11af7c7da3db204cec4845cf0db02ebac34fb223a476b9d85732ab889402497e,e01>e12>e24>e43>e34>e45>e54>e45>e5D>eD3>e3D>eD3>e34>e45>e56>e67,S0>S1>S2>S4>S3>S4>S5>S4>S5>SD>S3>SD>S3>S4>S5>S6>S7,Successful,1,2.0000000000000002e-05,312,0,312,312,312,312,312,312,16,e43;e54,1
187,1399d064daf8ca91d87e07611dd52cc18d7552a9333ea0605d5e145ee030a8c3,e01>e12>e24>e4D>eD3>e33>e34>e45>e55>e56>e67,S0>S1>S2>S4>SD>S3>S3>S4>S5>S5>S6>S7,Successful,1,2.0000000000000002e-05,151,0,151,151,151,151,151,151,11,e33;e55,1
188,14c2cc3b1f24cb2fc581c255e5e6fcfe233042d91dcec1e0cd3b7fb1c1a9c76a,e01>e12>e24>e43>e34>e46>e6D>eD3>e34>e45>e56>e67,S0>S1>S2>S4>S3>S4>S6>SD>S3>S4>S5>S6>S7,Successful,1,2.0000000000000002e-05,211,0,211,211,211,211,211,211,12,e43,1
189,1560219596815707bde3359478c849957a3b4fd3706fa2903f17e390c26771eb,e01>e12>e21>e12>e24>e4D>eDT,S0>S1>S2>S1>S2>S4>SD>ST,Terminated,1,2.0000000000000002e-05,54,0,54,54,54,54,54,54,7,e21,1
190,163eed481b79e925fcc710ca12122491e8e398d28ec914d63b160ba7d34f7449,e01>e12>e24>e45>e5D>eD3>e3D>eD3>e34>e45>e56>e66>e67,S0>S1>S2>S4>S5>SD>S3>SD>S3>S4>S5>S6>S6>S7,Successful,1,2.0000000000000002e-05,233,0,233,233,233,233,233,233,13,e66,1
191,17c30a94492be2a9e65b9d2f7067e54ff6d1930aa9a9264243c9c9068081f079,e01>e12>e24>e45>e52>e24>e46>e66>e66>e67,S0>S1>S2>S4>S5>S2>S4>S6>S6>S6>S7,Successful,1,2.0000000000000002e-05,180,0,180,180,180,180,180,180,10,e52;e66,0
192,1977047608cdc9438b8a53cd4ecdfb0d9c415c3c5a7d9bddfb60dd75ce6651bd,e01>e12>e22>e24>e45>e5D>eD3>e34>e45>e57,S0>S1>S2>S2>S4>S5>SD>S3>S4>S5>S7,Successful,1,2.0000000000000002e-05,192,0,192,192,192,192,192,192,10,e22,1
193,1accc0b418685a703d1702198a2093230630357b806b61e41a8a55bae09a7fb6,e01>e12>e24>e43>e34>e43>e33>e34>e46>e67,S0>S1>S2>S4>S3>S4>S3>S3>S4>S6>S7,Successful,1,2.0000000000000002e-05,128,0,128,128,128,128,128,128,10,e33;e43,0
194,1b973fee96d5576c4c91948dab4f1ac4ea703ddcc4b1661ad9f62b91aa228588,e01>e12>e24>e42>e24>e45>e52>e24>e45>e56>e67,S0>S1>S2>S4>S2>S4>S5>S2>S4>S5>S6>S7,Successful,1,2.0000000000000002e-05,229,0,229,229,229,229,229,229,11,e42;e52,0
195,1d2c7a407fb54bf15b4d339ffa8be9aa07b6970a6cbbbf66309260e6cca08bd6,e01>e12>e24>e42>e24>e45>e54>e45>e56>e67,S0>S1>S2>S4>S2>S4>S5>S4>S5>S6>S7,Successful,1,2.0000000000000002e-05,207,0,207,207,207,207,207,207,10,e42;e54,0
196,1dd1b005261e9b3e1719031ffb0d1c9b326287e9e8e2d666296e510bfe59197e,e01>e12>e24>e42>e24>e45>e52>e24>e4D>eD7,S0>S1>S2>S4>S2>S4>S5>S2>S4>SD>S7,Successful,1,2.0000000000000002e-05,152,0,152,152,152,152,152,152,10,e42;e52,1
197,2061b8819d9d8edfaf47f71b525416607de83b02ff0e990eadcf06e3a23d033b,e01>e12>e21>e12>e24>e4D>eD3>e34>e4D>eD3>e34>e45>e56>e67,S0>S1>S2>S1>S2>S4>SD>S3>S4>SD>S3>S4>S5>S6>S7,Successful,1,2.0000000000000002e-05,187,0,187,187,187,187,187,187,14,e21,1
198,224af2e9fd66791e13bb897765673db01359130382d140391f73e2883bfef373,e01>e12>e22>e24>e42>e24>e45>e56>e66>e67,S0>S1>S2>S2>S4>S2>S4>S5>S6>S6>S7,Successful,1,2.0000000000000002e-05,162,0,162,162,162,162,162,162,10,e22;e42;e66,0
199,22c94ea2e3bb36abbe7c6d4ac487537e74dbcd3f023b9117b74b08434ad17e47,e01>e12>e24>e45>e56>e6D>eD3>e33>e34>e45>e56>e67,S0>S1>S2>S4>S5>S6>SD>S3>S3>S4>S5>S6>S7,Successful,1,2.0000000000000002e-05,221,0,221,221,221,221,221,221,12,e33,1
200,23016e3d31cfc234849c5ef79cfdc8c11afdcf512850d13cb66c280997ef45a5,e01>e12>e22>e22>e24>e45>e56>e66>e67,S0>S1>S2>S2>S2>S4>S5>S6>S6>S7,Successful,1,2.0000000000000002e-05,143,0,143,143,143,143,143,143,9,e22;e66,0
201,24203fd0dbc514cf48645ec0e1f4ae5784f3073e5611951ce77021c38c73c99a,e01>e12>e24>e4D>eD3>e34>e43>e34>e46>e67,S0>S1>S2>S4>SD>S3>S4>S3>S4>S6>S7,Successful,1,2.0000000000000002e-05,131,0,131,131,131,131,131,131,10,e43,1
202,2497992f226f3fbe57717d1dd084ee55ca421f933c92f5a2dbe5422aa4851a04,e01>e12>e24>e45>e54>e4D>eDT,S0>S1>S2>S4>S5>S4>SD>ST,Terminated,1,2.0000000000000002e-05,114,0,114,114,114,114,114,114,7,e54,1
203,250444b4c64c096772a38cdfdd8921b510944a1fcb88f9bfde4fdbab9ea88621,e01>e12>e24>e45>e52>e22>e23>e34>e45>e56>e67,S0>S1>S2>S4>S5>S2>S2>S3>S4>S5>S6>S7,Successful,1,2.0000000000000002e-05,202,0,202,202,202,202,202,202,11,e22;e52,0
204,29bf7b8a43f782f9da47a15af19807782f3912697d06a4290f88e8f42d71debf,e01>e12>e21>e12>e24>e45>e56>e6D>eD3>e34>e46>e67,S0>S1>S2>S1>S2>S4>S5>S6>SD>S3>S4>S6>S7,Successful,1,2.0000000000000002e-05,195,0,195,195,195,195,195,195,12,e21,1
205,2bd05710b0d9c00312e21b05b793754d3cc5659a74d436bd375bc6f39928f099,e01>e12>e24>e4D>eD3>e34>e45>e56>e66>e66>e67,S0>S1>S2>S4>SD>S3>S4>S5>S6>S6>S6>S7,Successful,1,2.0000000000000002e-05,148,0,148,148,148,148,148,148,11,e66,1
206,2c25de6a570bbaf515ef16b28ff80ab0e4efb791598ccd7dcbbb0c7f52c6ff14,e01>e12>e21>e12>e24>e45>e54>e4D>eD3>e34>e45>e56>e6D>eD3>e34>e45>e56>e67,S0>S1>S2>S1>S2>S4>S5>S4>SD>S3>S4>S5>S6>SD>S3>S4>S5>S6>S7,Successful,1,2.0000000000000002e-05,321,0,321,321,321,321,321,321,18,e21;e54,1
207,2da38cb325613ebdd7967380bc44c55bad3d1559b294d6e85a8ed944759a5b0f,e01>e12>e24>e4D>eD3>e34>e43>e34>e4D>eD3>e34>e45>e55>e56>e66>e67,S0>S1>S2>S4>SD>S3>S4>S3>S4>SD>S3>S4>S5>S5>S6>S6>S7,Successful,1,2.0000000000000002e-05,215,0,215,215,215,215,215,215,16,e43;e55;e66,1
208,2e6b057ec5a10ac76e59a617f9b74b265fbc6b6d67ee35adcb61e3423367bcde,e01>e12>e24>e43>e34>e42>e22>e2T,S0>S1>S2>S4>S3>S4>S2>S2>ST,Terminated,1,2.0000000000000002e-05,77,0,77,77,77,77,77,77,8,e22;e43;e42,0
209,2eec37a21a384127b1cd0a84003cb7fbae2e52ff4727f4497ec7e286e82d49d6,e01>e12>e23>e34>e45>e56>e6D>eD3>e34>e42>e24>e45>e56>e67,S0>S1>S2>S3>S4>S5>S6>SD>S3>S4>S2>S4>S5>S6>S7,Successful,1,2.0000000000000002e-05,247,0,247,247,247,247,247,247,14,e42,1
210,2f6de19bbb2456acb2d2c7b8412989bdca6bcbff4236d9dfac98ae3116a68302,e01>e12>e24>e45>e5D>eD3>e32>e24>e46>e66>e67,S0>S1>S2>S4>S5>SD>S3>S2>S4>S6>S6>S7,Successful,1,2.0000000000000002e-05,200,0,200,200,200,200,200,200,11,e32;e66,1
211,3176cf3571c0f0414fa54b4cc36563ce188e77c3fdea29c7f25fffabe381e7f4,e01>e12>e21>e12>e23>e32>e24>e45>e56>e67,S0>S1>S2>S1>S2>S3>S2>S4>S5>S6>S7,Successful,1,2.0000000000000002e-05,138,0,138,138,138,138,138,138,10,e21;e32,0
212,3259331ccbafd0ab441fd029a245dc3525068f2619e205ca06ab249b0aa8e4fc,e01>e12>e24>e45>e56>e6D>eD3>e34>e45>e54>e45>e5D>eD3>e34>e45>e56>e67,S0>S1>S2>S4>S5>S6>SD>S3>S4>S5>S4>S5>SD>S3>S4>S5>S6>S7,Successful,1,2.0000000000000002e-05,389,0,389,389,389,389,389,389,17,e54,1
213,3277291ee246e3d080afe0076acb65bb2816103e9dbb2b5371c4fe1aeae3499b,e01>e12>e22>e24>e45>e56>e6D>eDT,S0>S1>S2>S2>S4>S5>S6>SD>ST,Terminated,1,2.0000000000000002e-05,129,0,129,129,129,129,129,129,8,e22,1
214,36e860d6f019e6a8ee3bbde30cb3410a6d7dbf7e6d1abf4fc5f79a2ac9194f0d,e01>e12>e24>e45>e55>e56>e6D>eD3>e34>e45>e56>e67,S0>S1>S2>S4>S5>S5>S6>SD>S3>S4>S5>S6>S7,Successful,1,2.0000000000000002e-05,211,0,211,211,211,211,211,211,12,e55,1
215,3850b323c2a13f8c1430225a1aed25e5da8fd54b4f41f6363e8e35fd70961f6c,e01>e12>e24>e46>e6D>eD3>e34>e45>e57,S0>S1>S2>S4>S6>SD>S3>S4>S5>S7,Successful,1,2.0000000000000002e-05,162,0,162,162,162,162,162,162,9,,1
216,3869b2ab6d36475a00a2400e47701e4413584c8ffb6d059d9393f6cdf39a6692,e01>e12>e24>e45>e54>e46>e66>e67,S0>S1>S2>S4>S5>S4>S6>S6>S7,Successful,1,2.0000000000000002e-05,157,0,157,157,157,157,157,157,8,e54;e66,0
217,38febc162d890036c3d230a2e5377eb203aa6990ee08a50b18f0e3773f5e7b6b,e01>e12>e22>e21>e12>e24>e46>e67,S0>S1>S2>S2>S1>S2>S4>S6>S7,Successful,1,2.0000000000000002e-05,102,0,102,102,102,102,102,102,8,e22;e21,0
218,39fb89c1ef099523306e97d296e814e779d27f8e084fc156b7dec9322ff4938e,e01>e12>e22>e24>e45>e56>e6D>eD3>e3D>eD3>e34>e45>e56>e67,S0>S1>S2>S2>S4>S5>S6>SD>S3>SD>S3>S4>S5>S6>S7,Successful,1,2.0000000000000002e-05,243,0,243,243,243,243,243,243,14,e22,1
219,3bc17dd3b517431ecaa8a79c3fcbc0e0e992e1362e3f0db8f40b89fd0f2ef068,e01>e12>e24>e45>e54>e45>e52>e24>e45>e56>e66>e67,S0>S1>S2>S4>S5>S4>S5>S2>S4>S5>S6>S6>S7,Successful,1,2.0000000000000002e-05,277,0,277,277,277,277,277,277,12,e54;e52;e66,0
220,3bd5a0121e19c6355bfb05b8f751d95ac4a406d4fdb302a19f7e85a48bcdfbc2,e01>e12>e24>e45>e5D>eD3>e33>e34>e4D>eD3>e33>e34>e45>e56>e67,S0>S1>S2>S4>S5>SD>S3>S3>S4>SD>S3>S3>S4>S5>S6>S7,Successful,1,2.0000000000000002e-05,256,0,256,256,256,256,256,256,15,e33,1
221,3cae9e961de31ce6b7014b375f2285db18f3792af3917acc9adf3076865bd6cf,e01>e12>e24>e42>e24>e45>e55>e52>e24>e45>e56>e67,S0>S1>S2>S4>S2>S4>S5>S5>S2>S4>S5>S6>S7,Successful,1,2.0000000000000002e-05,236,0,236,236,236,236,236,236,12,e42;e55;e52,0
222,3d977d85131e741ee2d7c55030b125e10179e929f95491f90546f502fc0e4baa,e01>e12>e23>e32>e24>e43>e34>e45>e56>e67,S0>S1>S2>S3>S2>S4>S3>S4>S5>S6>S7,Successful,1,2.0000000000000002e-05,153,0,153,153,153,153,153,153,10,e32;e43,0
223,3fe16e24e79078ec058b72b96545c1640697ac9de52fc3f51da1206723dc6e0c,e01>e12>e22>e21>e12>e23>e34>e45>e56>e67,S0>S1>S2>S2>S1>S2>S3>S4>S5>S6>S7,Successful,1,2.0000000000000002e-05,131,0,131,131,131,131,131,131,10,e22;e21,0
224,417f022e2ee48502135909857c439b80fff7ebcaf296d4515ca0e6d3bca37a10,e01>e12>e21>e12>e22>e24>e43>e34>e45>e56>e67,S0>S1>S2>S1>S2>S2>S4>S3>S4>S5>S6>S7,Successful,1,2.0000000000000002e-05,156,0,156,156,156,156,156,156,11,e22;e21;e43,0
225,42fa8bff3ff7c371d1f4f55c7fc229085a4968dfff9c8cef6ad58f25cf6139a9,e01>e12>e23>e34>e45>e56>e6D>eD3>e34>e45>e56>e67,S0>S1>S2>S3>S4>S5>S6>SD>S3>S4>S5>S6>S7,Successful,1,2.0000000000000002e-05,213,0,213,213,213,213,213,213,12,,1
226,448b6347fdb21bdab7f844e6232e9746af207aeb98824d02aae63b2f463306f1,e01>e12>e21>e12>e24>e45>e5D>eD7,S0>S1>S2>S1>S2>S4>S5>SD>S7,Successful,1,2.0000000000000002e-05,112,0,112,112,112,112,112,112,8,e21,1
227,459a7a3e38f5e4e3c40d94101fe5e69a09b74a88e04b33f0f811d4b70829f555,e01>e12>e24>e45>e5D>eD3>e32>e24>e45>e54>e45>e56>e67,S0>S1>S2>S4>S5>SD>S3>S2>S4>S5>S4>S5>S6>S7,Successful,1,2.0000000000000002e-05,288,0,288,288,288,288,288,288,13,e32;e54,1
228,47db7b9ae4e75e8c867bc630194992ed2e842e20bc0edea195e537ee4202c400,e01>e12>e24>e4D>eD3>e34>e43>e33>e34>e45>e56>e67,S0>S1>S2>S4>SD>S3>S4>S3>S3>S4>S5>S6>S7,Successful,1,2.0000000000000002e-05,168,0,168,168,168,168,168,168,12,e33;e43,1
229,4868e58c5af5bad38647c718b92afcd762220f0d5a4d9a28ebd26bca681e53c8,e01>e12>e24>e45>e52>e24>e43>e32>e24>e45>e56>e67,S0>S1>S2>S4>S5>S2>S4>S3>S2>S4>S5>S6>S7,Successful,1,2.0000000000000002e-05,233,0,233,233,233,233,233,233,12,e32;e43;e52,0
230,49a569f5aac1d5c8e02f1ecc6784e53c6e087205ebc641e79a7232d1944fe53e,e01>e12>e24>e43>e33>e33>e34>e45>e56>e67,S0>S1>S2>S4>S3>S3>S3>S4>S5>S6>S7,Successful,1,2.0000000000000002e-05,150,0,150,150,150,150,150,150,10,e33;e43,0
231,4aacba0b251962075ccb62b3f615a415aed67dbb5acca1b52d07e24f446b863e,e01>e12>e22>e24>e4D>eD7,S0>S1>S2>S2>S4>SD>S7,Successful,1,2.0000000000000002e-05,51,0,51,51,51,51,51,51,6,e22,1
232,4ba5e58cb4488507e8b17209b4df3fbba4d041b81631abb026d7a2e51e277813,e01>e12>e24>e42>e23>e34>e45>e56>e67,S0>S1>S2>S4>S2>S3>S4>S5>S6>S7,Successful,1,2.0000000000000002e-05,147,0,147,147,147,147,147,147,9,e42,0
233,4d0962921745247f25b47bf20d88bc8f1867f21dc148d05f3aeda9c05b09e503,e01>e12>e22>e22>e24>e45>e57,S0>S1>S2>S2>S2>S4>S5>S7,Successful,1,2.0000000000000002e-05,117,0,117,117,117,117,117,117,7,e22,0
234,4d51e046bfdac13843f8101f3be19c9e694410cd0eae55581fd92ea05f82666b,e01>e12>e24>e45>e52>e24>e45>e5D>eDT,S0>S1>S2>S4>S5>S2>S4>S5>SD>ST,Terminated,1,2.0000000000000002e-05,186,0,186,186,186,186,186,186,9,e52,1
235,51909db722156e30f4734427059554f642fa30c365e16441b0ab4be27d7faada,e01>e12>e24>e45>e56>e6D>eD3>e33>e34>e4D>eD3>e3D>eD3>e34>e45>e56>e67,S0>S1>S2>S4>S5>S6>SD>S3>S3>S4>SD>S3>SD>S3>S4>S5>S6>S7,Successful,1,2.0000000000000002e-05,273,0,273,273,273,273,273,273,17,e33,1
236,536728347e7ba4ddb7cb2d5b075077b5986331f21c6da34b615ac7aeedc71c49,e01>e12>e23>e34>e42>e21>e1T,S0>S1>S2>S3>S4>S2>S1>ST,Terminated,1,2.0000000000000002e-05,52,0,52,52,52,52,52,52,7,e21;e42,0
237,53a93eb61a00284124b91f3a6fb02f7b08345f902b9b7877e55cac3995329712,e01>e12>e24>e45>e54>e45>e54>e45>e56>e66>e67,S0>S1>S2>S4>S5>S4>S5>S4>S5>S6>S6>S7,Successful,1,2.0000000000000002e-05,252,0,252,252,252,252,252,252,11,e54;e66,0
238,53ea28a931e53d6e150dd90caac88eff28eab554a8eaf91fd5bd8453b6a9260d,e01>e12>e24>e46>e6D>eD3>e34>e45>e56>e66>e67,S0>S1>S2>S4>S6>SD>S3>S4>S5>S6>S6>S7,Successful,1,2.0000000000000002e-05,206,0,206,206,206,206,206,206,11,e66,1
239,547a3eca171ed5234703e18a10e09e8450d8d4ffb079d0f330d6840fab606997,e01>e12>e22>e24>e45>e52>e24>e45>e55>e56>e67,S0>S1>S2>S2>S4>S5>S2>S4>S5>S5>S6>S7,Successful,1,2.0000000000000002e-05,208,0,208,208,208,208,208,208,11,e22;e55;e52,0
240,54d83b7650e2578be82aa353fee2054c9ce5cafc77939cfc2bd6bd2c6c0daa91,e01>e12>e21>e12>e24>e45>e52>e24>e45>e5D>eD3>e34>e45>e5D>eD3>e34>e45>e56>e67,S0>S1>S2>S1>S2>S4>S5>S2>S4>S5>SD>S3>S4>S5>SD>S3>S4>S5>S6>S7,Successful,1,2.0000000000000002e-05,397,0,397,397,397,397,397,397,19,e21;e52,1
241,55d8670e744ff13a190af482ffe35044762a90208bc156fa4f99edb18de7e191,e01>e12>e24>e45>e54>e45>e56>e6D>eD7,S0>S1>S2>S4>S5>S4>S5>S6>SD>S7,Successful,1,2.0000000000000002e-05,198,0,198,198,198,198,198,198,9,e54,1
242,569958803fd24c215e245f556e0cc532d6411e50abb3506a08aabf6e24f88502,e01>e12>e21>e12>e24>e42>e24>e46>e67,S0>S1>S2>S1>S2>S4>S2>S4>S6>S7,Successful,1,2.0000000000000002e-05,115,0,115,115,115,115,115,115,9,e21;e42,0
243,5b3751371395cbbbe6cd0bbd63bc30fac823db7711d5265d5f2bb133be08fed1,e01>e12>e24>e43>e33>e34>e46>e67,S0>S1>S2>S4>S3>S3>S4>S6>S7,Successful,1,2.0000000000000002e-05,106,0,106,106,106,106,106,106,8,e33;e43,0
244,5d3c84dc37eefd899d918cda0dcfe5762a07d4d3ee16e58718b0b0a2ef28b096,e01>e12>e21>e12>e22>e24>e45>e57,S0>S1>S2>S1>S2>S2>S4>S5>S7,Successful,1,2.0000000000000002e-05,126,0,126,126,126,126,126,126,8,e22;e21,0
245,5e7e42b7c182b214a8258e57c063c5d497a7d99cf50af26454003e4d0f233cb8,e01>e12>e24>e43>e34>e43>e34>e46>e67,S0>S1>S2>S4>S3>S4>S3>S4>S6>S7,Successful,1,2.0000000000000002e-05,128,0,128,128,128,128,128,128,9,e43,0
246,5ec57a22e64cd033c5a7ad64112ddd0961565dd0f3f725037c4d303ef6380340,e01>e12>e21>e12>e22>e21>e12>e24>e45>e56>e67,S0>S1>S2>S1>S2>S2>S1>S2>S4>S5>S6>S7,Successful,1,2.0000000000000002e-05,153,0,153,153,153,153,153,153,11,e22;e21,0
247,60d13b820a039363f96e5e352c318f9d4c22d67b8f8a2ad3289109d8a1fb82ca,e01>e12>e24>e45>e52>e24>e45>e56>e6D>eD3>e34>e45>e56>e67,S0>S1>S2>S4>S5>S2>S4>S5>S6>SD>S3>S4>S5>S6>S7,Successful,1,2.0000000000000002e-05,308,0,308,308,308,308,308,308,14,e52,1
248,61497fcf17b52883e7c2cc24aaf3e29e42df2805225ba0f88ee704ed407815f9,e01>e12>e21>e12>e22>e24>e45>e54>e45>e56>e67,S0>S1>S2>S1>S2>S2>S4>S5>S4>S5>S6>S7,Successful,1,2.0000000000000002e-05,195,0,195,195,195,195,195,195,11,e22;e21;e54,0
249,61dc31151dc0b5ba60e26436fb401697d3acff5c8156fdc359f00967b46bfdb3,e01>e12>e24>e45>e5D>eD3>e32>e22>e24>e45>e56>e66>e67,S0>S1>S2>S4>S5>SD>S3>S2>S2>S4>S5>S6>S6>S7,Successful,1,2.0000000000000002e-05,219,0,219,219,219,219,219,219,13,e22;e32;e66,1
250,63960b67061c48969aaf93c8d907191dca9631f2f57adf92e90baf43fa9647a6,e01>e12>e23>e33>e34>e42>e24>e45>e56>e67,S0>S1>S2>S3>S3>S4>S2>S4>S5>S6>S7,Successful,1,2.0000000000000002e-05,147,0,147,147,147,147,147,147,10,e33;e42,0
251,65e7a72a948a2260a12b08a22735d2fad43862b5011a30348d50d43bf3225c54,e01>e12>e22>e24>e43>e34>e45>e56>e66>e67,S0>S1>S2>S2>S4>S3>S4>S5>S6>S6>S7,Successful,1,2.0000000000000002e-05,156,0,156,156,156,156,156,156,10,e22;e43;e66,0
252,682499d8b29317754d82f4fd426ab5895d8d1364d4c72ffd7722c707c806813c,e01>e12>e24>e4D>eD3>e34>e4D>eDT,S0>S1>S2>S4>SD>S3>S4>SD>ST,Terminated,1,2.0000000000000002e-05,75,0,75,75,75,75,75,75,8,,1
253,685bb0d2d28ba38ab04387570fc72a0f9d2f07648aded9dbce8975f6ddb3c2c7,e01>e12>e24>e4D>eD3>e34>e46>e6D>eD3>e34>e45>e56>e67,S0>S1>S2>S4>SD>S3>S4>S6>SD>S3>S4>S5>S6>S7,Successful,1,2.0000000000000002e-05,213,0,213,213,213,213,213,213,13,,1
254,68d50fd2652d3375890f56d1f0a0f7666c8c7cda819b1f8ed1410fd5eae6c203,e01>e12>e24>e45>e5D>eD3>e34>e45>e5D>eD3>e34>e45>e56>e67,S0>S1>S2>S4>S5>SD>S3>S4>S5>SD>S3>S4>S5>S6>S7,Successful,1,2.0000000000000002e-05,283,0,283,283,283,283,283,283,14,,1
255,6970cfffc857b7597080956d154d420f8ac50611e5ff5847b55c01153a5a4187,e01>e12>e21>e12>e24>e42>e24>e45>e56>e67,S0>S1>S2>S1>S2>S4>S2>S4>S5>S6>S7,Successful,1,2.0000000000000002e-05,149,0,149,149,149,149,149,149,10,e21;e42,0
256,6a49c5298f7c172416d103a9e06f0b9ff7e40678ccb0def3eb1ba8ab819735d9,e01>e12>e23>e34>e45>e5D>eD3>e3T,S0>S1>S2>S3>S4>S5>SD>S3>ST,Terminated,1,2.0000000000000002e-05,121,0,121,121,121,121,121,121,8,,1
257,6af3fc8980cdb7c0a05a13732b7baefd04f6c72dd075b83be31aafce6174b108,e01>e12>e24>e4D>eD3>e34>e45>e56>e6D>eD3>e34>e46>e67,S0>S1>S2>S4>SD>S3>S4>S5>S6>SD>S3>S4>S6>S7,Successful,1,2.0000000000000002e-05,215,0,215,215,215,215,215,215,13,,1
258,6e5b0e3e89d7380822a8db2f763d9161c0885e880662b33eff38b3fe4e417058,e01>e12>e22>e24>e42>e24>e4D>eD3>e34>e45>e56>e67,S0>S1>S2>S2>S4>S2>S4>SD>S3>S4>S5>S6>S7,Successful,1,2.0000000000000002e-05,183,0,183,183,183,183,183,183,12,e22;e42,1
259,6f2fba0c10e4e468c2e76e1d6e68966c603ec6ac7e8ec3ee87465429cbda3e59,e01>e12>e24>e45>e56>e6D>eD3>e34>e4D>eD3>e32>e24>e45>e56>e67,S0>S1>S2>S4>S5>S6>SD>S3>S4>SD>S3>S2>S4>S5>S6>S7,Successful,1,2.0000000000000002e-05,272,0,272,272,272,272,272,272,15,e32,1
260,6f79c274cb62c034c0e2db675fe217353199f2f0d724e9c6e650f2c9bbac66a0,e01>e12>e23>e34>e43>e34>e45>e5D>eD3>e34>e45>e56>e67,S0>S1>S2>S3>S4>S3>S4>S5>SD>S3>S4>S5>S6>S7,Successful,1,2.0000000000000002e-05,245,0,245,245,245,245,245,245,13,e43,1
261,709efbf83e00d3cdfd8eebe5df7d44137e5deedc7657e91b44dc4f4a05c1b43c,e01>e12>e24>e45>e56>e6D>eD3>e33>e34>e43>e34>e45>e56>e67,S0>S1>S2>S4>S5>S6>SD>S3>S3>S4>S3>S4>S5>S6>S7,Successful,1,2.0000000000000002e-05,238,0,238,238,238,238,238,238,14,e33;e43,1
262,74823bb3550ed12ce02ac9d2e9b2aa6b59a143b9e956f8864a2b85db5dcb622b,e01>e12>e22>e24>e45>e55>e56>e66>e67,S0>S1>S2>S2>S4>S5>S5>S6>S6>S7,Successful,1,2.0000000000000002e-05,123,0,123,123,123,123,123,123,9,e22;e55;e66,0
263,79ea9567a8f3931afc94019d0dfc22f332d509215c31bbb61837995973b8b071,e01>e12>e24>e45>e52>e24>e42>e24>e45>e56>e66>e67,S0>S1>S2>S4>S5>S2>S4>S2>S4>S5>S6>S6>S7,Successful,1,2.0000000000000002e-05,229,0,229,229,229,229,229,229,12,e42;e52;e66,0
264,7a79a99e9bccc2fc3040b0ca36f61b1f60a332a13c4ab739e5dc443c85b54404,e01>e12>e24>e4D>eD3>e34>e46>e6D>eD3>e34>e43>e34>e45>e57,S0>S1>S2>S4>SD>S3>S4>S6>SD>S3>S4>S3>S4>S5>S7,Successful,1,2.0000000000000002e-05,226,0,226,226,226,226,226,226,14,e43,1
265,7bc05238a90f60ff9d06b44e7c123b502bcbcfcca3345c7d780531a6f55d8cfd,e01>e12>e24>e45>e54>e4D>eD3>e32>e24>e45>e56>e67,S0>S1>S2>S4>S5>S4>SD>S3>S2>S4>S5>S6>S7,Successful,1,2.0000000000000002e-05,240,0,240,240,240,240,240,240,12,e32;e54,1
266,7d9a710c9de5b60214b666a23a77ba99459d791c8be763b20376cfc18d3d9740,e01>e12>e24>e45>e5D>eD3>e34>e45>e52>e24>e45>e56>e67,S0>S1>S2>S4>S5>SD>S3>S4>S5>S2>S4>S5>S6>S7,Successful,1,2.0000000000000002e-05,302,0,302,302,302,302,302,302,13,e52,1
267,7de05fd7290b807c81457eb385a8638dcada8cd073ecc5754fb27d15b04c6138,e01>e12>e24>e4D>eD3>e33>e34>e43>e34>e45>e56>e67,S0>S1>S2>S4>SD>S3>S3>S4>S3>S4>S5>S6>S7,Successful,1,2.0000000000000002e-05,175,0,175,175,175,175,175,175,12,e33;e43,1
268,7df5eb73396c592986e92f8a775b43e7ff8722483fb650693a70d48bfa78e99c,e01>e12>e24>e45>e52>e22>e24>e46>e67,S0>S1>S2>S4>S5>S2>S2>S4>S6>S7,Successful,1,2.0000000000000002e-05,168,0,168,168,168,168,168,168,9,e22;e52,0
269,7e992c36faf64d79f3ef4d5a90e07fc8ed98c9663a2a14c5d6f8e9a50a4238d5,e01>e12>e24>e4D>eD3>e34>e42>e24>e43>e34>e45>e56>e67,S0>S1>S2>S4>SD>S3>S4>S2>S4>S3>S4>S5>S6>S7,Successful,1,2.0000000000000002e-05,189,0,189,189,189,189,189,189,13,e43;e42,1
270,804f6911354ac7f3b8c8164338b587dca75a26b3aefbf5ac41bc2eaea3fc90df,e01>e12>e24>e4D>eD3>e34>e43>e34>e43>e34>e45>e57,S0>S1>S2>S4>SD>S3>S4>S3>S4>S3>S4>S5>S7,Successful,1,2.0000000000000002e-05,164,0,164,164,164,164,164,164,12,e43,1
271,806dbedf14385691bb65168c6276c5e9bfdaaefaaf60608bf7238b49c4d65b5b,e01>e12>e24>e4D>eD3>e32>e2T,S0>S1>S2>S4>SD>S3>S2>ST,Terminated,1,2.0000000000000002e-05,67,0,67,67,67,67,67,67,7,e32,1
272,808eff31d01fe79ed78372493b40d6daae324f4bb1bbe4f8923e2c3183b32ac4,e01>e12>e24>e45>e5D>eD3>e34>e42>e24>e45>e56>e66>e67,S0>S1>S2>S4>S5>SD>S3>S4>S2>S4>S5>S6>S6>S7,Successful,1,2.0000000000000002e-05,235,0,235,235,235,235,235,235,13,e42;e66,1
273,8098ff8b9f0d8d74aeeefc5a180aa29af52b4056ddde65887083f6509c06b761,e01>e12>e24>e43>e34>e45>e55>e56>e66>e67,S0>S1>S2>S4>S3>S4>S5>S5>S6>S6>S7,Successful,1,2.0000000000000002e-05,146,0,146,146,146,146,146,146,10,e43;e55;e66,0
274,81f27b0c8508b9b5298393a13839aa13a85f2c470d084279e121284e246503e2,e01>e12>e24>e45>e52>e24>e45>e54>e45>e55>e56>e67,S0>S1>S2>S4>S5>S2>S4>S5>S4>S5>S5>S6>S7,Successful,1,2.0000000000000002e-05,264,0,264,264,264,264,264,264,12,e55;e54;e52,0
275,82e9958f34d550769147e85c6387af74f1af4026e93c92f03980a692dfae6254,e01>e12>e24>e45>e54>e45>e54>e45>e5D>eD3>e34>e45>e56>e66>e67,S0>S1>S2>S4>S5>S4>S5>S4>S5>SD>S3>S4>S5>S6>S6>S7,Successful,1,2.0000000000000002e-05,364,0,364,364,364,364,364,364,15,e54;e66,1
276,8393cf8bedd0ea5b71f19098a134d3a712198e3ade25af0bf547c98093f64c60,e01>e12>e21>e12>e23>e34>e45>e56>e66>e67,S0>S1>S2>S1>S2>S3>S4>S5>S6>S6>S7,Successful,1,2.0000000000000002e-05,132,0,132,132,132,132,132,132,10,e21;e66,0
277,83af697d7cf19650838bf8ea8077f9126a6ea561d34b465e777f624b1eb716df,e01>e12>e22>e22>e24>e45>e54>e45>e56>e67,S0>S1>S2>S2>S2>S4>S5>S4>S5>S6>S7,Successful,1,2.0000000000000002e-05,184,0,184,184,184,184,184,184,10,e22;e54,0
278,854e9aa0eceeb4ef1d205ac23c8fd5addecdc6190c1561c1c5a49504ed367804,e01>e12>e21>e12>e21>e12>e22>e24>e45>e56>e66>e67,S0>S1>S2>S1>S2>S1>S2>S2>S4>S5>S6>S6>S7,Successful,1,2.0000000000000002e-05,163,0,163,163,163,163,163,163,12,e22;e21;e66,0
279,860533d3b3dd270f9a79e159fe27b96855f57c17cc3184f69a6cc29e1fcc2256,e01>e12>e22>e24>e45>e56>e66>e6D>eDT,S0>S1>S2>S2>S4>S5>S6>S6>SD>ST,Terminated,1,2.0000000000000002e-05,129,0,129,129,129,129,129,129,9,e22;e66,1
280,87e9e0440839058049939c262be8d9879eb759a7524b3581487248880b12771e,e01>e12>e24>e43>e34>e45>e5D>eD3>e34>e46>e67,S0>S1>S2>S4>S3>S4>S5>SD>S3>S4>S6>S7,Successful,1,2.0000000000000002e-05,192,0,192,192,192,192,192,192,11,e43,1
281,899d34df39d768fce395c2facf5882dc062a406c417d6abce8361fce34af2e69,e01>e12>e24>e45>e56>e6D>eD3>e34>e4D>eD3>e34>e45>e56>e66>e67,S0>S1>S2>S4>S5>S6>SD>S3>S4>SD>S3>S4>S5>S6>S6>S7,Successful,1,2.0000000000000002e-05,260,0,260,260,260,260,260,260,15,e66,1
282,89eebe20e12964087a28a42f0d7917c5c3ad7d2855a9fab7d58057a74781422c,e01>e12>e24>e43>e34>e45>e5D>eD3>e33>e34>e45>e56>e67,S0>S1>S2>S4>S3>S4>S5>SD>S3>S3>S4>S5>S6>S7,Successful,1,2.0000000000000002e-05,236,0,236,236,236,236,236,236,13,e33;e43,1
283,8cd2c3c629a3d9ac3b0ab6365493270270f2b7e051a39971f4de8cecad58004f,e01>e12>e22>e21>e12>e2T,S0>S1>S2>S2>S1>S2>ST,Terminated,1,2.0000000000000002e-05,41,0,41,41,41,41,41,41,6,e22;e21,0
284,8d3583ff1c2dd4978bbb72a176c550b031e02642340d1e12b100e1a41bde7744,e01>e12>e22>e24>e4D>eD3>e34>e45>e57,S0>S1>S2>S2>S4>SD>S3>S4>S5>S7,Successful,1,2.0000000000000002e-05,142,0,142,142,142,142,142,142,9,e22,1
285,8e67b92804829d505ac30c61317fd2e2b9bb892a16a7a01cfb949acdd5ea51a8,e01>e12>e24>e42>e24>e45>e54>e46>e67,S0>S1>S2>S4>S2>S4>S5>S4>S6>S7,Successful,1,2.0000000000000002e-05,175,0,175,175,175,175,175,175,9,e42;e54,0
286,8e8fe6c5d83a7d331b0ba30eccacd427d08e8ed47c6dc99faec497d4ee0885fd,e01>e12>e24>e45>e54>e43>e34>e43>e34>e45>e56>e67,S0>S1>S2>S4>S5>S4>S3>S4>S3>S4>S5>S6>S7,Successful,1,2.0000000000000002e-05,233,0,233,233,233,233,233,233,12,e43;e54,0
287,8f2065c7550d790b8f6229b70a0e053c96f7a244d9b60c0034f5485cb6821c4e,e01>e12>e22>e24>e45>e56>e6D>eD7,S0>S1>S2>S2>S4>S5>S6>SD>S7,Successful,1,2.0000000000000002e-05,131,0,131,131,131,131,131,131,8,e22,1
288,8fe2d4844726ca6d206e3c552485a9cef7193be7de09bef251c8d4bab3d70f54,e01>e12>e22>e23>e34>e46>e67,S0>S1>S2>S2>S3>S4>S6>S7,Successful,1,2.0000000000000002e-05,98,0,98,98,98,98,98,98,7,e22,0
289,90108163738e80e95e69add4da5226789366923b47116aecb212480dab957916,e01>e12>e24>e45>e5D>eD3>e34>e45>e55>e56>e67,S0>S1>S2>S4>S5>SD>S3>S4>S5>S5>S6>S7,Successful,1,2.0000000000000002e-05,207,0,207,207,207,207,207,207,11,e55,1
290,90fb0cc2c09490ec572cfa2369e687a8ac90f567ac5940fe71c1f55f69fc6db2,e01>e12>e22>e24>e45>e55>e57,S0>S1>S2>S2>S4>S5>S5>S7,Successful,1,2.0000000000000002e-05,120,0,120,120,120,120,120,120,7,e22;e55,0
291,9182f093eea2882f9aa61c6536dcd2bced09bc7cba38211291deb701293adf5b,e01>e12>e23>e34>e45>e5D>eD3>e34>e45>e57,S0>S1>S2>S3>S4>S5>SD>S3>S4>S5>S7,Successful,1,2.0000000000000002e-05,183,0,183,183,183,183,183,183,10,,1
292,9270c6e47a9eaf797fd3b1c99746e00d1a63893289e36b849a7e8ddcfe43702a,e01>e12>e24>e45>e54>e45>e54>e45>e5D>eD3>e34>e45>e56>e67,S0>S1>S2>S4>S5>S4>S5>S4>S5>SD>S3>S4>S5>S6>S7,Successful,1,2.0000000000000002e-05,351,0,351,351,351,351,351,351,14,e54,1
293,934c133e4932348ef9371eca634c81c85ae577085396546322d3bf469447c8f4,e01>e12>e24>e42>e24>e4D>eD3>e34>e45>e56>e67,S0>S1>S2>S4>S2>S4>SD>S3>S4>S5>S6>S7,Successful,1,2.0000000000000002e-05,169,0,169,169,169,169,169,169,11,e42,1
294,967a6fd7543df454a8751cd0992fee1f795c1dfe443e49c8fcbea792a057ce3f,e01>e12>e24>e42>e24>e43>e34>e46>e67,S0>S1>S2>S4>S2>S4>S3>S4>S6>S7,Successful,1,2.0000000000000002e-05,135,0,135,135,135,135,135,135,9,e43;e42,0
295,96c4159c4be5bcf8cac7d596cfaaa5add39ea9e6b809e085b06af50afa3ecff3,e01>e12>e24>e43>e34>e43>e3D>eD3>e34>e45>e56>e67,S0>S1>S2>S4>S3>S4>S3>SD>S3>S4>S5>S6>S7,Successful,1,2.0000000000000002e-05,183,0,183,183,183,183,183,183,12,e43,1
296,98635ab97fae64eed3fb99be4f1d546b72a7442c0b81aae14e1f3f7ffdd6314b,e01>e12>e22>e24>e4D>eD3>e34>e4D>eD3>e34>e45>e56>e67,S0>S1>S2>S2>S4>SD>S3>S4>SD>S3>S4>S5>S6>S7,Successful,1,2.0000000000000002e-05,188,0,188,188,188,188,188,188,13,e22,1
297,9869757be50b38d98a3bc687c31c5abca027e7d392e8f54c6d3803b587e6f5db,e01>e12>e23>e34>e42>e24>e45>e56>e67,S0>S1>S2>S3>S4>S2>S4>S5>S6>S7,Successful,1,2.0000000000000002e-05,150,0,150,150,150,150,150,150,9,e42,0
298,99e0b74224e5ffb764113d8c30351455b4f54864128328b6cb77a4774bf75dff,e01>e12>e21>e12>e24>e43>e34>e46>e67,S0>S1>S2>S1>S2>S4>S3>S4>S6>S7,Successful,1,2.0000000000000002e-05,115,0,115,115,115,115,115,115,9,e21;e43,0
299,99f7025a595dc0fcba1a29f9d5ad73ba14201b593c74d7d62b2f66a213f7ffd8,e01>e12>e24>e45>e56>e6D>eD3>e34>e4D>eD3>e34>e45>e52>e24>e45>e56>e67,S0>S1>S2>S4>S5>S6>SD>S3>S4>SD>S3>S4>S5>S2>S4>S5>S6>S7,Successful,1,2.0000000000000002e-05,332,0,332,332,332,332,332,332,17,e52,1
300,9d87439d48dea2d033e36789f6c53f0ea79f9b757c8742ae0a7b688e438da423,e01>e12>e24>e45>e5D>eD3>e3D>eD3>e34>e45>e56>e67,S0>S1>S2>S4>S5>SD>S3>SD>S3>S4>S5>S6>S7,Successful,1,2.0000000000000002e-05,227,0,227,227,227,227,227,227,12,,1
301,9e0cf6c461461c73fc4481894a00b663041fc0f66acd82e8b26fe18a5095dc33,e01>e12>e22>e24>e43>e32>e24>e45>e56>e67,S0>S1>S2>S2>S4>S3>S2>S4>S5>S6>S7,Successful,1,2.0000000000000002e-05,148,0,148,148,148,148,148,148,10,e22;e32;e43,0
302,9ec2cdf982917dc17fe5e42cee98b8d1345664d19a06e2cede450930d6a694d8,e01>e12>e24>e45>e54>e45>e56>e6D>eD3>e33>e34>e45>e56>e67,S0>S1>S2>S4>S5>S4>S5>S6>SD>S3>S3>S4>S5>S6>S7,Successful,1,2.0000000000000002e-05,283,0,283,283,283,283,283,283,14,e33;e54,1
303,a0788cd7a320dd4d0ac9ee7869a8f8f478696e829b2b29b6aaec1d3f722d26e8,e01>e12>e24>e4D>eD3>e32>e24>e45>e55>e56>e67,S0>S1>S2>S4>SD>S3>S2>S4>S5>S5>S6>S7,Successful,1,2.0000000000000002e-05,171,0,171,171,171,171,171,171,11,e32;e55,1
304,a0a4333774043d2526091314ab16db621ade1b578317f1841e7ff304b2836101,e01>e12>e23>e34>e45>e52>e24>e45>e56>e66>e67,S0>S1>S2>S3>S4>S5>S2>S4>S5>S6>S6>S7,Successful,1,2.0000000000000002e-05,209,0,209,209,209,209,209,209,11,e52;e66,0
305,a1040b515b3562bc724396b688ac09ca9666cac9e20395c3ec91c6226886922a,e01>e12>e24>e43>e32>e24>e46>e67,S0>S1>S2>S4>S3>S2>S4>S6>S7,Successful,1,2.0000000000000002e-05,118,0,118,118,118,118,118,118,8,e32;e43,0
306,a1be4540cd468ad94ac5d56d351aed741bc19790cd10cbb5ad2129c8d138baae,e01>e12>e24>e46>e6D>eD3>e34>e45>e54>e45>e57,S0>S1>S2>S4>S6>SD>S3>S4>S5>S4>S5>S7,Successful,1,2.0000000000000002e-05,237,0,237,237,237,237,237,237,11,e54,1
307,a2168462abec96394f2d2428783d3e2c662089211b5e0feeecc42b7e7ab34059,e01>e12>e23>e34>e4D>eD3>e33>e34>e45>e56>e67,S0>S1>S2>S3>S4>SD>S3>S3>S4>S5>S6>S7,Successful,1,2.0000000000000002e-05,161,0,161,161,161,161,161,161,11,e33,1
308,a228aee77d281098e0fea0da03529a43dd7350ac50c78ac2ef8fa1540c42ec74,e01>e12>e24>e45>e52>e22>e24>e4D>eD3>e34>e45>e56>e6D>eD3>e34>e45>e56>e66>e67,S0>S1>S2>S4>S5>S2>S2>S4>SD>S3>S4>S5>S6>SD>S3>S4>S5>S6>S6>S7,Successful,1,2.0000000000000002e-05,367,0,367,367,367,367,367,367,19,e22;e52;e66,1
309,a2388de4348372cf9c847d7020d38cf55776c0dad0982f2725b6e046c0d2114b,e01>e12>e23>e34>e45>e56>e6D>eD7,S0>S1>S2>S3>S4>S5>S6>SD>S7,Successful,1,2.0000000000000002e-05,127,0,127,127,127,127,127,127,8,,1
310,a416a5b689852e924051c2dc808071e5df0d36ad844caf9a74e7a9ef000f8a3e,e01>e12>e24>e43>e34>e45>e54>e46>e67,S0>S1>S2>S4>S3>S4>S5>S4>S6>S7,Successful,1,2.0000000000000002e-05,177,0,177,177,177,177,177,177,9,e43;e54,0
311,a57e49ce28b8f26ea817bbbe13661a04d81f5a881cc656980ce86b68d91ef0f2,e01>e12>e22>e22>e24>e4D>eD3>e34>e45>e56>e67,S0>S1>S2>S2>S2>S4>SD>S3>S4>S5>S6>S7,Successful,1,2.0000000000000002e-05,153,0,153,153,153,153,153,153,11,e22,1
312,aa6e4b6bc9173038ee946933e99ea513dd390f28c4df608dfa185484a355f177,e01>e12>e24>e43>e34>e45>e52>e22>e24>e45>e56>e67,S0>S1>S2>S4>S3>S4>S5>S2>S2>S4>S5>S6>S7,Successful,1,2.0000000000000002e-05,227,0,227,227,227,227,227,227,12,e22;e43;e52,0
313,ab05754bec9987a54244f09cf80f4b9668f7256183bf11172696dc701d3d1bb5,e01>e12>e22>e24>e45>e5D>eD3>e34>e45>e56>e66>e67,S0>S1>S2>S2>S4>S5>SD>S3>S4>S5>S6>S6>S7,Successful,1,2.0000000000000002e-05,225,0,225,225,225,225,225,225,12,e22;e66,1
314,ab0aeb8cf1d8e6570fb6753ce964e7302a61cdcb9827f02abcc5ee3a3c18db02,e01>e12>e24>e42>e24>e45>e56>e6D>eD3>e34>e45>e56>e67,S0>S1>S2>S4>S2>S4>S5>S6>SD>S3>S4>S5>S6>S7,Successful,1,2.0000000000000002e-05,256,0,256,256,256,256,256,256,13,e42,1
315,acf4add8c9c5411c0313063923e64ef5cdbb8c501230a935e58d1f4ea33fee14,e01>e12>e21>e12>e21>e12>e24>e45>e56>e66>e67,S0>S1>S2>S1>S2>S1>S2>S4>S5>S6>S6>S7,Successful,1,2.0000000000000002e-05,141,0,141,141,141,141,141,141,11,e21;e66,0
316,afe0af9b94b13086baac3f6aca3364477c67152bf2a56c7492264a6a828ce6e2,e01>e12>e23>e32>e24>e45>e56>e6D>eD3>e34>e45>e56>e67,S0>S1>S2>S3>S2>S4>S5>S6>SD>S3>S4>S5>S6>S7,Successful,1,2.0000000000000002e-05,231,0,231,231,231,231,231,231,13,e32,1
317,b2091903b5b0cd7031c673771a0dcaec36b2fa1680a6996a45fe6cc63b81d37a,e01>e12>e21>e12>e24>e42>e22>e24>e45>e56>e67,S0>S1>S2>S1>S2>S4>S2>S2>S4>S5>S6>S7,Successful,1,2.0000000000000002e-05,154,0,154,154,154,154,154,154,11,e22;e21;e42,0
318,b3bf3fb747fbbc66509c1cc410d0b1bb04965dffb3a9ec8fdb37c5cada4df3e6,e01>e12>e22>e24>e4D>eD3>e34>e4D>eDT,S0>S1>S2>S2>S4>SD>S3>S4>SD>ST,Terminated,1,2.0000000000000002e-05,88,0,88,88,88,88,88,88,9,e22,1
319,b457e0491b9c74b68651a321c585921707d40720e96f492f282bda4e5cbe5a32,e01>e12>e24>e42>e21>e1T,S0>S1>S2>S4>S2>S1>ST,Terminated,1,2.0000000000000002e-05,42,0,42,42,42,42,42,42,6,e21;e42,0
320,b4ee40dde26e8f9d3a3b200bbc1b85c9a632cce8277e31d24bdadbe5547fba70,e01>e12>e24>e4D>eD3>e32>e24>e45>e5D>eD3>e34>e45>e56>e66>e67,S0>S1>S2>S4>SD>S3>S2>S4>S5>SD>S3>S4>S5>S6>S6>S7,Successful,1,2.0000000000000002e-05,258,0,258,258,258,258,258,258,15,e32;e66,1
321,b78a9d7de8e1fc78921c6a0260c66a19f48f9670ad4ccfcb2d3540af78031573,e01>e12>e23>e33>e34>e45>e56>e66>e67,S0>S1>S2>S3>S3>S4>S5>S6>S6>S7,Successful,1,2.0000000000000002e-05,118,0,118,118,118,118,118,118,9,e33;e66,0
322,b9e12d7d520f9ce09b4535458ee1dcd1a0193d3b07e6f9055bf25f4f3d5b9c47,e01>e12>e23>e32>e24>e4D>eD3>e34>e45>e57,S0>S1>S2>S3>S2>S4>SD>S3>S4>S5>S7,Successful,1,2.0000000000000002e-05,157,0,157,157,157,157,157,157,10,e32,1
323,bb2c0197c9597ce6c21f7cd97ce92eb30f57fd568650b4379abf724ec717c9e0,e01>e12>e24>e42>e23>e34>e42>e23>e34>e45>e56>e67,S0>S1>S2>S4>S2>S3>S4>S2>S3>S4>S5>S6>S7,Successful,1,2.0000000000000002e-05,169,0,169,169,169,169,169,169,12,e42,0
324,bda8d0205dc9cb6e3f722482898ac110e5aff761dadcbe678a6a4af325dd245a,e01>e12>e24>e46>e6D>eD3>e33>e34>e45>e56>e67,S0>S1>S2>S4>S6>SD>S3>S3>S4>S5>S6>S7,Successful,1,2.0000000000000002e-05,211,0,211,211,211,211,211,211,11,e33,1
325,c0ffb8948e0fbedb819145ef39c83b370720485301265c838cf66443b6d391b7,e01>e12>e24>e42>e21>e12>e24>e42>e24>e45>e57,S0>S1>S2>S4>S2>S1>S2>S4>S2>S4>S5>S7,Successful,1,2.0000000000000002e-05,163,0,163,163,163,163,163,163,11,e21;e42,0
326,c24e0463f7117422027e74d0953c15f139debc6630aefd639bacfc7528c157b1,e01>e12>e24>e45>e52>e22>e24>e45>e56>e66>e67,S0>S1>S2>S4>S5>S2>S2>S4>S5>S6>S6>S7,Successful,1,2.0000000000000002e-05,201,0,201,201,201,201,201,201,11,e22;e52;e66,0
327,c2763fbcd2e1e207d5a4be8747415fda1132d3fbcacd6cb8da48695e03dc221c,e01>e12>e22>e24>e45>e56>e66>e66>e67,S0>S1>S2>S2>S4>S5>S6>S6>S6>S7,Successful,1,2.0000000000000002e-05,123,0,123,123,123,123,123,123,9,e22;e66,0
328,c3b95b0f4356aed70f4f3fc46cfaf36ab52e03ee0afd2469ee7597b394822cb0,e01>e12>e21>e12>e21>e12>e22>e24>e45>e56>e67,S0>S1>S2>S1>S2>S1>S2>S2>S4>S5>S6>S7,Successful,1,2.0000000000000002e-05,137,0,137,137,137,137,137,137,11,e22;e21,0
329,c433248b052296f620a66d12b68f77221754289bba5a1ceccc93a9ce9a78c582,e01>e12>e24>e45>e52>e23>e34>e45>e56>e67,S0>S1>S2>S4>S5>S2>S3>S4>S5>S6>S7,Successful,1,2.0000000000000002e-05,199,0,199,199,199,199,199,199,10,e52,0
330,c4e0f592b9efe2c41336bc6ebef240b26b86173884cbdb135cc5fe24ea3b02a0,e01>e12>e24>e45>e55>e56>e66>e66>e67,S0>S1>S2>S4>S5>S5>S6>S6>S6>S7,Successful,1,2.0000000000000002e-05,140,0,140,140,140,140,140,140,9,e55;e66,0
331,c51a9e39f8399b3da47e682c0ffdd098f9913796dc8c585681d0b6a1239ec422,e01>e12>e24>e4D>eD3>e34>e45>e52>e24>e45>e52>e24>e45>e56>e67,S0>S1>S2>S4>SD>S3>S4>S5>S2>S4>S5>S2>S4>S5>S6>S7,Successful,1,2.0000000000000002e-05,311,0,311,311,311,311,311,311,15,e52,1
332,c64887fdc1f3ee26ae9689a6ecc9bd712f76feedfd5f3e220e9d32d4b1bf877f,e01>e12>e24>e4D>eD3>e3D>eD3>e34>e4D>eD3>e34>e45>e56>e67,S0>S1>S2>S4>SD>S3>SD>S3>S4>SD>S3>S4>S5>S6>S7,Successful,1,2.0000000000000002e-05,208,0,208,208,208,208,208,208,14,,1
333,c7583aad5cd99a8a640801192e0afdde6d8733428e6eaf38572d27a3855186ba,e01>e12>e22>e24>e45>e52>e22>e21>e1T,S0>S1>S2>S2>S4>S5>S2>S2>S1>ST,Terminated,1,2.0000000000000002e-05,111,0,111,111,111,111,111,111,9,e22;e21;e52,0
334,c763e98753905a034ac4fba4975a7410f65e10795a07197573730a5f2b6d4e98,e01>e12>e22>e21>e12>e24>e43>e34>e45>e56>e67,S0>S1>S2>S2>S1>S2>S4>S3>S4>S5>S6>S7,Successful,1,2.0000000000000002e-05,143,0,143,143,143,143,143,143,11,e22;e21;e43,0
335,c7d68c2528e5c2cc5e8b012064f2affc9fb90c4240a2fd7ec45c0aacf20014b0,e01>e12>e22>e22>e24>e43>e34>e45>e56>e67,S0>S1>S2>S2>S2>S4>S3>S4>S5>S6>S7,Successful,1,2.0000000000000002e-05,147,0,147,147,147,147,147,147,10,e22;e43,0
336,c88641e5b47597784977d211358f480d7fc00225a15dfdd7ea0f4419f6ddf958,e01>e12>e24>e45>e56>e66>e6D>eD3>e34>e4D>eDT,S0>S1>S2>S4>S5>S6>S6>SD>S3>S4>SD>ST,Terminated,1,2.0000000000000002e-05,160,0,160,160,160,160,160,160,11,e66,1
337,c89861115c36ed2191b49b47a7c276148ca5918f1dbcb666db30ca255ddb6562,e01>e12>e24>e43>e34>e46>e66>e67,S0>S1>S2>S4>S3>S4>S6>S6>S7,Successful,1,2.0000000000000002e-05,108,0,108,108,108,108,108,108,8,e43;e66,0
338,ccc0ad13485ec1c68345ed8ff6231dd3ae314b9f6bb9c8bda39a4fd445ee8233,e01>e12>e24>e42>e22>e21>e1T,S0>S1>S2>S4>S2>S2>S1>ST,Terminated,1,2.0000000000000002e-05,49,0,49,49,49,49,49,49,7,e22;e21;e42,0
339,cd0530edd67161322b48348965cc31e5423e70309e4a31c74ee7553679386f54,e01>e12>e24>e4D>eD3>e3D>eD3>e34>e42>e24>e43>e34>e45>e56>e67,S0>S1>S2>S4>SD>S3>SD>S3>S4>S2>S4>S3>S4>S5>S6>S7,Successful,1,2.0000000000000002e-05,207,0,207,207,207,207,207,207,15,e43;e42,1
340,cd2fa99c1abbf9eb3ea304f82cf4bdc185e79a0ed039df0e675d3a3d6990400f,e01>e12>e22>e24>e42>e24>e46>e67,S0>S1>S2>S2>S4>S2>S4>S6>S7,Successful,1,2.0000000000000002e-05,112,0,112,112,112,112,112,112,8,e22;e42,0
341,ceec84e39688bd36e56761a50e6208fd86b734e2520a95f4029c9d10588b93f2,e01>e12>e22>e21>e12>e24>e45>e54>e45>e56>e67,S0>S1>S2>S2>S1>S2>S4>S5>S4>S5>S6>S7,Successful,1,2.0000000000000002e-05,197,0,197,197,197,197,197,197,11,e22;e21;e54,0
342,cf0d300ac24123570cd8b476a352a313977f5f3bc15bc3f5b8a490f0dcd6378e,e01>e12>e22>e21>e12>e24>e42>e24>e43>e32>e24>e45>e56>e67,S0>S1>S2>S2>S1>S2>S4>S2>S4>S3>S2>S4>S5>S6>S7,Successful,1,2.0000000000000002e-05,194,0,194,194,194,194,194,194,14,e22;e21;e32;e43;e42,0
343,cf92fc9d4475a0b522b3a4b75d06177bca8b7e1e594cfb2dd785ccdbe30e5629,e01>e12>e22>e21>e12>e22>e24>e45>e56>e67,S0>S1>S2>S2>S1>S2>S2>S4>S5>S6>S7,Successful,1,2.0000000000000002e-05,132,0,132,132,132,132,132,132,10,e22;e21,0
344,d14cec971113294a0c9ac4be5a44712c31c7f6d058bbb94d8535f11d5f4850ef,e01>e12>e22>e24>e45>e56>e6D>eD3>e33>e34>e45>e56>e67,S0>S1>S2>S2>S4>S5>S6>SD>S3>S3>S4>S5>S6>S7,Successful,1,2.0000000000000002e-05,249,0,249,249,249,249,249,249,13,e22;e33,1
345,d3a97f2e214265cfad75cae4b8312a885e28f267ba2be25a50535f6e5e39a27c,e01>e12>e23>e34>e45>e56>e6D>eD3>e34>e46>e67,S0>S1>S2>S3>S4>S5>S6>SD>S3>S4>S6>S7,Successful,1,2.0000000000000002e-05,204,0,204,204,204,204,204,204,11,,1
346,d63950e8479f4ca1df3afed41b1fff5e9a88b07df4528adbcbef11bee3baadf7,e01>e12>e22>e24>e45>e56>e6D>eD3>e33>e34>e43>e34>e45>e56>e67,S0>S1>S2>S2>S4>S5>S6>SD>S3>S3>S4>S3>S4>S5>S6>S7,Successful,1,2.0000000000000002e-05,251,0,251,251,251,251,251,251,15,e22;e33;e43,1
347,d6d7d25c6b8c2a8a790c3e746f3f2b020670e4267ba6afacf389d2066fea13bf,e01>e12>e24>e45>e52>e24>e45>e55>e56>e66>e66>e67,S0>S1>S2>S4>S5>S2>S4>S5>S5>S6>S6>S6>S7,Successful,1,2.0000000000000002e-05,212,0,212,212,212,212,212,212,12,e55;e52;e66,0
348,d70346619586220d57e3d75de59a26d27d8dd4bb00b6a2c6c630f599bea97d5d,e01>e12>e24>e4D>eD3>e34>e4D>eD3>e32>e24>e45>e56>e67,S0>S1>S2>S4>SD>S3>S4>SD>S3>S2>S4>S5>S6>S7,Successful,1,2.0000000000000002e-05,184,0,184,184,184,184,184,184,13,e32,1
349,d92a1d2160ac9297b3130d33f5eb1cba6b86bd41f6fff8e89648148324d72df0,e01>e12>e21>e12>e24>e45>e56>e6D>eD3>e34>e43>e32>e24>e45>e56>e67,S0>S1>S2>S1>S2>S4>S5>S6>SD>S3>S4>S3>S2>S4>S5>S6>S7,Successful,1,2.0000000000000002e-05,271,0,271,271,271,271,271,271,16,e21;e32;e43,1
350,d9741e71a4f0e6d345ff02c7b0391ffa7fc74740de07f8e3b562753c6f21b640,e01>e12>e23>e34>e4D>eD3>e32>e24>e45>e56>e66>e67,S0>S1>S2>S3>S4>SD>S3>S2>S4>S5>S6>S6>S7,Successful,1,2.0000000000000002e-05,165,0,165,165,165,165,165,165,12,e32;e66,1
351,d9daec0478ee6ae4b100bbf95519908b570084b1fa4ac09b2c1bbb60fdebc9a8,e01>e12>e24>e43>e33>e34>e42>e24>e45>e56>e67,S0>S1>S2>S4>S3>S3>S4>S2>S4>S5>S6>S7,Successful,1,2.0000000000000002e-05,163,0,163,163,163,163,163,163,11,e33;e43;e42,0
352,daa343f6b0a7cb35e01f6ff780220e0243161fef78ef30e1afab220d0f429521,e01>e12>e24>e42>e21>e12>e21>e1T,S0>S1>S2>S4>S2>S1>S2>S1>ST,Terminated,1,2.0000000000000002e-05,54,0,54,54,54,54,54,54,8,e21;e42,0
353,dc424e9d09d5b9a6a34a1c997d3e647a2d99540ab89d28d3211c2364be8ad090,e01>e12>e24>e45>e5D>eD3>e34>e43>e32>e24>e45>e56>e66>e67,S0>S1>S2>S4>S5>SD>S3>S4>S3>S2>S4>S5>S6>S6>S7,Successful,1,2.0000000000000002e-05,239,0,239,239,239,239,239,239,14,e32;e43;e66,1
354,e144744902d0344c48948d5fc963870dba2f1ca868f8d1731debf5408d4a8968,e01>e12>e24>e45>e52>e24>e4D>eD3>e34>e4D>eD3>e34>e45>e5D>eD3>e34>e45>e56>e67,S0>S1>S2>S4>S5>S2>S4>SD>S3>S4>SD>S3>S4>S5>SD>S3>S4>S5>S6>S7,Successful,1,2.0000000000000002e-05,355,0,355,355,355,355,355,355,19,e52,1
355,e29ba6c40c36bc630bb9678be4f1829e72c278d56a96ccc013d6f881a098aa10,e01>e12>e23>e3D>eD3>e3D>eD3>e34>e45>e56>e67,S0>S1>S2>S3>SD>S3>SD>S3>S4>S5>S6>S7,Successful,1,2.0000000000000002e-05,152,0,152,152,152,152,152,152,11,,1
356,e300973ff240ee292078d1ee8f5687fe7c93eeb91dd39118bb55bf3420f34cc1,e01>e12>e21>e12>e21>e12>e24>e46>e67,S0>S1>S2>S1>S2>S1>S2>S4>S6>S7,Successful,1,2.0000000000000002e-05,106,0,106,106,106,106,106,106,9,e21,0
357,e31f06b142c913f385a17ec68bc50568321a66efd96e35ea6e2df66904afef76,e01>e12>e24>e43>e3D>eD3>e34>e42>e24>e45>e56>e67,S0>S1>S2>S4>S3>SD>S3>S4>S2>S4>S5>S6>S7,Successful,1,2.0000000000000002e-05,176,0,176,176,176,176,176,176,12,e43;e42,1
358,e5b6c6cb7f04acd434c5b2ae5dcf257ed5993faca682735b4641df14ccc2e14f,e01>e12>e24>e46>e6D>eD3>e34>e43>e33>e34>e45>e56>e67,S0>S1>S2>S4>S6>SD>S3>S4>S3>S3>S4>S5>S6>S7,Successful,1,2.0000000000000002e-05,217,0,217,217,217,217,217,217,13,e33;e43,1
359,e63f7c26f1719dffb9f08e5e5a3b75af28406a97bf4dd0c8002abf0b5283fe75,e01>e12>e24>e4D>eD3>e34>e43>e32>e23>e34>e46>e67,S0>S1>S2>S4>SD>S3>S4>S3>S2>S3>S4>S6>S7,Successful,1,2.0000000000000002e-05,159,0,159,159,159,159,159,159,12,e32;e43,1
360,e66cf6aa0c589f125bce9fb9f24a7a048a704c637e2bacb5c8178f9b73107db1,e01>e12>e23>e3D>eD3>e34>e45>e54>e45>e56>e67,S0>S1>S2>S3>SD>S3>S4>S5>S4>S5>S6>S7,Successful,1,2.0000000000000002e-05,222,0,222,222,222,222,222,222,11,e54,1
361,e6dfe42a283a3ed29fb469d229b508e2337c6b498681a3b0cd97736406e244b7,e01>e12>e23>e34>e45>e54>e45>e52>e24>e45>e56>e67,S0>S1>S2>S3>S4>S5>S4>S5>S2>S4>S5>S6>S7,Successful,1,2.0000000000000002e-05,272,0,272,272,272,272,272,272,12,e54;e52,0
362,e6e0d584fb2e0f6ee6d5c14484a835265b0cda854d2e41c06eb252cc6f3cc090,e01>e12>e24>e46>e66>e6D>eD3>e34>e45>e56>e67,S0>S1>S2>S4>S6>S6>SD>S3>S4>S5>S6>S7,Successful,1,2.0000000000000002e-05,200,0,200,200,200,200,200,200,11,e66,1
363,e76e239614ad5f274cc7f17f107bf56d4e3ee0540088b3d8c75869b875295c02,e01>e12>e24>e42>e24>e4D>eD3>e34>e4D>eDT,S0>S1>S2>S4>S2>S4>SD>S3>S4>SD>ST,Terminated,1,2.0000000000000002e-05,100,0,100,100,100,100,100,100,10,e42,1
364,e9a3efc5306c3c77bcf8b263ee003aa2cc7dc848c238399a386e247e5f8671b6,e01>e12>e24>e42>e23>e34>e43>e32>e22>e24>e45>e55>e56>e67,S0>S1>S2>S4>S2>S3>S4>S3>S2>S2>S4>S5>S5>S6>S7,Successful,1,2.0000000000000002e-05,192,0,192,192,192,192,192,192,14,e22;e32;e43;e42;e55,0
365,ebf99198ce8fea14b573ce9322470caaa9b17c6d70f703e6c2efefaaf32f21b8,e01>e12>e24>e43>e34>e45>e5D>eD3>e34>e45>e56>e66>e67,S0>S1>S2>S4>S3>S4>S5>SD>S3>S4>S5>S6>S6>S7,Successful,1,2.0000000000000002e-05,232,0,232,232,232,232,232,232,13,e43;e66,1
366,ec1322e1e2e0cbd60afcab327cde8ded8703361709029098fab013c1fce388aa,e01>e12>e24>e45>e56>e66>e6D>eD7,S0>S1>S2>S4>S5>S6>S6>SD>S7,Successful,1,2.0000000000000002e-05,125,0,125,125,125,125,125,125,8,e66,1
367,edfc11b17ba6b8f7472322580a5fbc33e9fdaaff8cf624f9f71da9f2ff51e22c,e01>e12>e24>e45>e54>e42>e21>e1T,S0>S1>S2>S4>S5>S4>S2>S1>ST,Terminated,1,2.0000000000000002e-05,112,0,112,112,112,112,112,112,8,e21;e42;e54,0
368,f312fc865a0f3584ee2a27d791c74c6811f3a713a9d1a0793bebf0f3e62b81cd,e01>e12>e21>e12>e24>e43>e34>e4D>eD3>e34>e45>e57,S0>S1>S2>S1>S2>S4>S3>S4>SD>S3>S4>S5>S7,Successful,1,2.0000000000000002e-05,156,0,156,156,156,156,156,156,12,e21;e43,1
369,f33fb2a461427b791a5422d3625101d0bcb40a18ceacd6e25e586997e4ae84c7,e01>e12>e24>e42>e24>e46>e66>e67,S0>S1>S2>S4>S2>S4>S6>S6>S7,Successful,1,2.0000000000000002e-05,110,0,110,110,110,110,110,110,8,e42;e66,0
370,f34b8df6f552a938ee5b512d6ac77454c8f1a0f6eafb5ac8ff04a21b59324681,e01>e12>e22>e24>e45>e56>e6D>eD3>e34>e43>e34>e46>e67,S0>S1>S2>S2>S4>S5>S6>SD>S3>S4>S3>S4>S6>S7,Successful,1,2.0000000000000002e-05,224,0,224,224,224,224,224,224,13,e22;e43,1
371,f530d1197e919379123f255ebd93007a85bf7c83113421d19c05a18374c9701a,e01>e12>e22>e24>e43>e34>e45>e54>e45>e56>e67,S0>S1>S2>S2>S4>S3>S4>S5>S4>S5>S6>S7,Successful,1,2.0000000000000002e-05,221,0,221,221,221,221,221,221,11,e22;e43;e54,0
372,f5c6498d61505f640d3db59566be21f221f674141c356df7ca52ab0e8eac6e99,e01>e12>e24>e43>e33>e34>e45>e56>e66>e67,S0>S1>S2>S4>S3>S3>S4>S5>S6>S6>S7,Successful,1,2.0000000000000002e-05,149,0,149,149,149,149,149,149,10,e33;e43;e66,0
373,f61ff6af4fa368dfde94f30657ce3729ca982d98a31d8ea25681719633340f4b,e01>e12>e22>e23>e34>e45>e54>e45>e55>e56>e67,S0>S1>S2>S2>S3>S4>S5>S4>S5>S5>S6>S7,Successful,1,2.0000000000000002e-05,198,0,198,198,198,198,198,198,11,e22;e55;e54,0
374,f65955537ff7eec228d55cb0bd48149207c31911a1232f1115278f0c84a0fb82,e01>e12>e24>e45>e56>e66>e6D>eD3>e34>e45>e57,S0>S1>S2>S4>S5>S6>S6>SD>S3>S4>S5>S7,Successful,1,2.0000000000000002e-05,204,0,204,204,204,204,204,204,11,e66,1
375,f65dfe3a81e4eb32335abbd5620a4ca186a478eca503d4b17164d716338f5a1d,e01>e12>e24>e45>e54>e4D>eD3>e32>e24>e46>e67,S0>S1>S2>S4>S5>S4>SD>S3>S2>S4>S6>S7,Successful,1,2.0000000000000002e-05,207,0,207,207,207,207,207,207,11,e32;e54,1
376,f82a93ac9955127d6ff4a517c1a23e3ef1fe7c058a7f5ceb5ab3ecfcd0d1ce3b,e01>e12>e24>e45>e5D>eD3>e3T,S0>S1>S2>S4>S5>SD>S3>ST,Terminated,1,2.0000000000000002e-05,109,0,109,109,109,109,109,109,7,,1
377,f8abf840f3ce4e7b787dcd0d0695d46a4b0989d03008f0ca0ca9bf06563722f7,e01>e12>e24>e43>e34>e4D>eD3>e34>e45>e57,S0>S1>S2>S4>S3>S4>SD>S3>S4>S5>S7,Successful,1,2.0000000000000002e-05,143,0,143,143,143,143,143,143,10,e43,1
378,fa3798d8a65456f52c261028fd7a59c0143c1acafb8dad8c0c01bcd16c88488e,e01>e12>e24>e43>e34>e45>e5D>eDT,S0>S1>S2>S4>S3>S4>S5>SD>ST,Terminated,1,2.0000000000000002e-05,125,0,125,125,125,125,125,125,8,e43,1
379,fdb24c786b3975aad4ed4a7343ecb2398e8deabbc0c4cb6e40ee291a21666eba,e01>e12>e23>e34>e43>e34>e45>e57,S0>S1>S2>S3>S4>S3>S4>S5>S7,Successful,1,2.0000000000000002e-05,129,0,129,129,129,129,129,129,8,e43,0
380,ff9806599cc4a75f08af18afe22a02df6e3b9dc1e9e4c45797deb629724788da,e01>e12>e22>e24>e46>e66>e67,S0>S1>S2>S2>S4>S6>S6>S7,Successful,1,2.0000000000000002e-05,93,0,93,93,93,93,93,93,7,e22;e66,0
