Outcome,Duration,Frequency,Cumulative_Frequency,ECDF
Successful,37,1,1,3.4636832808008033e-05
Successful,38,2,3,0.00010391049842402411
Successful,39,5,8,0.00027709466246406426
Successful,40,1,9,0.00031173149527207231
Successful,41,5,14,0.00048491565931211249
Successful,42,4,18,0.00062346299054414462
Successful,43,3,21,0.00072737348896816871
Successful,44,3,24,0.0008312839873921929
Successful,46,1,25,0.00086592082020020089
Successful,51,1,26,0.00090055765300820888
Successful,63,1,27,0.00093519448581621699
Successful,68,1,28,0.00096983131862422498
Successful,69,1,29,0.001004468151432233
Successful,71,2,31,0.0010737418170482492
Successful,72,5,36,0.0012469259810882892
Successful,73,12,48,0.0016625679747843858
Successful,74,44,92,0.0031865886183367392
Successful,75,59,151,0.0052301617540092132
Successful,76,119,270,0.009351944858162169
Successful,77,159,429,0.014859201274635447
Successful,78,174,603,0.020886010183228845
Successful,79,187,790,0.027363097918326348
Successful,80,167,957,0.033147448997263691
Successful,81,149,1106,0.038308337085656889
Successful,82,112,1218,0.04218766236015379
Successful,83,64,1282,0.044404419659866301
Successful,84,33,1315,0.045547435142530568
Successful,85,30,1345,0.046586540126770805
Successful,86,44,1389,0.048110560770323163
Successful,87,55,1444,0.050015586574763606
Successful,88,64,1508,0.052232343874476117
Successful,89,78,1586,0.054934016833500743
Successful,90,64,1650,0.057150774133213261
Successful,91,80,1730,0.059921720757853902
Successful,92,88,1818,0.062969762044958605
Successful,93,96,1914,0.066294897994527383
Successful,94,109,2023,0.07007031277060026
Successful,95,168,2191,0.075889300682345603
Successful,96,169,2360,0.081742925426898969
Successful,97,291,2651,0.091822243774029297
Successful,98,434,3085,0.10685462921270479
Successful,99,601,3686,0.12767136573031762
Successful,100,793,4479,0.15513837414706799
Successful,101,920,5399,0.18700426033043538
Successful,102,1008,6407,0.2219181878009075
Successful,103,1225,7632,0.26434830799071735
Successful,104,1219,8851,0.30657060718367912
Successful,105,1261,10112,0.35024765335457725
Successful,106,1348,11460,0.39693810397977208
Successful,107,1414,12874,0.44591458557029545
Successful,108,1335,14209,0.49215475736898617
Successful,109,1386,15595,0.54016140764088527
Successful,110,1309,16904,0.58550102178656782
Successful,111,1230,18134,0.62810432614041767
Successful,112,1148,19282,0.66786741020401097
Successful,113,1005,20287,0.70267742717605897
Successful,114,925,21212,0.73471649752346646
Successful,115,863,22075,0.7646080842367774
Successful,116,769,22844,0.79124380866613553
Successful,117,635,23479,0.81323819749922066
Successful,118,595,24074,0.83384711301998549
Successful,119,485,24559,0.85064597693186939
Successful,120,389,24948,0.86411970489418444
Successful,121,308,25256,0.87478784939905097
Successful,122,271,25527,0.88417443109002114
Successful,123,241,25768,0.89252190779675111
Successful,124,151,25919,0.89775206955076026
Successful,125,133,26052,0.90235876831422535
Successful,126,110,26162,0.90616881992310627
Successful,127,92,26254,0.90935540854144292
Successful,128,102,26356,0.91288836548785979
Successful,129,96,26452,0.91621350143742852
Successful,130,67,26519,0.91853416923556508
Successful,131,83,26602,0.92140902635862976
Successful,132,65,26667,0.92366042049115027
Successful,133,75,26742,0.92625818295175089
Successful,134,56,26798,0.92819784558899932
Successful,135,55,26853,0.93010287139343983
Successful,136,72,26925,0.93259672335561639
Successful,137,52,26977,0.93439783866163273
Successful,138,64,27041,0.93661459596134533
Successful,139,43,27084,0.93810397977208959
Successful,140,47,27131,0.93973191091406605
Successful,141,48,27179,0.94139447888885042
Successful,142,42,27221,0.94284922586678677
Successful,143,42,27263,0.94430397284472312
Successful,144,33,27296,0.94544698832738738
Successful,145,35,27331,0.94665927747566758
Successful,146,32,27363,0.94776765612552383
Successful,147,20,27383,0.94846039278168404
Successful,148,24,27407,0.94929167676907622
Successful,149,27,27434,0.95022687125489247
Successful,150,20,27454,0.95091960791105257
Successful,151,15,27469,0.95143916040317278
Successful,152,15,27484,0.95195871289529288
Successful,153,15,27499,0.95247826538741298
Successful,154,16,27515,0.9530324547123411
Successful,155,5,27520,0.9532056388763811
Successful,156,10,27530,0.9535520072044612
Successful,157,6,27536,0.95375982820130922
Successful,158,9,27545,0.95407155969658131
Successful,159,9,27554,0.95438329119185339
Successful,160,6,27560,0.95459111218870152
Successful,161,8,27568,0.95486820685116558
Successful,162,7,27575,0.95511066468082162
Successful,163,9,27584,0.9554223961760937
Successful,164,7,27591,0.95566485400574974
Successful,165,8,27599,0.9559419486682138
Successful,166,7,27606,0.95618440649786984
Successful,167,2,27608,0.95625368016348589
Successful,168,16,27624,0.95680786948841401
Successful,169,11,27635,0.95718887464930202
Successful,170,10,27645,0.95753524297738213
Successful,171,21,27666,0.95826261646635036
Successful,172,18,27684,0.95888607945689441
Successful,173,18,27702,0.95950954244743858
Successful,174,22,27724,0.96027155276921483
Successful,175,20,27744,0.96096428942537493
Successful,176,15,27759,0.96148384191749503
Successful,177,19,27778,0.96214194174084722
Successful,178,14,27792,0.9626268574001593
Successful,179,24,27816,0.96345814138755148
Successful,180,25,27841,0.96432406220775169
Successful,181,28,27869,0.96529389352637596
Successful,182,20,27889,0.96598663018253605
Successful,183,26,27915,0.96688718783554428
Successful,184,36,27951,0.96813411381663261
Successful,185,16,27967,0.96868830314156074
Successful,186,25,27992,0.96955422396176094
Successful,187,28,28020,0.97052405528038521
Successful,188,17,28037,0.97111288143812124
Successful,189,21,28058,0.97184025492708948
Successful,190,21,28079,0.97256762841605759
Successful,191,19,28098,0.97322572823940978
Successful,192,29,28127,0.97423019639084207
Successful,193,20,28147,0.97492293304700217
Successful,194,24,28171,0.97575421703439436
Successful,195,28,28199,0.97672404835301863
Successful,196,16,28215,0.97727823767794675
Successful,197,19,28234,0.97793633750129894
Successful,198,19,28253,0.97859443732465101
Successful,199,19,28272,0.9792525371480032
Successful,200,20,28292,0.9799452738041633
Successful,201,17,28309,0.98053409996189944
Successful,202,28,28337,0.98150393128052371
Successful,203,27,28364,0.98243912576633996
Successful,204,32,28396,0.98354750441619621
Successful,205,24,28420,0.98437878840358839
Successful,206,27,28447,0.98531398288940464
Successful,207,21,28468,0.98604135637837276
Successful,208,25,28493,0.98690727719857296
Successful,209,21,28514,0.98763465068754108
Successful,210,18,28532,0.98825811367808525
Successful,211,21,28553,0.98898548716705348
Successful,212,11,28564,0.98936649232794149
Successful,213,21,28585,0.99009386581690972
Successful,214,11,28596,0.99047487097779774
Successful,215,21,28617,0.99120224446676597
Successful,216,15,28632,0.99172179695888607
Successful,217,11,28643,0.9921028021197742
Successful,218,12,28655,0.99251844411347023
Successful,219,12,28667,0.99293408610716638
Successful,220,11,28678,0.9933150912680544
Successful,221,10,28688,0.9936614595961345
Successful,222,10,28698,0.9940078279242146
Successful,223,11,28709,0.99438883308510273
Successful,224,11,28720,0.99476983824599075
Successful,225,5,28725,0.99494302241003085
Successful,226,7,28732,0.99518548023968689
Successful,227,10,28742,0.995531848567767
Successful,228,3,28745,0.99563575906619095
Successful,229,8,28753,0.99591285372865501
Successful,230,3,28756,0.99601676422707908
Successful,231,7,28763,0.99625922205673512
Successful,232,6,28769,0.99646704305358313
Successful,233,4,28773,0.99660559038481522
Successful,234,4,28777,0.9967441377160472
Successful,235,7,28784,0.99698659554570335
Successful,236,5,28789,0.99715977970974334
Successful,237,3,28792,0.99726369020816741
Successful,238,2,28794,0.99733296387378334
Successful,239,3,28797,0.9974368743722074
Successful,240,3,28800,0.99754078487063147
Successful,241,2,28802,0.9976100585362474
Successful,242,2,28804,0.99767933220186344
Successful,243,1,28805,0.99771396903467147
Successful,245,1,28806,0.99774860586747949
Successful,246,3,28809,0.99785251636590355
Successful,247,2,28811,0.99792179003151948
Successful,249,2,28813,0.99799106369713553
Successful,250,1,28814,0.99802570052994355
Successful,251,2,28816,0.99809497419555959
Successful,252,2,28818,0.99816424786117552
Successful,253,1,28819,0.99819888469398355
Successful,254,1,28820,0.99823352152679157
Successful,256,2,28822,0.99830279519240761
Successful,257,2,28824,0.99837206885802365
Successful,258,2,28826,0.99844134252363959
Successful,260,1,28827,0.99847597935644761
Successful,261,1,28828,0.99851061618925563
Successful,262,1,28829,0.99854525302206365
Successful,264,1,28830,0.99857988985487167
Successful,265,1,28831,0.99861452668767969
Successful,266,1,28832,0.99864916352048771
Successful,268,1,28833,0.99868380035329574
Successful,269,1,28834,0.99871843718610376
Successful,271,2,28836,0.99878771085171969
Successful,272,2,28838,0.99885698451733573
Successful,273,1,28839,0.99889162135014375
Successful,276,1,28840,0.99892625818295178
Successful,277,3,28843,0.99903016868137573
Successful,278,1,28844,0.99906480551418375
Successful,279,1,28845,0.99909944234699177
Successful,280,1,28846,0.99913407917979979
Successful,282,1,28847,0.99916871601260782
Successful,283,2,28849,0.99923798967822386
Successful,285,1,28850,0.99927262651103188
Successful,286,2,28852,0.99934190017664781
Successful,288,1,28853,0.99937653700945583
Successful,289,1,28854,0.99941117384226386
Successful,290,1,28855,0.99944581067507188
Successful,294,1,28856,0.9994804475078799
Successful,295,1,28857,0.99951508434068792
Successful,299,1,28858,0.99954972117349594
Successful,302,1,28859,0.99958435800630385
Successful,303,1,28860,0.99961899483911187
Successful,308,1,28861,0.9996536316719199
Successful,311,1,28862,0.99968826850472792
Successful,312,1,28863,0.99972290533753594
Successful,321,1,28864,0.99975754217034396
Successful,332,1,28865,0.99979217900315198
Successful,351,1,28866,0.99982681583596
Successful,355,1,28867,0.99986145266876791
Successful,364,1,28868,0.99989608950157594
Successful,367,1,28869,0.99993072633438396
Successful,389,1,28870,0.99996536316719198
Successful,397,1,28871,1
Terminated,3,10004,10004,0.47347247858393676
Terminated,4,10196,20200,0.95603199394197547
Terminated,13,2,20202,0.95612665057503909
Terminated,14,12,20214,0.95669459037342042
Terminated,15,85,20299,0.96071749727862177
Terminated,16,166,20465,0.96857399782289744
Terminated,17,182,20647,0.97718775143168157
Terminated,18,185,20832,0.98594348999006109
Terminated,19,100,20932,0.99067632164323916
Terminated,20,40,20972,0.99256945430451038
Terminated,21,15,20987,0.99327937905248709
Terminated,23,1,20988,0.99332670736901885
Terminated,24,2,20990,0.99342136400208247
Terminated,25,5,20995,0.99365800558474138
Terminated,26,10,21005,0.99413128875005918
Terminated,27,8,21013,0.99450991528231336
Terminated,28,8,21021,0.99488854181456765
Terminated,29,4,21025,0.9950778550806948
Terminated,30,4,21029,0.99526716834682194
Terminated,31,5,21034,0.99550380992948084
Terminated,32,5,21039,0.99574045151213975
Terminated,33,1,21040,0.9957877798286715
Terminated,34,1,21041,0.99583510814520326
Terminated,38,2,21043,0.99592976477826689
Terminated,39,3,21046,0.99607174972786217
Terminated,40,4,21050,0.99626106299398931
Terminated,41,9,21059,0.99668701784277536
Terminated,42,4,21063,0.9968763311089025
Terminated,43,10,21073,0.99734961427422031
Terminated,44,4,21077,0.99753892754034734
Terminated,46,1,21078,0.99758625585687921
Terminated,48,1,21079,0.99763358417341097
Terminated,49,2,21081,0.99772824080647449
Terminated,52,1,21082,0.99777556912300625
Terminated,54,2,21084,0.99787022575606987
Terminated,56,1,21085,0.99791755407260163
Terminated,57,2,21087,0.99801221070566515
Terminated,59,1,21088,0.99805953902219702
Terminated,67,1,21089,0.99810686733872878
Terminated,75,1,21090,0.99815419565526053
Terminated,77,1,21091,0.99820152397179229
Terminated,88,1,21092,0.99824885228832405
Terminated,96,1,21093,0.99829618060485592
Terminated,97,1,21094,0.99834350892138768
Terminated,100,3,21097,0.99848549387098295
Terminated,102,1,21098,0.99853282218751482
Terminated,103,4,21102,0.99872213545364197
Terminated,104,2,21104,0.99881679208670548
Terminated,108,1,21105,0.99886412040323724
Terminated,109,1,21106,0.998911448719769
Terminated,111,1,21107,0.99895877703630087
Terminated,112,3,21110,0.99910076198589615
Terminated,113,4,21114,0.99929007525202329
Terminated,114,1,21115,0.99933740356855505
Terminated,115,1,21116,0.99938473188508681
Terminated,117,2,21118,0.99947938851815044
Terminated,121,1,21119,0.99952671683468219
Terminated,122,1,21120,0.99957404515121395
Terminated,123,1,21121,0.99962137346774571
Terminated,125,2,21123,0.99971603010080934
Terminated,128,1,21124,0.9997633584173411
Terminated,129,3,21127,0.99990534336693648
Terminated,160,1,21128,0.99995267168346824
Terminated,186,1,21129,1
