Model,Entity_ID,Baseline_O,Baseline_ML,Baseline_P,Constraint,Approval_Status
PERT,e12,5,7,10,0 <= O <= ML <= P and O < P,Requires model-owner approval
PERT,e23,5,7,10,0 <= O <= ML <= P and O < P,Requires model-owner approval
PERT,e34,10,14,20,0 <= O <= ML <= P and O < P,Requires model-owner approval
PERT,e45,50,60,80,0 <= O <= ML <= P and O < P,Requires model-owner approval
PERT,e56,10,12,14,0 <= O <= ML <= P and O < P,Requires model-owner approval
PERT,e67,7,10,12,0 <= O <= ML <= P and O < P,Requires model-owner approval
GERT,e12,5,7,10,0 <= O <= ML <= P and O < P,Requires model-owner approval
GERT,e1T,2,3,4,0 <= O <= ML <= P and O < P,Requires model-owner approval
GERT,e23,5,7,10,0 <= O <= ML <= P and O < P,Requires model-owner approval
GERT,e24,12,15,17,0 <= O <= ML <= P and O < P,Requires model-owner approval
GERT,e22,7,9,12,0 <= O <= ML <= P and O < P,Requires model-owner approval
GERT,e21,3,5,7,0 <= O <= ML <= P and O < P,Requires model-owner approval
GERT,e2T,7,10,12,0 <= O <= ML <= P and O < P,Requires model-owner approval
GERT,e34,10,14,20,0 <= O <= ML <= P and O < P,Requires model-owner approval
GERT,e33,4,7,10,0 <= O <= ML <= P and O < P,Requires model-owner approval
GERT,e32,10,14,20,0 <= O <= ML <= P and O < P,Requires model-owner approval
GERT,e3T,10,14,20,0 <= O <= ML <= P and O < P,Requires model-owner approval
GERT,e3D,10,14,20,0 <= O <= ML <= P and O < P,Requires model-owner approval
GERT,e45,50,60,80,0 <= O <= ML <= P and O < P,Requires model-owner approval
GERT,e46,40,45,50,0 <= O <= ML <= P and O < P,Requires model-owner approval
GERT,e43,5,7,10,0 <= O <= ML <= P and O < P,Requires model-owner approval
GERT,e42,7,10,12,0 <= O <= ML <= P and O < P,Requires model-owner approval
GERT,e4D,7,10,12,0 <= O <= ML <= P and O < P,Requires model-owner approval
GERT,e56,10,12,14,0 <= O <= ML <= P and O < P,Requires model-owner approval
GERT,e57,7,10,12,0 <= O <= ML <= P and O < P,Requires model-owner approval
GERT,e55,2,5,7,0 <= O <= ML <= P and O < P,Requires model-owner approval
GERT,e54,7,10,12,0 <= O <= ML <= P and O < P,Requires model-owner approval
GERT,e52,7,10,12,0 <= O <= ML <= P and O < P,Requires model-owner approval
GERT,e5D,7,10,12,0 <= O <= ML <= P and O < P,Requires model-owner approval
GERT,e67,7,10,12,0 <= O <= ML <= P and O < P,Requires model-owner approval
GERT,e66,5,7,10,0 <= O <= ML <= P and O < P,Requires model-owner approval
GERT,e6D,7,10,12,0 <= O <= ML <= P and O < P,Requires model-owner approval
GERT,eD3,5,7,10,0 <= O <= ML <= P and O < P,Requires model-owner approval
GERT,eD7,5,7,10,0 <= O <= ML <= P and O < P,Requires model-owner approval
GERT,eDT,5,7,10,0 <= O <= ML <= P and O < P,Requires model-owner approval
