Figure,Title,PNG_File,PNG_Bytes,PNG_SHA256,PNG_DPI,PDF_File,PDF_Bytes,PDF_SHA256,Figure_Data_CSVs,Status
Figure 4.7-1,PERT-MCS Fixed-Route Lifecycle-Time Distribution with Mean and P50-P95 Reference Lines,Figure_4_7_1.png,480203,856330d3588a084b586548c68a50b49ba4ed9dd6c17d9762ef4fa66fc92adcc6,1200,Figure_4_7_1.pdf,38451,ea0b7cef51e9b4306cba22e8c57d6ccfc4ebc2e33d53ecde9192a15ba3f38385,Figure_4_7_1_data.csv,PASS
Figure 4.7-3,"Convergence of the PERT-MCS Mean, P90, and P95",Figure_4_7_3.png,930614,94059c1085736c836f65ef2da8a64ad699861e798ef2e668430e1f1fc571353c,1200,Figure_4_7_3.pdf,46419,bd696acaa798964a9c0f9a9c0e2fdd98115c697cd72d1665e02341a81710d372,Figure_4_7_3_data.csv,PASS
Figure 4.7-4,Overall GERT-MCS Lifecycle-Time Distribution and Outcome-Conditioned Empirical Cumulative Distributions,Figure_4_7_4.png,884139,6513611e1b5e45cf2003f3715c81146b08bd55cd6e36402dbbe8b7ea49ae3c76,1200,Figure_4_7_4.pdf,73017,e16736a70f3bf989f0ace34d8ed605f3d158d4f71b868aede55db605f4a39826,Figure_4_7_4_ecdf_data.csv;Figure_4_7_4_histogram_data.csv,PASS
Figure 4.7-5,GERT-MCS Terminal-Outcome Probabilities with 95% Confidence Intervals,Figure_4_7_5.png,382617,6d79e4417c75ce7ed89b12a5b0e6662c6774ead9288f0d14a26fcbde958cdf8b,1200,Figure_4_7_5.pdf,34339,9da1f09fe2c8d7d4f071adaa58a9c64bed5bc9ab053d8e243acdeba64144cc83,Figure_4_7_5_data.csv,PASS
Figure 4.7-6,Within-Outcome and Between-Outcome Components of Overall GERT Lifecycle-Time Variance,Figure_4_7_6.png,249632,8336fac9b537ae7bdce222f962641a5109b9976ca4c9e6882bcdf15df428815d,1200,Figure_4_7_6.pdf,32874,ff4687087afca56adfe75af6b0a9f30032db8be070ec34002502c240e0e85e1a,Figure_4_7_6_data.csv,PASS
Figure 4.7-7,GERT-MCS Successful-Closeout Lifecycle-Time Distribution and Empirical Cumulative Distribution,Figure_4_7_7.png,711217,1b6acf92b5b32334f2f7eec98aaa2dcd288486a368499af382225b87d7ca983f,1200,Figure_4_7_7.pdf,57558,c16c7af14807ca4fab7697739001a008e62111f7bac5e0a7f267ea8d37474652,Figure_4_7_7_ecdf_data.csv;Figure_4_7_7_histogram_data.csv,PASS
Figure 4.7-8,Quantile Difference between Successful GERT-MCS and PERT-MCS from P1 to P99,Figure_4_7_8.png,585035,1e3d22d54e7770a15e17e6632975b428e4a004db7f4609afa1d6f122871712d7,1200,Figure_4_7_8.pdf,37169,a9219d597262972487583f37fb4c60decd60ae8414a568fbe6868399b13f1382,Figure_4_7_8_data.csv,PASS
Figure 4.7-9,Convergence of Successful GERT-MCS Lifecycle-Time Statistics and Outcome Probability,Figure_4_7_9.png,855428,2d3dd73250d1f0f7c2114f4b7b1a19fb376057203cb9034bb079d61d47899abe,1200,Figure_4_7_9.pdf,48873,5d44afc6f63d974f913f72e2567794957906c7945ab413a5dd0be245db46659f,Figure_4_7_9_data.csv,PASS
Figure 4.7-10,GERT-MCS Withdrawn/Rejected Lifecycle-Time Distribution with Enlarged Early-Closure Range,Figure_4_7_10.png,535410,cbe0151a3096c6ae9d4be57da3e73c3692d2631554a9b1a50630163ed249df15,1200,Figure_4_7_10.pdf,51576,8e11cae59cfc05c05d02a157b81df4008a509b6352edf2a599fb76424d63c1b1,Figure_4_7_10_data.csv,PASS
Figure 4.7-11,Distribution of Total Loop Traversals per GERT-MCS Replication,Figure_4_7_11.png,565230,641ee4ebd8955df9cdcfa4dbb0b99988e3aa9e0277704ea88bf3c04e0aef946e,1200,Figure_4_7_11.pdf,40539,de49d7b3cf00236608ff4a3bd1585f112422536419743115a3faf0f721a0c454,Figure_4_7_11_data.csv,PASS
Figure 4.7-12,"Frequency, Conditional P95, and P95-Tail Concentration of GERT Feedback Loops",Figure_4_7_12.png,699393,8611f7a5299b0651c85700b4f9cf2ae36681a9d1e7bc29a90d15a8f44344799f,1200,Figure_4_7_12.pdf,39818,ce6e719684125beac7903e3eb325f46a1c5a263d763e67b41d25657d1806b45f,Figure_4_7_12_data.csv,PASS
Figure 4.7-13,Mutually Exclusive Realised GERT Route Categories and Their Probabilities,Figure_4_7_13.png,632862,8ed6328ca3a9811dd6206ad8ae564adc5f5296abc0b706224c26f71e31404021,1200,Figure_4_7_13.pdf,39977,9289c0d45e299518722657fdc7b2f195853429a1ff2d5d53e26d1c39d02fb36d,Figure_4_7_13_data.csv,PASS
Figure 4.7-14,Pareto Distribution of Exact Realised GERT Routes,Figure_4_7_14.png,826940,533d666b92d06d4ba5a959bf16cc3184ff54c2eb101a1b692e36d5844a8fccd7,1200,Figure_4_7_14.pdf,50620,4ff9fa78faf5670503055e25357c8711f241022b7729a88486a19448df01da38,Figure_4_7_14_data.csv,PASS
Figure 4.7-15,Within-Route and Between-Route Components of Successful GERT Lifecycle-Time Variance,Figure_4_7_15.png,375941,030670d4b8c5ef3dafd0696c4fbc454dc80beef50c94df5b432f36f936a28546,1200,Figure_4_7_15.pdf,35629,8f4b627e06fae3dee05c13e809ea00ec3ffff319273929e0796e48789e3517ad,Figure_4_7_15_data.csv,PASS
Figure 4.7-16,Successful Lifecycle-Time Distributions with and without Dispute Diversion,Figure_4_7_16.png,901735,a71d4b978b59e75aee949ced02995dba7bc265c900259dbde0c25555634a1d5a,1200,Figure_4_7_16.pdf,50312,45a902f3072ebeaa8d2eefb2047c5e1002a6639b7521da6f4fd3b760937104e9,Figure_4_7_16_ecdf_data.csv;Figure_4_7_16_percentile_data.csv,PASS
Figure 4.7-17,"Mutually Exclusive Structural Composition of Successful P90, P95, and P99 Outcomes",Figure_4_7_17.png,599656,35e1b1582003e8fc9a21a2c71ba44a7e0de89ce190c8cc109107bc9b7bbab170,1200,Figure_4_7_17.pdf,36602,a60bea9636029fc3d8bf5ff4cb613b362b296af3ed61949e212ce748ff2b1605,Figure_4_7_17_data.csv,PASS
