Artifact_Type,File_Name,Relative_Path,Dataset,Rows,Columns,Size_Bytes,SHA256,Status
Excel Workbook,Input_Validation_Report.xlsx,outputs\Input_Validation_Report.xlsx,,20,3,6465,8bde9d81e76cfea4bd3afe553cf756e68ef600c31459fdeb0201b2d799cb4b78,PASS
Excel Workbook,01_Input_and_Metadata.xlsx,outputs\Simulation_Data\01_Input_and_Metadata.xlsx,,337,15,31216,a14b3d9528a13ee7ee78b119094422613984160c6ca1a1d1fa42e0eb43fddd26,PASS
Excel Workbook,02_PERT_Raw_Data.xlsx,outputs\Simulation_Data\02_PERT_Raw_Data.xlsx,,700132,25,47905385,cbb5b366a9a5b017ca018c588507c34c0bbdd43c6f10d30cc75b6f0547cf4a1c,PASS
Excel Workbook,03_PERT_Analysis_Ready.xlsx,outputs\Simulation_Data\03_PERT_Analysis_Ready.xlsx,,100412,16,8262446,c4bc9b7d35828da9d56f1323822f11f3fdbcaf7d5c664d672e0c49afb0b6e7f3,PASS
Excel Workbook,04_GERT_Iteration_Data.xlsx,outputs\Simulation_Data\04_GERT_Iteration_Data.xlsx,,100536,37,14421228,e3c63ee8645691e470296680c1e3b1eb64fcee48acbdf23b16dbeb8843883d46,PASS
Excel Workbook,05_GERT_Traversal_Data.xlsx,outputs\Simulation_Data\05_GERT_Traversal_Data.xlsx,,226915,35,36198502,19fe5905c445ab0cea866f67cc8fffbb55dd165ace427c729f82f81236b5c478,PASS
Excel Workbook,06_GERT_Structure_Events.xlsx,outputs\Simulation_Data\06_GERT_Structure_Events.xlsx,,784978,13,36629083,75e433581151f45e6978ce05f9140bdbce8353f7b01f8b5cb202603e7e49e8bb,PASS
Excel Workbook,07_GERT_Analysis_Ready.xlsx,outputs\Simulation_Data\07_GERT_Analysis_Ready.xlsx,,351788,138,37923616,932ba8d1b3dc19c02c5955130c19050861082f6a4fb0154b43b157b311d54d62,PASS
Excel Workbook,08_Exact_Verification.xlsx,outputs\Simulation_Data\08_Exact_Verification.xlsx,,157,13,24349,995c3ba8065bc56d4f121b0aad76f8699ee2c7aea632dd3975e8dbe57957efdf,PASS
Excel Workbook,09_Convergence_Data.xlsx,outputs\Simulation_Data\09_Convergence_Data.xlsx,,2655,14,71477,aca2391268f2b170e55aa91aa9a47cf3cc96d0c7c712aa7fc50fb105488d3027,PASS
Excel Workbook,10_Sensitivity_Ready_Data.xlsx,outputs\Simulation_Data\10_Sensitivity_Ready_Data.xlsx,,200521,146,34066913,3eec4816e4e24aabb3ffce78fc9a610f9697a7c6331e6fa078eef7def63d9ede,PASS
Excel Workbook,Data_Dictionary.xlsx,outputs\Simulation_Data\Data_Dictionary.xlsx,,1482,13,92833,c28f0e42a45d02d499b4b7614666d52b6df8679ae77e3981aaea3565056a7592,PASS
Excel Workbook,11_Validation_and_Reconciliation.xlsx,outputs\Simulation_Data\11_Validation_and_Reconciliation.xlsx,,350163,13,12637282,dae6019f49ecf94bc3d1eb6de3e6f2febb7f8945c55338cc9f268210744a44c0,PASS
Excel Workbook,00_Master_Index.xlsx,outputs\Simulation_Data\00_Master_Index.xlsx,,421,12,45154,b75159e63f7e89950723a452c93703d4d350fa1bd713893749cb952624c9fdc3,PASS
CSV Dataset,Input_Validation_Report__Input_Validation.csv,outputs\Simulation_Data\CSV\Input_Validation_Report__Input_Validation.csv,Input_Validation_Report::Input Validation,20,3,601,672185c403b6e1158948f140f2b06cb2939333e42369b715330f04c02ca5b8bd,PASS
Parquet Dataset,Input_Validation_Report__Input_Validation.parquet,outputs\Simulation_Data\Parquet\Input_Validation_Report__Input_Validation.parquet,Input_Validation_Report::Input Validation,20,3,1650,4681453a5722917eeb71729c38be0499579f29b5defefe095443ed3c8251ccd5,PASS
CSV Dataset,01_Input_and_Metadata__Run_Metadata.csv,outputs\Simulation_Data\CSV\01_Input_and_Metadata__Run_Metadata.csv,01_Input_and_Metadata::Run Metadata,18,2,644,47131e018cafdfa5470b00481ef68c50661e80612e34f2ebb04af2861ee865ca,PASS
Parquet Dataset,01_Input_and_Metadata__Run_Metadata.parquet,outputs\Simulation_Data\Parquet\01_Input_and_Metadata__Run_Metadata.parquet,01_Input_and_Metadata::Run Metadata,18,2,1644,774c7090157385396bf045900ffd2fee371f5f5f92e0399f8a07fa0e841f7649,PASS
CSV Dataset,01_Input_and_Metadata__PERT_Input.csv,outputs\Simulation_Data\CSV\01_Input_and_Metadata__PERT_Input.csv,01_Input_and_Metadata::PERT Input,6,10,751,abb2f0463a6a4fb319e652ade52b8a0dd16c4d2408e2dfdae0bf9e9b5bdeee71,PASS
Parquet Dataset,01_Input_and_Metadata__PERT_Input.parquet,outputs\Simulation_Data\Parquet\01_Input_and_Metadata__PERT_Input.parquet,01_Input_and_Metadata::PERT Input,6,10,4462,850c7fb415079bd7c7ca34add89b54dc178b603b9a307ffdbc30c778db108543,PASS
CSV Dataset,01_Input_and_Metadata__GERT_Nodes.csv,outputs\Simulation_Data\CSV\01_Input_and_Metadata__GERT_Nodes.csv,01_Input_and_Metadata::GERT Nodes,10,6,538,d9a2b16947a7ac3ef518455f45d94d1b17592d987edc4b7db03510f4e5978095,PASS
Parquet Dataset,01_Input_and_Metadata__GERT_Nodes.parquet,outputs\Simulation_Data\Parquet\01_Input_and_Metadata__GERT_Nodes.parquet,01_Input_and_Metadata::GERT Nodes,10,6,2917,c3d6fa965640a397ba67db3007ed462d5249cc4d74808fb0f14ab105870aba31,PASS
CSV Dataset,01_Input_and_Metadata__GERT_Arcs.csv,outputs\Simulation_Data\CSV\01_Input_and_Metadata__GERT_Arcs.csv,01_Input_and_Metadata::GERT Arcs,30,11,2060,9c7ef3e0bf93c1b086f993b310ad8809dea187764c5dcf7170a5a0b1c9fd1757,PASS
Parquet Dataset,01_Input_and_Metadata__GERT_Arcs.parquet,outputs\Simulation_Data\Parquet\01_Input_and_Metadata__GERT_Arcs.parquet,01_Input_and_Metadata::GERT Arcs,30,11,4199,4c2a7b184af94000a037f3890241dfe213f75d12347a8e8a582b1d1fd44e0669,PASS
CSV Dataset,01_Input_and_Metadata__Probability_Groups.csv,outputs\Simulation_Data\CSV\01_Input_and_Metadata__Probability_Groups.csv,01_Input_and_Metadata::Probability Groups,7,7,291,9a38a221cae3fe33096ecb532f7ac138ef3bc05cfbaccd550560dc1c459c2cca,PASS
Parquet Dataset,01_Input_and_Metadata__Probability_Groups.parquet,outputs\Simulation_Data\Parquet\01_Input_and_Metadata__Probability_Groups.parquet,01_Input_and_Metadata::Probability Groups,7,7,2596,76b5be42b83435fc416a6decc7fbe07be799fa1bdc0a08af62b7d4dd53f2d070,PASS
CSV Dataset,01_Input_and_Metadata__Loop_Register.csv,outputs\Simulation_Data\CSV\01_Input_and_Metadata__Loop_Register.csv,01_Input_and_Metadata::Loop Register,10,7,534,cd8d99a5dba136627f5d0275b231c4ddce3ea8020f8fb7da50ef1a423c395901,PASS
Parquet Dataset,01_Input_and_Metadata__Loop_Register.parquet,outputs\Simulation_Data\Parquet\01_Input_and_Metadata__Loop_Register.parquet,01_Input_and_Metadata::Loop Register,10,7,2814,9f2fc621d72482915883c67aad26121eb2b9d8dc885b5482ab15df4015c34d99,PASS
CSV Dataset,01_Input_and_Metadata__Parameter_Register.csv,outputs\Simulation_Data\CSV\01_Input_and_Metadata__Parameter_Register.csv,01_Input_and_Metadata::Parameter Register,146,15,27470,7371ff15361c728542c1cbf8370478ce3e2ff8134f5347817d6936c90f8c873c,PASS
Parquet Dataset,01_Input_and_Metadata__Parameter_Register.parquet,outputs\Simulation_Data\Parquet\01_Input_and_Metadata__Parameter_Register.parquet,01_Input_and_Metadata::Parameter Register,146,15,8723,2285278b87d3143aee3c569a71e38695df8d13874c63bc48173e5429427e255a,PASS
CSV Dataset,01_Input_and_Metadata__Input_Audit.csv,outputs\Simulation_Data\CSV\01_Input_and_Metadata__Input_Audit.csv,01_Input_and_Metadata::Input Audit,20,3,601,672185c403b6e1158948f140f2b06cb2939333e42369b715330f04c02ca5b8bd,PASS
Parquet Dataset,01_Input_and_Metadata__Input_Audit.parquet,outputs\Simulation_Data\Parquet\01_Input_and_Metadata__Input_Audit.parquet,01_Input_and_Metadata::Input Audit,20,3,1650,4681453a5722917eeb71729c38be0499579f29b5defefe095443ed3c8251ccd5,PASS
CSV Dataset,01_Input_and_Metadata__Software_Versions.csv,outputs\Simulation_Data\CSV\01_Input_and_Metadata__Software_Versions.csv,01_Input_and_Metadata::Software Versions,6,2,164,366c6f2002269524ed805a0796d74fac37f46395b9e8451b71ff01a67a34056c,PASS
Parquet Dataset,01_Input_and_Metadata__Software_Versions.parquet,outputs\Simulation_Data\Parquet\01_Input_and_Metadata__Software_Versions.parquet,01_Input_and_Metadata::Software Versions,6,2,1103,ee22a401a6d3ed847519131b4a338835709b303017549f2f82cfd84338d58334,PASS
CSV Dataset,01_Input_and_Metadata__Random_Streams.csv,outputs\Simulation_Data\CSV\01_Input_and_Metadata__Random_Streams.csv,01_Input_and_Metadata::Random Streams,3,5,214,b98adc9185bab7a703ed5dd8f391286e1f22035e6f7aba14ced4bab96f8b9947,PASS
Parquet Dataset,01_Input_and_Metadata__Random_Streams.parquet,outputs\Simulation_Data\Parquet\01_Input_and_Metadata__Random_Streams.parquet,01_Input_and_Metadata::Random Streams,3,5,2369,6ac1200895c726a33c787f23eaad9fa45f27d4786a4565cb08488f29d4fb7fc4,PASS
CSV Dataset,01_Input_and_Metadata__Data_Dictionary.csv,outputs\Simulation_Data\CSV\01_Input_and_Metadata__Data_Dictionary.csv,01_Input_and_Metadata::Data Dictionary,81,13,24430,1d60a079567c8fbcebf942c3da7b48c67a4193fe8b814906b04af519f2bb6153,PASS
Parquet Dataset,01_Input_and_Metadata__Data_Dictionary.parquet,outputs\Simulation_Data\Parquet\01_Input_and_Metadata__Data_Dictionary.parquet,01_Input_and_Metadata::Data Dictionary,81,13,9054,32181528db7bc2e92e34dd55389bbaa00be6f533774ac8bfd587844396ca49b9,PASS
CSV Dataset,02_PERT_Raw_Data__PERT_Iterations_Wide.csv,outputs\Simulation_Data\CSV\02_PERT_Raw_Data__PERT_Iterations_Wide.csv,02_PERT_Raw_Data::PERT Iterations Wide,50000,25,15015887,89cccc14d3dc9e591b268f56a19063973c9b87bdf5a6b8050618fd976a60e0b7,PASS
Parquet Dataset,02_PERT_Raw_Data__PERT_Iterations_Wide.parquet,outputs\Simulation_Data\Parquet\02_PERT_Raw_Data__PERT_Iterations_Wide.parquet,02_PERT_Raw_Data::PERT Iterations Wide,50000,25,6838859,986422e02e409187c022953f3372d64e7b540a485fc4ec1141d582171ef2f902,PASS
CSV Dataset,02_PERT_Raw_Data__PERT_Durations_Long.csv.gz,outputs\Simulation_Data\CSV\02_PERT_Raw_Data__PERT_Durations_Long.csv.gz,02_PERT_Raw_Data::PERT Durations Long,300000,14,8670752,d680c5cd4dda977c5ad92232e32bac37c574999bebf2eeaa9f1934103cb94280,PASS
Parquet Dataset,02_PERT_Raw_Data__PERT_Durations_Long.parquet,outputs\Simulation_Data\Parquet\02_PERT_Raw_Data__PERT_Durations_Long.parquet,02_PERT_Raw_Data::PERT Durations Long,300000,14,7378969,ecb787069b5e334ce940a2ffbaad3a3d2a432efb0b53dc1280ff038c9232c4ab,PASS
CSV Dataset,02_PERT_Raw_Data__PERT_Raw_Beta_Samples.csv.gz,outputs\Simulation_Data\CSV\02_PERT_Raw_Data__PERT_Raw_Beta_Samples.csv.gz,02_PERT_Raw_Data::PERT Raw Beta Samples,300000,6,4068982,aa5fc636d8dfe75698203aef4e22ea84188a62ec0b404e82b01b08f1e14f4499,PASS
Parquet Dataset,02_PERT_Raw_Data__PERT_Raw_Beta_Samples.parquet,outputs\Simulation_Data\Parquet\02_PERT_Raw_Data__PERT_Raw_Beta_Samples.parquet,02_PERT_Raw_Data::PERT Raw Beta Samples,300000,6,3473316,ab5e350244101648f0f1ec21002c82461affbf7d5f2fe8157dad49f8eb4b06a3,PASS
CSV Dataset,02_PERT_Raw_Data__PERT_Reconciliation.csv,outputs\Simulation_Data\CSV\02_PERT_Raw_Data__PERT_Reconciliation.csv,02_PERT_Raw_Data::PERT Reconciliation,50000,6,938945,7d62670a0cd415b4db5b1df31a7e65eb527b83cff49e214a1d058446ab93c97b,PASS
Parquet Dataset,02_PERT_Raw_Data__PERT_Reconciliation.parquet,outputs\Simulation_Data\Parquet\02_PERT_Raw_Data__PERT_Reconciliation.parquet,02_PERT_Raw_Data::PERT Reconciliation,50000,6,376346,503587b17a612b6dd0f944aa9b1cbad0591b0d3099dc2a74fde079cc0cd4020d,PASS
CSV Dataset,02_PERT_Raw_Data__PERT_Analytical_PMFs.csv,outputs\Simulation_Data\CSV\02_PERT_Raw_Data__PERT_Analytical_PMFs.csv,02_PERT_Raw_Data::PERT Analytical PMFs,125,4,4749,30ae53beaca83211f732fe4c1aa8fd9e7f74e56dce001f716254bafb17df90da,PASS
Parquet Dataset,02_PERT_Raw_Data__PERT_Analytical_PMFs.parquet,outputs\Simulation_Data\Parquet\02_PERT_Raw_Data__PERT_Analytical_PMFs.parquet,02_PERT_Raw_Data::PERT Analytical PMFs,125,4,3279,10cc2b7708e5a325765969e11936945112287e2abce49491441a2e332b771233,PASS
CSV Dataset,02_PERT_Raw_Data__PERT_Exact_Moments.csv,outputs\Simulation_Data\CSV\02_PERT_Raw_Data__PERT_Exact_Moments.csv,02_PERT_Raw_Data::PERT Exact Moments,7,7,613,dd5a9ead4a634a11774524d9e8b579749ca16945aeba401b52485e80720dd4d1,PASS
Parquet Dataset,02_PERT_Raw_Data__PERT_Exact_Moments.parquet,outputs\Simulation_Data\Parquet\02_PERT_Raw_Data__PERT_Exact_Moments.parquet,02_PERT_Raw_Data::PERT Exact Moments,7,7,2947,f23c2363ef63430573a74f7725b3c27645b2a8fe6d2160dc908b5c3bfec0867f,PASS
CSV Dataset,03_PERT_Analysis_Ready__Iteration_Matrix.csv,outputs\Simulation_Data\CSV\03_PERT_Analysis_Ready__Iteration_Matrix.csv,03_PERT_Analysis_Ready::Iteration Matrix,50000,8,1281454,57c612872df356743759a7473f1ac2ecaf8d20cd57b576b090b8e17354e53b8a,PASS
Parquet Dataset,03_PERT_Analysis_Ready__Iteration_Matrix.parquet,outputs\Simulation_Data\Parquet\03_PERT_Analysis_Ready__Iteration_Matrix.parquet,03_PERT_Analysis_Ready::Iteration Matrix,50000,8,470109,a68929093a14b469be6a1669d08a1393ffa737d587cdfd8291adc748614c6817,PASS
CSV Dataset,03_PERT_Analysis_Ready__Summary_Statistics.csv,outputs\Simulation_Data\CSV\03_PERT_Analysis_Ready__Summary_Statistics.csv,03_PERT_Analysis_Ready::Summary Statistics,7,16,871,c723ac15b55b0579948b13ec5ac402781b52782532a871fe5109bc31eaa35f56,PASS
Parquet Dataset,03_PERT_Analysis_Ready__Summary_Statistics.parquet,outputs\Simulation_Data\Parquet\03_PERT_Analysis_Ready__Summary_Statistics.parquet,03_PERT_Analysis_Ready::Summary Statistics,7,16,6700,e45152a9e013c992800c6c33bb3dc3863450d02aa0319aa055b1948564b929fa,PASS
CSV Dataset,03_PERT_Analysis_Ready__P1_P99.csv,outputs\Simulation_Data\CSV\03_PERT_Analysis_Ready__P1_P99.csv,03_PERT_Analysis_Ready::P1-P99,99,2,714,40f897832f1d0e4b1236dc355d1bcf2cfd7ffa5b3bc4711d91a51c7cfc59d0e9,PASS
Parquet Dataset,03_PERT_Analysis_Ready__P1_P99.parquet,outputs\Simulation_Data\Parquet\03_PERT_Analysis_Ready__P1_P99.parquet,03_PERT_Analysis_Ready::P1-P99,99,2,1698,8bef377bf4cd8c02ae8b17e686c90c1b65fec75dfa5b6fe1fe830e90b8fe6b1c,PASS
CSV Dataset,03_PERT_Analysis_Ready__ECDF.csv,outputs\Simulation_Data\CSV\03_PERT_Analysis_Ready__ECDF.csv,03_PERT_Analysis_Ready::ECDF,42,4,1387,1769adf667e2a29ee1cfc38a2d3b24af9221092ef771c83ef9c2aeb88541148c,PASS
Parquet Dataset,03_PERT_Analysis_Ready__ECDF.parquet,outputs\Simulation_Data\Parquet\03_PERT_Analysis_Ready__ECDF.parquet,03_PERT_Analysis_Ready::ECDF,42,4,2756,8d53f627ac5d729509ea551565231cce6af6d7c21fec40fc06f4f4a1e33e073c,PASS
CSV Dataset,03_PERT_Analysis_Ready__Histogram_Data.csv,outputs\Simulation_Data\CSV\03_PERT_Analysis_Ready__Histogram_Data.csv,03_PERT_Analysis_Ready::Histogram Data,42,3,1170,4433e8df6ddc34467aa04d6947cc1b3b3be18aca93d26484678e7f5f583cba9a,PASS
Parquet Dataset,03_PERT_Analysis_Ready__Histogram_Data.parquet,outputs\Simulation_Data\Parquet\03_PERT_Analysis_Ready__Histogram_Data.parquet,03_PERT_Analysis_Ready::Histogram Data,42,3,2084,72c63e041b72b71acbc406787e06fd5b5319581dbcea7a535549781a2c556b9c,PASS
CSV Dataset,03_PERT_Analysis_Ready__Activity_Statistics.csv,outputs\Simulation_Data\CSV\03_PERT_Analysis_Ready__Activity_Statistics.csv,03_PERT_Analysis_Ready::Activity Statistics,6,12,861,5336bc510994cb9d659e0b2398bddda13b5634ae282a2b01075483c4d375567e,PASS
Parquet Dataset,03_PERT_Analysis_Ready__Activity_Statistics.parquet,outputs\Simulation_Data\Parquet\03_PERT_Analysis_Ready__Activity_Statistics.parquet,03_PERT_Analysis_Ready::Activity Statistics,6,12,4846,2cb10306e9d97407043984458dfef6b7925e9f134320d6abeafc01a979cbd38e,PASS
CSV Dataset,03_PERT_Analysis_Ready__Correlation_Matrix.csv,outputs\Simulation_Data\CSV\03_PERT_Analysis_Ready__Correlation_Matrix.csv,03_PERT_Analysis_Ready::Correlation Matrix,7,8,1088,87a3b1a186c620a6137c3a90a11ee7535f09424c96d7ef8ccd3d5c6b81886247,PASS
Parquet Dataset,03_PERT_Analysis_Ready__Correlation_Matrix.parquet,outputs\Simulation_Data\Parquet\03_PERT_Analysis_Ready__Correlation_Matrix.parquet,03_PERT_Analysis_Ready::Correlation Matrix,7,8,3082,3c3a47e6f40389085ceed400099605b0ee3c4b42e4f8b431738329a9c2f52586,PASS
CSV Dataset,03_PERT_Analysis_Ready__Spearman_Sensitivity.csv,outputs\Simulation_Data\CSV\03_PERT_Analysis_Ready__Spearman_Sensitivity.csv,03_PERT_Analysis_Ready::Spearman Sensitivity,6,6,731,426b92c98be506f0727835218f838a227faf176208b276b46449cc9a00815a75,PASS
Parquet Dataset,03_PERT_Analysis_Ready__Spearman_Sensitivity.parquet,outputs\Simulation_Data\Parquet\03_PERT_Analysis_Ready__Spearman_Sensitivity.parquet,03_PERT_Analysis_Ready::Spearman Sensitivity,6,6,2903,bb8cb043641ffacc9c52dfc4fd2fd4d3cbd00673e70cb4ca78b568879dc1b238,PASS
CSV Dataset,03_PERT_Analysis_Ready__Regression_Matrix.csv,outputs\Simulation_Data\CSV\03_PERT_Analysis_Ready__Regression_Matrix.csv,03_PERT_Analysis_Ready::Regression Matrix,50000,15,7893179,2989914d9503ecf449c58eec16fb860c0698e2674165100c720a5b5498f7e6ab,PASS
Parquet Dataset,03_PERT_Analysis_Ready__Regression_Matrix.parquet,outputs\Simulation_Data\Parquet\03_PERT_Analysis_Ready__Regression_Matrix.parquet,03_PERT_Analysis_Ready::Regression Matrix,50000,15,3895712,85f4f85697267b112eb029e0cc50519612965162ebd4dab43dda3e49f929919a,PASS
CSV Dataset,03_PERT_Analysis_Ready__Convergence.csv,outputs\Simulation_Data\CSV\03_PERT_Analysis_Ready__Convergence.csv,03_PERT_Analysis_Ready::Convergence,100,8,6214,36a579ff9ed66a8ade7007363c39ba2ff2acd916d3619161ff576e3beb15cbb5,PASS
Parquet Dataset,03_PERT_Analysis_Ready__Convergence.parquet,outputs\Simulation_Data\Parquet\03_PERT_Analysis_Ready__Convergence.parquet,03_PERT_Analysis_Ready::Convergence,100,8,5658,2fcb0149b83f6eaf31515227425646bf871973fdad24e031b8f2ac298941e10a,PASS
CSV Dataset,03_PERT_Analysis_Ready__Analytical_Comparison.csv,outputs\Simulation_Data\CSV\03_PERT_Analysis_Ready__Analytical_Comparison.csv,03_PERT_Analysis_Ready::Analytical Comparison,1,7,207,d8e6abffa0889b24b57d16eacc57a1384def09dc992fdf25146f3674af063b9a,PASS
Parquet Dataset,03_PERT_Analysis_Ready__Analytical_Comparison.parquet,outputs\Simulation_Data\Parquet\03_PERT_Analysis_Ready__Analytical_Comparison.parquet,03_PERT_Analysis_Ready::Analytical Comparison,1,7,2640,c5b969bbed33e29c3967dbe0bea53e58e67213cd22432e863435bbe5e67490bc,PASS
CSV Dataset,03_PERT_Analysis_Ready__Data_Dictionary.csv,outputs\Simulation_Data\CSV\03_PERT_Analysis_Ready__Data_Dictionary.csv,03_PERT_Analysis_Ready::Data Dictionary,102,13,33046,5b61b7934dcd744d5a739f4ab085ab4029db366e1d7d7f81ea43231a4e87163b,PASS
Parquet Dataset,03_PERT_Analysis_Ready__Data_Dictionary.parquet,outputs\Simulation_Data\Parquet\03_PERT_Analysis_Ready__Data_Dictionary.parquet,03_PERT_Analysis_Ready::Data Dictionary,102,13,9312,759fe6ebf12b931262fa6cb826db75bf681e361935a270248352b910cc66065f,PASS
CSV Dataset,04_GERT_Iteration_Data__Iteration_Summary.csv,outputs\Simulation_Data\CSV\04_GERT_Iteration_Data__Iteration_Summary.csv,04_GERT_Iteration_Data::Iteration Summary,50000,37,10733368,e8cbd4b711bacce0b2d9b953c19f4e68ab751081966582e69156e18c0be0a906,PASS
Parquet Dataset,04_GERT_Iteration_Data__Iteration_Summary.parquet,outputs\Simulation_Data\Parquet\04_GERT_Iteration_Data__Iteration_Summary.parquet,04_GERT_Iteration_Data::Iteration Summary,50000,37,1257985,5e8ab7f850f6b3ce5c36de53dc5bb894bddd4749d77a5eda487ffdafb2e77732,PASS
CSV Dataset,04_GERT_Iteration_Data__Path_Register.csv,outputs\Simulation_Data\CSV\04_GERT_Iteration_Data__Path_Register.csv,04_GERT_Iteration_Data::Path Register,380,18,87335,e63f0e9803bde6a0de220b5aa159d9e5eec08bc18ba1480e57a862483d52dd90,PASS
Parquet Dataset,04_GERT_Iteration_Data__Path_Register.parquet,outputs\Simulation_Data\Parquet\04_GERT_Iteration_Data__Path_Register.parquet,04_GERT_Iteration_Data::Path Register,380,18,55500,7b2b7c3e8087cbb814022ad123dca1607ca41c75ab72fe7fbf89de0a505b54ee,PASS
CSV Dataset,04_GERT_Iteration_Data__Outcome_Summary.csv,outputs\Simulation_Data\CSV\04_GERT_Iteration_Data__Outcome_Summary.csv,04_GERT_Iteration_Data::Outcome Summary,4,5,268,523fd03d132d3ed2927c126a0c1840645354de91b40967c5815bedbc129ab79d,PASS
Parquet Dataset,04_GERT_Iteration_Data__Outcome_Summary.parquet,outputs\Simulation_Data\Parquet\04_GERT_Iteration_Data__Outcome_Summary.parquet,04_GERT_Iteration_Data::Outcome Summary,4,5,2030,6894d48233bdeb1b04567621fa5a58e7b363e00629354ffa6eb36fc26447ef1a,PASS
CSV Dataset,04_GERT_Iteration_Data__Successful_Iterations.csv,outputs\Simulation_Data\CSV\04_GERT_Iteration_Data__Successful_Iterations.csv,04_GERT_Iteration_Data::Successful Iterations,28871,37,6584998,1298d2954fb309d8bc9aa02566014772ba44e37786a68752ab67fa50d58f1605,PASS
Parquet Dataset,04_GERT_Iteration_Data__Successful_Iterations.parquet,outputs\Simulation_Data\Parquet\04_GERT_Iteration_Data__Successful_Iterations.parquet,04_GERT_Iteration_Data::Successful Iterations,28871,37,723162,f8ff70251352620e2fa4d9c489edfedd89ec245297293b27ca1ab7c74bb864da,PASS
CSV Dataset,04_GERT_Iteration_Data__Terminated_Iterations.csv,outputs\Simulation_Data\CSV\04_GERT_Iteration_Data__Terminated_Iterations.csv,04_GERT_Iteration_Data::Terminated Iterations,21129,37,4148896,fbde2e55b217e62690065012299fe7d414981cac019d3c00ab16b452f68b00b4,PASS
Parquet Dataset,04_GERT_Iteration_Data__Terminated_Iterations.parquet,outputs\Simulation_Data\Parquet\04_GERT_Iteration_Data__Terminated_Iterations.parquet,04_GERT_Iteration_Data::Terminated Iterations,21129,37,416999,314a0fd30e393e99f852a8887ec4abe420d7733b838d850c4044bd1dd35a3272,PASS
CSV Dataset,04_GERT_Iteration_Data__Invalid_Iterations.csv,outputs\Simulation_Data\CSV\04_GERT_Iteration_Data__Invalid_Iterations.csv,04_GERT_Iteration_Data::Invalid Iterations,1,4,115,f09260ecdf4c570d1445db71fc32db6e6dd9757dd195d9b29454c5aaa0df24ba,PASS
Parquet Dataset,04_GERT_Iteration_Data__Invalid_Iterations.parquet,outputs\Simulation_Data\Parquet\04_GERT_Iteration_Data__Invalid_Iterations.parquet,04_GERT_Iteration_Data::Invalid Iterations,1,4,2119,cbcafda63416d88d13baa08062da69edce45e9fbb1f0d570c664dea180200b0e,PASS
CSV Dataset,04_GERT_Iteration_Data__Data_Dictionary.csv,outputs\Simulation_Data\CSV\04_GERT_Iteration_Data__Data_Dictionary.csv,04_GERT_Iteration_Data::Data Dictionary,151,13,49809,a23a249a33ade4b5c1ccf7775bc4b7a2c24105b643c2b9b0466f14af293d2689,PASS
Parquet Dataset,04_GERT_Iteration_Data__Data_Dictionary.parquet,outputs\Simulation_Data\Parquet\04_GERT_Iteration_Data__Data_Dictionary.parquet,04_GERT_Iteration_Data::Data Dictionary,151,13,9391,df0dc08e57e33d7be21db87997e3adc3d0b39b15702ee53227c4807bdd334703,PASS
CSV Dataset,05_GERT_Traversal_Data__Traversals_Part_01.csv.gz,outputs\Simulation_Data\CSV\05_GERT_Traversal_Data__Traversals_Part_01.csv.gz,05_GERT_Traversal_Data::Traversals Part 01,113403,35,4484989,9b94096c20931865a5ac63c7844ca04da6792d4a4dc9468bfec8690d0e19c244,PASS
Parquet Dataset,05_GERT_Traversal_Data__Traversals_Part_01.parquet,outputs\Simulation_Data\Parquet\05_GERT_Traversal_Data__Traversals_Part_01.parquet,05_GERT_Traversal_Data::Traversals Part 01,113403,35,4563684,13b3d4df438ecd55ed1b87498b1ffeb82b998381d56c981c6654cda8461293bb,PASS
CSV Dataset,05_GERT_Traversal_Data__Traversals_Part_02.csv.gz,outputs\Simulation_Data\CSV\05_GERT_Traversal_Data__Traversals_Part_02.csv.gz,05_GERT_Traversal_Data::Traversals Part 02,113429,35,4487039,ac9fb02687fe84ca33aa01dcbf1bffbaffcf2026f82770c5bc72b482adc589d2,PASS
Parquet Dataset,05_GERT_Traversal_Data__Traversals_Part_02.parquet,outputs\Simulation_Data\Parquet\05_GERT_Traversal_Data__Traversals_Part_02.parquet,05_GERT_Traversal_Data::Traversals Part 02,113429,35,4556233,d080b2b53062fb4b6937ef67519fdfb347f50bc5942bda89436370a5655e81d0,PASS
CSV Dataset,05_GERT_Traversal_Data__Traversal_Data_Dictionary.csv,outputs\Simulation_Data\CSV\05_GERT_Traversal_Data__Traversal_Data_Dictionary.csv,05_GERT_Traversal_Data::Traversal Data Dictionary,83,13,27504,da1be0dd66549112f3c6306be50953ce5d4bd79a93fbba205324ff750f905a75,PASS
Parquet Dataset,05_GERT_Traversal_Data__Traversal_Data_Dictionary.parquet,outputs\Simulation_Data\Parquet\05_GERT_Traversal_Data__Traversal_Data_Dictionary.parquet,05_GERT_Traversal_Data::Traversal Data Dictionary,83,13,8644,f056f6d083c4d156c84f4dce1915bf3df92e6cf80b28f42511eeea6432e5df2a,PASS
CSV Dataset,06_GERT_Structure_Events__Node_Visits.csv.gz,outputs\Simulation_Data\CSV\06_GERT_Structure_Events__Node_Visits.csv.gz,06_GERT_Structure_Events::Node Visits,276832,10,925162,2a8c4ad5b7fa395c6840b658332c82b98cc47863898efed4c5dc1cb9c7f3ae31,PASS
Parquet Dataset,06_GERT_Structure_Events__Node_Visits.parquet,outputs\Simulation_Data\Parquet\06_GERT_Structure_Events__Node_Visits.parquet,06_GERT_Structure_Events::Node Visits,276832,10,958500,ed176c991035343f78c115385589d05f990842b9954877775b93760657e2ae8c,PASS
CSV Dataset,06_GERT_Structure_Events__Arc_Activations.csv.gz,outputs\Simulation_Data\CSV\06_GERT_Structure_Events__Arc_Activations.csv.gz,06_GERT_Structure_Events::Arc Activations,223606,8,2619765,0192032c6b76442ae40b155e8e61bea65d027516c7fe7f8cf91974efd975128c,PASS
Parquet Dataset,06_GERT_Structure_Events__Arc_Activations.parquet,outputs\Simulation_Data\Parquet\06_GERT_Structure_Events__Arc_Activations.parquet,06_GERT_Structure_Events::Arc Activations,223606,8,2598154,87a4050a58d94f4943f519ca140c2b2bdabf6438a419288233bf58b1888112f7,PASS
CSV Dataset,06_GERT_Structure_Events__Arc_Traversal_Counts.csv,outputs\Simulation_Data\CSV\06_GERT_Structure_Events__Arc_Traversal_Counts.csv,06_GERT_Structure_Events::Arc Traversal Counts,30,5,1419,d488fbe6bf3ec521894705c74fd48b4d5f40442146f23c8b562131fd5d7642ad,PASS
Parquet Dataset,06_GERT_Structure_Events__Arc_Traversal_Counts.parquet,outputs\Simulation_Data\Parquet\06_GERT_Structure_Events__Arc_Traversal_Counts.parquet,06_GERT_Structure_Events::Arc Traversal Counts,30,5,2916,41ccfc5fbd21e2415bf6eaf3531c227cef34ebccba15c54a8c90df4b01b7cba5,PASS
CSV Dataset,06_GERT_Structure_Events__Arc_Duration_Records.csv.gz,outputs\Simulation_Data\CSV\06_GERT_Structure_Events__Arc_Duration_Records.csv.gz,06_GERT_Structure_Events::Arc Duration Records,226832,12,4458379,43e4a3bbb32ae3303424f9bdaaa7ba2fd288ad4cadbfe171b347a99809f32bf3,PASS
Parquet Dataset,06_GERT_Structure_Events__Arc_Duration_Records.parquet,outputs\Simulation_Data\Parquet\06_GERT_Structure_Events__Arc_Duration_Records.parquet,06_GERT_Structure_Events::Arc Duration Records,226832,12,4621852,c38fe0ee22b153b7a421d78d7bdef49808c3c3b1d158a296bb0945290ef7dc04,PASS
CSV Dataset,06_GERT_Structure_Events__Loop_Events.csv,outputs\Simulation_Data\CSV\06_GERT_Structure_Events__Loop_Events.csv,06_GERT_Structure_Events::Loop Events,6082,13,377111,67d8b09554ab5a3befe33bff01e6fc97dfd13479c19301b96f5c8b2b3d828193,PASS
Parquet Dataset,06_GERT_Structure_Events__Loop_Events.parquet,outputs\Simulation_Data\Parquet\06_GERT_Structure_Events__Loop_Events.parquet,06_GERT_Structure_Events::Loop Events,6082,13,115427,b3d946ad9819f62108f3789c8cb1636aa4afe7aef2ff6a2e24d5f1380dcab253,PASS
CSV Dataset,06_GERT_Structure_Events__Loop_Counts_by_Iteration.csv,outputs\Simulation_Data\CSV\06_GERT_Structure_Events__Loop_Counts_by_Iteration.csv,06_GERT_Structure_Events::Loop Counts by Iteration,50000,13,1489032,de9759f71e069c784746296ac77d9fb07e52afccebba5a3da3f32194dcc10737,PASS
Parquet Dataset,06_GERT_Structure_Events__Loop_Counts_by_Iteration.parquet,outputs\Simulation_Data\Parquet\06_GERT_Structure_Events__Loop_Counts_by_Iteration.parquet,06_GERT_Structure_Events::Loop Counts by Iteration,50000,13,338869,f17b94a34a2819e83654fb38599af996882a4ccf019b47baff005b1442be6e02,PASS
CSV Dataset,06_GERT_Structure_Events__Cap_Events.csv,outputs\Simulation_Data\CSV\06_GERT_Structure_Events__Cap_Events.csv,06_GERT_Structure_Events::Cap Events,147,7,4608,cd923a7d9223de4b447172c18eab9ea150b8fb614c3955ae216aa4f4b3c72e8e,PASS
Parquet Dataset,06_GERT_Structure_Events__Cap_Events.parquet,outputs\Simulation_Data\Parquet\06_GERT_Structure_Events__Cap_Events.parquet,06_GERT_Structure_Events::Cap Events,147,7,4223,c766ab84cc74e4db3e4a660a89a39baf6fd51ec24a19260848b950d43650aebd,PASS
CSV Dataset,06_GERT_Structure_Events__Renormalisation_Events.csv,outputs\Simulation_Data\CSV\06_GERT_Structure_Events__Renormalisation_Events.csv,06_GERT_Structure_Events::Renormalisation Events,138,13,43331,4911cb073727c0f3fbb1742276913d3814e0e3bca818772b8f749a0c938b213c,PASS
Parquet Dataset,06_GERT_Structure_Events__Renormalisation_Events.parquet,outputs\Simulation_Data\Parquet\06_GERT_Structure_Events__Renormalisation_Events.parquet,06_GERT_Structure_Events::Renormalisation Events,138,13,9132,e305a6ee3ec296fadcc12a51e3ce19e2d4a74b774e67d09b142fd3156b535f38,PASS
CSV Dataset,06_GERT_Structure_Events__Dispute_Visits.csv,outputs\Simulation_Data\CSV\06_GERT_Structure_Events__Dispute_Visits.csv,06_GERT_Structure_Events::Dispute Visits,1188,8,39020,85ec65a31b7b04f0a84d83306ed42b30ba84683f071fad26e75546f9959bd017,PASS
Parquet Dataset,06_GERT_Structure_Events__Dispute_Visits.parquet,outputs\Simulation_Data\Parquet\06_GERT_Structure_Events__Dispute_Visits.parquet,06_GERT_Structure_Events::Dispute Visits,1188,8,14130,0199df6bcc86c3d6846db11f713d43aa2fc845b4818622fa161be182ab56ac19,PASS
CSV Dataset,06_GERT_Structure_Events__Transition_Counts.csv,outputs\Simulation_Data\CSV\06_GERT_Structure_Events__Transition_Counts.csv,06_GERT_Structure_Events::Transition Counts,18,3,491,75052021b95c568515f47bafde9b9f84f61b3d068c657f1f616856d5ee7e0961,PASS
Parquet Dataset,06_GERT_Structure_Events__Transition_Counts.parquet,outputs\Simulation_Data\Parquet\06_GERT_Structure_Events__Transition_Counts.parquet,06_GERT_Structure_Events::Transition Counts,18,3,1643,925c0e0970f0031adc05c619705bd1f37c2351ecf04305c3d7f66b2eb4b4ff74,PASS
CSV Dataset,06_GERT_Structure_Events__Data_Dictionary.csv,outputs\Simulation_Data\CSV\06_GERT_Structure_Events__Data_Dictionary.csv,06_GERT_Structure_Events::Data Dictionary,105,13,34683,29380a21fee0cd8900dd368b65e45e2a71447603e32804c417fee4defdd9ef33,PASS
Parquet Dataset,06_GERT_Structure_Events__Data_Dictionary.parquet,outputs\Simulation_Data\Parquet\06_GERT_Structure_Events__Data_Dictionary.parquet,06_GERT_Structure_Events::Data Dictionary,105,13,9668,1aa63e6e01fc8dc154b1defc2fa8576b2f1e979eac847757b6c59f192da50cda,PASS
CSV Dataset,07_GERT_Analysis_Ready__Iteration_Feature_Matrix.csv,outputs\Simulation_Data\CSV\07_GERT_Analysis_Ready__Iteration_Feature_Matrix.csv,07_GERT_Analysis_Ready::Iteration Feature Matrix,50000,138,14615064,f132be8664f06caa453e8be5305b18d02084bcba1efd585769ae537bc2d8961f,PASS
Parquet Dataset,07_GERT_Analysis_Ready__Iteration_Feature_Matrix.parquet,outputs\Simulation_Data\Parquet\07_GERT_Analysis_Ready__Iteration_Feature_Matrix.parquet,07_GERT_Analysis_Ready::Iteration Feature Matrix,50000,138,1211212,87cddcf77fc3cc0b2414ed47a42c1c377b93bbfa4c8a6e6ca1016a2955ad4ce8,PASS
CSV Dataset,07_GERT_Analysis_Ready__Arc_Activation_Matrix.csv,outputs\Simulation_Data\CSV\07_GERT_Analysis_Ready__Arc_Activation_Matrix.csv,07_GERT_Analysis_Ready::Arc Activation Matrix,50000,30,3189313,31f25eb49969d895f9956c355b7f4f1b237d648b98dcbc840a8e4db5a38dd01e,PASS
Parquet Dataset,07_GERT_Analysis_Ready__Arc_Activation_Matrix.parquet,outputs\Simulation_Data\Parquet\07_GERT_Analysis_Ready__Arc_Activation_Matrix.parquet,07_GERT_Analysis_Ready::Arc Activation Matrix,50000,30,393540,b1eec1e35400b317c66909a9f8a1ebe504df9aa3d264ad002f5aff70cd663af7,PASS
CSV Dataset,07_GERT_Analysis_Ready__Arc_Traversal_Matrix.csv,outputs\Simulation_Data\CSV\07_GERT_Analysis_Ready__Arc_Traversal_Matrix.csv,07_GERT_Analysis_Ready::Arc Traversal Matrix,50000,30,3189342,214f5391917fffdd3b84a34a0beeedc077d4d65685d3563d6b62c1543ab9a468,PASS
Parquet Dataset,07_GERT_Analysis_Ready__Arc_Traversal_Matrix.parquet,outputs\Simulation_Data\Parquet\07_GERT_Analysis_Ready__Arc_Traversal_Matrix.parquet,07_GERT_Analysis_Ready::Arc Traversal Matrix,50000,30,461383,f00a240a44d8a25f56bf70cf34d493f5397a17a7991f3c8187e8a5308d6c130b,PASS
CSV Dataset,07_GERT_Analysis_Ready__Arc_Duration_Matrix.csv,outputs\Simulation_Data\CSV\07_GERT_Analysis_Ready__Arc_Duration_Matrix.csv,07_GERT_Analysis_Ready::Arc Duration Matrix,50000,30,3303686,eca4dad511d05e935295b3b6993d1e1b520dd913a604d791ff13e6b7d4c168e8,PASS
Parquet Dataset,07_GERT_Analysis_Ready__Arc_Duration_Matrix.parquet,outputs\Simulation_Data\Parquet\07_GERT_Analysis_Ready__Arc_Duration_Matrix.parquet,07_GERT_Analysis_Ready::Arc Duration Matrix,50000,30,561555,a5d2f59b7ba92eaefa47e986751417ee81579651e09d69b7517cc18510947cb2,PASS
CSV Dataset,07_GERT_Analysis_Ready__Node_Visit_Matrix.csv,outputs\Simulation_Data\CSV\07_GERT_Analysis_Ready__Node_Visit_Matrix.csv,07_GERT_Analysis_Ready::Node Visit Matrix,50000,21,2289117,1e7528d3376216fddab3e9fb2c187bbfd047110e371430a1550a636db2f824a7,PASS
Parquet Dataset,07_GERT_Analysis_Ready__Node_Visit_Matrix.parquet,outputs\Simulation_Data\Parquet\07_GERT_Analysis_Ready__Node_Visit_Matrix.parquet,07_GERT_Analysis_Ready::Node Visit Matrix,50000,21,455681,9d6c3d2ed71b864542a833983e98c24d5c94f10f873a31632122c4ffc6f1bd44,PASS
CSV Dataset,07_GERT_Analysis_Ready__Loop_Count_Matrix.csv,outputs\Simulation_Data\CSV\07_GERT_Analysis_Ready__Loop_Count_Matrix.csv,07_GERT_Analysis_Ready::Loop Count Matrix,50000,21,2289197,d321bde31f44cc2e9181e731d05065ac652e621d18ab5375eead34e447efe3a7,PASS
Parquet Dataset,07_GERT_Analysis_Ready__Loop_Count_Matrix.parquet,outputs\Simulation_Data\Parquet\07_GERT_Analysis_Ready__Loop_Count_Matrix.parquet,07_GERT_Analysis_Ready::Loop Count Matrix,50000,21,344360,e0b6c390b3aabd8823ecf5a5ed9444daa48acfd07ca16a865c83f5a5eac1e4fd,PASS
CSV Dataset,07_GERT_Analysis_Ready__Outcome_Matrix.csv,outputs\Simulation_Data\CSV\07_GERT_Analysis_Ready__Outcome_Matrix.csv,07_GERT_Analysis_Ready::Outcome Matrix,50000,8,1544848,653c4ab5c6e61677cd60eed64be3230f38a91661588f0f33ed7017959a46570d,PASS
Parquet Dataset,07_GERT_Analysis_Ready__Outcome_Matrix.parquet,outputs\Simulation_Data\Parquet\07_GERT_Analysis_Ready__Outcome_Matrix.parquet,07_GERT_Analysis_Ready::Outcome Matrix,50000,8,406922,0055da95801ed59e2bf403f06e51832a9af4df666a54e1f67b2b6b2d60bf80b9,PASS
CSV Dataset,07_GERT_Analysis_Ready__Path_Metrics.csv,outputs\Simulation_Data\CSV\07_GERT_Analysis_Ready__Path_Metrics.csv,07_GERT_Analysis_Ready::Path Metrics,380,18,87335,e63f0e9803bde6a0de220b5aa159d9e5eec08bc18ba1480e57a862483d52dd90,PASS
Parquet Dataset,07_GERT_Analysis_Ready__Path_Metrics.parquet,outputs\Simulation_Data\Parquet\07_GERT_Analysis_Ready__Path_Metrics.parquet,07_GERT_Analysis_Ready::Path Metrics,380,18,55500,7b2b7c3e8087cbb814022ad123dca1607ca41c75ab72fe7fbf89de0a505b54ee,PASS
CSV Dataset,07_GERT_Analysis_Ready__Summary_Statistics.csv,outputs\Simulation_Data\CSV\07_GERT_Analysis_Ready__Summary_Statistics.csv,07_GERT_Analysis_Ready::Summary Statistics,4,16,577,4118b11b48d932e50d24bfb4c2cbad54c9e1273551f3800682dc6b3cebf99704,PASS
Parquet Dataset,07_GERT_Analysis_Ready__Summary_Statistics.parquet,outputs\Simulation_Data\Parquet\07_GERT_Analysis_Ready__Summary_Statistics.parquet,07_GERT_Analysis_Ready::Summary Statistics,4,16,6571,1a68f850a566a2115e0442b223cff86a4ef211be706e373d0c7d6b3bf5f142f1,PASS
CSV Dataset,07_GERT_Analysis_Ready__P1_P99_by_Outcome.csv,outputs\Simulation_Data\CSV\07_GERT_Analysis_Ready__P1_P99_by_Outcome.csv,07_GERT_Analysis_Ready::P1-P99 by Outcome,198,3,3378,b4885f867a3222ab3a98addece9fed0d60dba754ef7bfd1d5706caea516c8ba4,PASS
Parquet Dataset,07_GERT_Analysis_Ready__P1_P99_by_Outcome.parquet,outputs\Simulation_Data\Parquet\07_GERT_Analysis_Ready__P1_P99_by_Outcome.parquet,07_GERT_Analysis_Ready::P1-P99 by Outcome,198,3,2324,b088c163a4db7fb39004bfbe705d5e3a5ead1bd62ebc4bec168eaa62e971307a,PASS
CSV Dataset,07_GERT_Analysis_Ready__ECDF_Data.csv,outputs\Simulation_Data\CSV\07_GERT_Analysis_Ready__ECDF_Data.csv,07_GERT_Analysis_Ready::ECDF Data,301,5,13033,88cdb3e7f5704cd0ad89a97a8e3615b0c57081efa51dd2223e5e3f5c7223a2d4,PASS
Parquet Dataset,07_GERT_Analysis_Ready__ECDF_Data.parquet,outputs\Simulation_Data\Parquet\07_GERT_Analysis_Ready__ECDF_Data.parquet,07_GERT_Analysis_Ready::ECDF Data,301,5,8602,4cb730aa4779e73e2637c7ca087dc9e74dafe0c89085990c91ab944a7afde323,PASS
CSV Dataset,07_GERT_Analysis_Ready__Histogram_Data.csv,outputs\Simulation_Data\CSV\07_GERT_Analysis_Ready__Histogram_Data.csv,07_GERT_Analysis_Ready::Histogram Data,301,4,12072,6c0b88dfa1f051e88e2dc603d5c99085c740ed47efbb47d7fdd74d887b4fd706,PASS
Parquet Dataset,07_GERT_Analysis_Ready__Histogram_Data.parquet,outputs\Simulation_Data\Parquet\07_GERT_Analysis_Ready__Histogram_Data.parquet,07_GERT_Analysis_Ready::Histogram Data,301,4,4896,7544d10893877e7a8fec0f8a3f78b1eabb15cf09e245d9da761946ccb28147b6,PASS
CSV Dataset,07_GERT_Analysis_Ready__Correlation_Register.csv,outputs\Simulation_Data\CSV\07_GERT_Analysis_Ready__Correlation_Register.csv,07_GERT_Analysis_Ready::Correlation Register,260,7,31250,06891042f46d487fe3b5fd88c613c27071d4ceb10db906ac6caa9e34a51e1bc3,PASS
Parquet Dataset,07_GERT_Analysis_Ready__Correlation_Register.parquet,outputs\Simulation_Data\Parquet\07_GERT_Analysis_Ready__Correlation_Register.parquet,07_GERT_Analysis_Ready::Correlation Register,260,7,7290,fdd78fa6790bc536d7c2881ab5683bf5f3b06fe0d6ce0cab20985d8ad7946399,PASS
CSV Dataset,07_GERT_Analysis_Ready__Data_Dictionary.csv,outputs\Simulation_Data\CSV\07_GERT_Analysis_Ready__Data_Dictionary.csv,07_GERT_Analysis_Ready::Data Dictionary,344,13,121723,53246a8892f4e9d42a050cdf3091462f6d2fe3dca708901e858bfddd6d48c80f,PASS
Parquet Dataset,07_GERT_Analysis_Ready__Data_Dictionary.parquet,outputs\Simulation_Data\Parquet\07_GERT_Analysis_Ready__Data_Dictionary.parquet,07_GERT_Analysis_Ready::Data Dictionary,344,13,11507,dbe5850929c5c44e76849a1710e02cfe1d14abc0e2d3a146fcc11011967a71aa,PASS
CSV Dataset,08_Exact_Verification__State_Space_Summary.csv,outputs\Simulation_Data\CSV\08_Exact_Verification__State_Space_Summary.csv,08_Exact_Verification::State Space Summary,7,3,466,f702f45d2c56d936a2096ac233433b01231f918e81b919e49cb52f497deb2502,PASS
Parquet Dataset,08_Exact_Verification__State_Space_Summary.parquet,outputs\Simulation_Data\Parquet\08_Exact_Verification__State_Space_Summary.parquet,08_Exact_Verification::State Space Summary,7,3,1943,dff540e0dad127ef142f0b86c95dfd3b8e4e7a891f77404d3469a9acbd737ec0,PASS
CSV Dataset,08_Exact_Verification__Solver_Diagnostics.csv,outputs\Simulation_Data\CSV\08_Exact_Verification__Solver_Diagnostics.csv,08_Exact_Verification::Solver Diagnostics,3,5,231,0c6c7c687b8dc7e7ea45a3dd995c98c893dcc0c6c8e1dff32308bf30c95961bd,PASS
Parquet Dataset,08_Exact_Verification__Solver_Diagnostics.parquet,outputs\Simulation_Data\Parquet\08_Exact_Verification__Solver_Diagnostics.parquet,08_Exact_Verification::Solver Diagnostics,3,5,2221,da39df643116c55c955313a6289e897759a99b0bbdb8432e53a6ab11d6235e53,PASS
CSV Dataset,08_Exact_Verification__Exact_Outcomes.csv,outputs\Simulation_Data\CSV\08_Exact_Verification__Exact_Outcomes.csv,08_Exact_Verification::Exact Outcomes,3,2,124,82c7d57859e418800a146b35175a8f3e8dc7674a23dddb4c2ca568b7bfabb46c,PASS
Parquet Dataset,08_Exact_Verification__Exact_Outcomes.parquet,outputs\Simulation_Data\Parquet\08_Exact_Verification__Exact_Outcomes.parquet,08_Exact_Verification::Exact Outcomes,3,2,957,c3554d84107dd750d32301492b2f43c0afaa306f248cc0ee1802d3e4efe28777,PASS
CSV Dataset,08_Exact_Verification__Exact_Duration_Metrics.csv,outputs\Simulation_Data\CSV\08_Exact_Verification__Exact_Duration_Metrics.csv,08_Exact_Verification::Exact Duration Metrics,3,2,176,66f0164a8d7770bd7c615e0bb89ae8eda46bee8f551744af7476e1dd9d557c96,PASS
Parquet Dataset,08_Exact_Verification__Exact_Duration_Metrics.parquet,outputs\Simulation_Data\Parquet\08_Exact_Verification__Exact_Duration_Metrics.parquet,08_Exact_Verification::Exact Duration Metrics,3,2,1086,b366d4c871c1e876aba2e8e79698e892dcd7b14fedc24f20d8ac22702e76b983,PASS
CSV Dataset,08_Exact_Verification__Exact_Transition_Metrics.csv,outputs\Simulation_Data\CSV\08_Exact_Verification__Exact_Transition_Metrics.csv,08_Exact_Verification::Exact Transition Metrics,1,2,78,fde13b6aaa7801ecee84143a234f3da659f75979444a987d92341cfbbb378bd0,PASS
Parquet Dataset,08_Exact_Verification__Exact_Transition_Metrics.parquet,outputs\Simulation_Data\Parquet\08_Exact_Verification__Exact_Transition_Metrics.parquet,08_Exact_Verification::Exact Transition Metrics,1,2,1068,c63a1e11befb247c116ef9d14dce8d05414bd177dc572d6ec0c9ccd00709c7a5,PASS
CSV Dataset,08_Exact_Verification__Exact_Dispute_Metrics.csv,outputs\Simulation_Data\CSV\08_Exact_Verification__Exact_Dispute_Metrics.csv,08_Exact_Verification::Exact Dispute Metrics,2,2,117,99734fd02e78e73a412a95a3acb9e694bccf42e26b271ecd3321e4c9105d3a66,PASS
Parquet Dataset,08_Exact_Verification__Exact_Dispute_Metrics.parquet,outputs\Simulation_Data\Parquet\08_Exact_Verification__Exact_Dispute_Metrics.parquet,08_Exact_Verification::Exact Dispute Metrics,2,2,1027,9136a43a119e656b89fb107308e1c32482f5a9a649ad9f24643ac032617ef855,PASS
CSV Dataset,08_Exact_Verification__Exact_Loop_Activation.csv,outputs\Simulation_Data\CSV\08_Exact_Verification__Exact_Loop_Activation.csv,08_Exact_Verification::Exact Loop Activation,10,3,444,bce05ca6b6c66eafd12b0758957c9cb8ed3b60247819eb196a614eda127cbb6e,PASS
Parquet Dataset,08_Exact_Verification__Exact_Loop_Activation.parquet,outputs\Simulation_Data\Parquet\08_Exact_Verification__Exact_Loop_Activation.parquet,08_Exact_Verification::Exact Loop Activation,10,3,1479,36d0cf028daafa1474d4874841b5fc2ac77523ef6e156b50b485d8f15f9ea4f8,PASS
CSV Dataset,08_Exact_Verification__Exact_Cap_Probabilities.csv,outputs\Simulation_Data\CSV\08_Exact_Verification__Exact_Cap_Probabilities.csv,08_Exact_Verification::Exact Cap Probabilities,10,3,534,d08dd7af6f48147a27ce096c35b8cf58e74f947056995c0d9ba0233a3a99c1e6,PASS
Parquet Dataset,08_Exact_Verification__Exact_Cap_Probabilities.parquet,outputs\Simulation_Data\Parquet\08_Exact_Verification__Exact_Cap_Probabilities.parquet,08_Exact_Verification::Exact Cap Probabilities,10,3,1413,481b1d5a4a87eed7e943373ec4a118126baaeeb5235de490ddb40d703e63c70d,PASS
CSV Dataset,08_Exact_Verification__Monte_Carlo_Comparison.csv,outputs\Simulation_Data\CSV\08_Exact_Verification__Monte_Carlo_Comparison.csv,08_Exact_Verification::Monte Carlo Comparison,28,10,5705,06747557a69aa27c7a7dd39ab65b09e2945869e78cd76438656393b48e04bb35,PASS
Parquet Dataset,08_Exact_Verification__Monte_Carlo_Comparison.parquet,outputs\Simulation_Data\Parquet\08_Exact_Verification__Monte_Carlo_Comparison.parquet,08_Exact_Verification::Monte Carlo Comparison,28,10,5772,a175b567a1ce686dc25675ab62b0588edfcc898d29f1c41d5fa05307d7b1b176,PASS
CSV Dataset,08_Exact_Verification__Acceptance_Limits.csv,outputs\Simulation_Data\CSV\08_Exact_Verification__Acceptance_Limits.csv,08_Exact_Verification::Acceptance Limits,28,10,5705,06747557a69aa27c7a7dd39ab65b09e2945869e78cd76438656393b48e04bb35,PASS
Parquet Dataset,08_Exact_Verification__Acceptance_Limits.parquet,outputs\Simulation_Data\Parquet\08_Exact_Verification__Acceptance_Limits.parquet,08_Exact_Verification::Acceptance Limits,28,10,5772,a175b567a1ce686dc25675ab62b0588edfcc898d29f1c41d5fa05307d7b1b176,PASS
CSV Dataset,08_Exact_Verification__Residual_Diagnostics.csv,outputs\Simulation_Data\CSV\08_Exact_Verification__Residual_Diagnostics.csv,08_Exact_Verification::Residual Diagnostics,3,4,370,de13313d3f43263ef4cc38b416b5fd9b1087cfcc8a881d6306ee50d5495b051e,PASS
Parquet Dataset,08_Exact_Verification__Residual_Diagnostics.parquet,outputs\Simulation_Data\Parquet\08_Exact_Verification__Residual_Diagnostics.parquet,08_Exact_Verification::Residual Diagnostics,3,4,2155,fdb840e672095741444d99faa2f06267c8fb7e57d9be1496b8ce1cf25da35d59,PASS
CSV Dataset,08_Exact_Verification__Data_Dictionary.csv,outputs\Simulation_Data\CSV\08_Exact_Verification__Data_Dictionary.csv,08_Exact_Verification::Data Dictionary,59,13,19232,306da60981bf5a2233886c84c5ba9c2582deff708506589cd1cadcab84a946d3,PASS
Parquet Dataset,08_Exact_Verification__Data_Dictionary.parquet,outputs\Simulation_Data\Parquet\08_Exact_Verification__Data_Dictionary.parquet,08_Exact_Verification::Data Dictionary,59,13,8687,769527bddd51a8112d6697caa5c8eac6f0e3f83425fd3eb15d4443fb1099d925,PASS
CSV Dataset,09_Convergence_Data__PERT_Checkpoints.csv,outputs\Simulation_Data\CSV\09_Convergence_Data__PERT_Checkpoints.csv,09_Convergence_Data::PERT Checkpoints,100,8,6214,36a579ff9ed66a8ade7007363c39ba2ff2acd916d3619161ff576e3beb15cbb5,PASS
Parquet Dataset,09_Convergence_Data__PERT_Checkpoints.parquet,outputs\Simulation_Data\Parquet\09_Convergence_Data__PERT_Checkpoints.parquet,09_Convergence_Data::PERT Checkpoints,100,8,5658,2fcb0149b83f6eaf31515227425646bf871973fdad24e031b8f2ac298941e10a,PASS
CSV Dataset,09_Convergence_Data__GERT_Outcome_Checkpoints.csv,outputs\Simulation_Data\CSV\09_Convergence_Data__GERT_Outcome_Checkpoints.csv,09_Convergence_Data::GERT Outcome Checkpoints,100,3,4558,4dd7f5be776e483593b0601b921c53d4aa3123be1b77874ba6b017335cd9077f,PASS
Parquet Dataset,09_Convergence_Data__GERT_Outcome_Checkpoints.parquet,outputs\Simulation_Data\Parquet\09_Convergence_Data__GERT_Outcome_Checkpoints.parquet,09_Convergence_Data::GERT Outcome Checkpoints,100,3,3679,8643f268a4b8185ef2dcf40add93ec76bcd05e818e3c1d62c33276d7e90ae720,PASS
CSV Dataset,09_Convergence_Data__GERT_Duration_Checkpoints.csv,outputs\Simulation_Data\CSV\09_Convergence_Data__GERT_Duration_Checkpoints.csv,09_Convergence_Data::GERT Duration Checkpoints,100,14,9543,a3fc17bf9823102ed21891c11b84bcbb616ee05a2cd4a4bed009e0d0126fe9ff,PASS
Parquet Dataset,09_Convergence_Data__GERT_Duration_Checkpoints.parquet,outputs\Simulation_Data\Parquet\09_Convergence_Data__GERT_Duration_Checkpoints.parquet,09_Convergence_Data::GERT Duration Checkpoints,100,14,9549,8bcf684fe1f36f0ce5a0fc5b40b629909f850b90ab5c520b61dd3ee434accc69,PASS
CSV Dataset,09_Convergence_Data__Loop_Checkpoints.csv,outputs\Simulation_Data\CSV\09_Convergence_Data__Loop_Checkpoints.csv,09_Convergence_Data::Loop Checkpoints,1000,3,30294,b7c9fa6c54e48ac0a3a9198b6dae740e4598f1138b1c6e41028447239807ac8c,PASS
Parquet Dataset,09_Convergence_Data__Loop_Checkpoints.parquet,outputs\Simulation_Data\Parquet\09_Convergence_Data__Loop_Checkpoints.parquet,09_Convergence_Data::Loop Checkpoints,1000,3,9817,a220e875226d51f519ac6f80822fa4751d1e311b0b848852dd9b1699d2fff36b,PASS
CSV Dataset,09_Convergence_Data__Cap_Checkpoints.csv,outputs\Simulation_Data\CSV\09_Convergence_Data__Cap_Checkpoints.csv,09_Convergence_Data::Cap Checkpoints,1000,3,26456,bcf05e18b57957b9209c59f9605ec878fd990b225c5c0da17fa40ff78a8b40e8,PASS
Parquet Dataset,09_Convergence_Data__Cap_Checkpoints.parquet,outputs\Simulation_Data\Parquet\09_Convergence_Data__Cap_Checkpoints.parquet,09_Convergence_Data::Cap Checkpoints,1000,3,6248,1857990ee25baeba43067c12e4e730f97946e0149830aad8f9157841e1fb8a4d,PASS
CSV Dataset,09_Convergence_Data__Dispute_Checkpoints.csv,outputs\Simulation_Data\CSV\09_Convergence_Data__Dispute_Checkpoints.csv,09_Convergence_Data::Dispute Checkpoints,100,2,2501,09348a165266a29082bd1cbd174dd349dcd570f0676492bbe373e59780172753,PASS
Parquet Dataset,09_Convergence_Data__Dispute_Checkpoints.parquet,outputs\Simulation_Data\Parquet\09_Convergence_Data__Dispute_Checkpoints.parquet,09_Convergence_Data::Dispute Checkpoints,100,2,2346,222ccacea3f5b9aa454f6709298ef99e6922ef9f238f35f5b4134f9d9b695bef,PASS
CSV Dataset,09_Convergence_Data__Stability_Tests.csv,outputs\Simulation_Data\CSV\09_Convergence_Data__Stability_Tests.csv,09_Convergence_Data::Stability Tests,198,5,9339,ad73d573d325e8e558f323c083bff97f1bbf80514188657e3b4cf89fc42aa1ab,PASS
Parquet Dataset,09_Convergence_Data__Stability_Tests.parquet,outputs\Simulation_Data\Parquet\09_Convergence_Data__Stability_Tests.parquet,09_Convergence_Data::Stability Tests,198,5,5103,29a97212977a16e0d7263163a6868ec58792f9425b3ccdf773b34d579581421f,PASS
CSV Dataset,09_Convergence_Data__Final_Status.csv,outputs\Simulation_Data\CSV\09_Convergence_Data__Final_Status.csv,09_Convergence_Data::Final Status,2,4,103,15dd8d8f8e49a1dc02e923d905b1d9c8c6461445abfb7325c1aa60bc4d58c633,PASS
Parquet Dataset,09_Convergence_Data__Final_Status.parquet,outputs\Simulation_Data\Parquet\09_Convergence_Data__Final_Status.parquet,09_Convergence_Data::Final Status,2,4,1581,7cb20b1e62853d822f3588600573873863e156749ba8d6b449c6d969ef685482,PASS
CSV Dataset,09_Convergence_Data__Data_Dictionary.csv,outputs\Simulation_Data\CSV\09_Convergence_Data__Data_Dictionary.csv,09_Convergence_Data::Data Dictionary,55,13,18459,3fb22a25a59ca9d1ddd85f956ea35f58c7a11537f34e37589c3ebfe9cfd6495f,PASS
Parquet Dataset,09_Convergence_Data__Data_Dictionary.parquet,outputs\Simulation_Data\Parquet\09_Convergence_Data__Data_Dictionary.parquet,09_Convergence_Data::Data Dictionary,55,13,8404,6ae26ec9ccb3526222914afa29eec797bd374cb5b6ed5be40068b58aa015b415,PASS
CSV Dataset,10_Sensitivity_Ready_Data__Sensitivity_Overview.csv,outputs\Simulation_Data\CSV\10_Sensitivity_Ready_Data__Sensitivity_Overview.csv,10_Sensitivity_Ready_Data::Sensitivity Overview,4,2,519,8e1b10b5bc93ef5801ac36bc7134f9940d6cb849859927c553252c8d2d2060bf,PASS
Parquet Dataset,10_Sensitivity_Ready_Data__Sensitivity_Overview.parquet,outputs\Simulation_Data\Parquet\10_Sensitivity_Ready_Data__Sensitivity_Overview.parquet,10_Sensitivity_Ready_Data::Sensitivity Overview,4,2,1690,f1f352759a1fc2311f31f1eed7408802149a16914b8e111ca29dca89658a2f2a,PASS
CSV Dataset,10_Sensitivity_Ready_Data__Parameter_Register.csv,outputs\Simulation_Data\CSV\10_Sensitivity_Ready_Data__Parameter_Register.csv,10_Sensitivity_Ready_Data::Parameter Register,146,15,27470,7371ff15361c728542c1cbf8370478ce3e2ff8134f5347817d6936c90f8c873c,PASS
Parquet Dataset,10_Sensitivity_Ready_Data__Parameter_Register.parquet,outputs\Simulation_Data\Parquet\10_Sensitivity_Ready_Data__Parameter_Register.parquet,10_Sensitivity_Ready_Data::Parameter Register,146,15,8723,2285278b87d3143aee3c569a71e38695df8d13874c63bc48173e5429427e255a,PASS
CSV Dataset,10_Sensitivity_Ready_Data__Baseline_Metrics.csv,outputs\Simulation_Data\CSV\10_Sensitivity_Ready_Data__Baseline_Metrics.csv,10_Sensitivity_Ready_Data::Baseline Metrics,6,3,278,9cf8d6f6213781bdf40e4341df832c11e33b1ce205169b3034e02e9f185af14a,PASS
Parquet Dataset,10_Sensitivity_Ready_Data__Baseline_Metrics.parquet,outputs\Simulation_Data\Parquet\10_Sensitivity_Ready_Data__Baseline_Metrics.parquet,10_Sensitivity_Ready_Data::Baseline Metrics,6,3,1400,8dd383f1bcc847fc2a8289246cf275c95c0c385cab2efb6bf8579a86845fc157,PASS
CSV Dataset,10_Sensitivity_Ready_Data__PERT_Sensitivity_Matrix.csv,outputs\Simulation_Data\CSV\10_Sensitivity_Ready_Data__PERT_Sensitivity_Matrix.csv,10_Sensitivity_Ready_Data::PERT Sensitivity Matrix,50000,18,7348698,532c9231c0f2733103403a06a3f3aad395e5cec68de557852d6d8b801ebde6c5,PASS
Parquet Dataset,10_Sensitivity_Ready_Data__PERT_Sensitivity_Matrix.parquet,outputs\Simulation_Data\Parquet\10_Sensitivity_Ready_Data__PERT_Sensitivity_Matrix.parquet,10_Sensitivity_Ready_Data::PERT Sensitivity Matrix,50000,18,3426334,057cd86965b8f71a4a1604440af094ec92e348b682018686773bc500c442b98b,PASS
CSV Dataset,10_Sensitivity_Ready_Data__GERT_Sensitivity_Matrix.csv,outputs\Simulation_Data\CSV\10_Sensitivity_Ready_Data__GERT_Sensitivity_Matrix.csv,10_Sensitivity_Ready_Data::GERT Sensitivity Matrix,50000,146,15415232,dfb661c2f54f85f46be853c03bce47dcc29b4fbd65960a13aea79c754c23fa19,PASS
Parquet Dataset,10_Sensitivity_Ready_Data__GERT_Sensitivity_Matrix.parquet,outputs\Simulation_Data\Parquet\10_Sensitivity_Ready_Data__GERT_Sensitivity_Matrix.parquet,10_Sensitivity_Ready_Data::GERT Sensitivity Matrix,50000,146,1242433,b3a14236908d37f6d678dbe726c538cd5df8321a4a7e709a6c84ce53b3a17a10,PASS
CSV Dataset,10_Sensitivity_Ready_Data__Outcome_Sensitivity_Matrix.csv,outputs\Simulation_Data\CSV\10_Sensitivity_Ready_Data__Outcome_Sensitivity_Matrix.csv,10_Sensitivity_Ready_Data::Outcome Sensitivity Matrix,50000,36,3845242,8d0770dedbf8263b1ba153c527506b2999f74e26f524d2f1b9fb45725da10200,PASS
Parquet Dataset,10_Sensitivity_Ready_Data__Outcome_Sensitivity_Matrix.parquet,outputs\Simulation_Data\Parquet\10_Sensitivity_Ready_Data__Outcome_Sensitivity_Matrix.parquet,10_Sensitivity_Ready_Data::Outcome Sensitivity Matrix,50000,36,494785,a46f299f6abab425857c9434d8cf5e0b4a9af6273abf819cf873ef1a61ef728b,PASS
CSV Dataset,10_Sensitivity_Ready_Data__Tail_Sensitivity_Matrix.csv,outputs\Simulation_Data\CSV\10_Sensitivity_Ready_Data__Tail_Sensitivity_Matrix.csv,10_Sensitivity_Ready_Data::Tail Sensitivity Matrix,50000,11,1794898,03b6e59e10b4a2cb18c37b76d496a7d06c00c05db76ff3c7b487a2433310ec16,PASS
Parquet Dataset,10_Sensitivity_Ready_Data__Tail_Sensitivity_Matrix.parquet,outputs\Simulation_Data\Parquet\10_Sensitivity_Ready_Data__Tail_Sensitivity_Matrix.parquet,10_Sensitivity_Ready_Data::Tail Sensitivity Matrix,50000,11,413674,b05999f528dd391b85e8386c34177c2cdf518db4992cffd38a1a94d5c052dd8d,PASS
CSV Dataset,10_Sensitivity_Ready_Data__Scenario_Design_Template.csv,outputs\Simulation_Data\CSV\10_Sensitivity_Ready_Data__Scenario_Design_Template.csv,10_Sensitivity_Ready_Data::Scenario Design Template,1,13,268,315a3fbe85a8507b18b8ff7b6e0027f8c383b3ea3abc19f9be860c68a5fcce4c,PASS
Parquet Dataset,10_Sensitivity_Ready_Data__Scenario_Design_Template.parquet,outputs\Simulation_Data\Parquet\10_Sensitivity_Ready_Data__Scenario_Design_Template.parquet,10_Sensitivity_Ready_Data::Scenario Design Template,1,13,4416,8057c42e031d994991cfc6f9183b6f8b095b5c414b6c5f76c29ff2551a68ac8d,PASS
CSV Dataset,10_Sensitivity_Ready_Data__Common_Random_Numbers.csv,outputs\Simulation_Data\CSV\10_Sensitivity_Ready_Data__Common_Random_Numbers.csv,10_Sensitivity_Ready_Data::Common Random Numbers,20,6,2281,951a69f3b981ec68da32224ea25dc022c11cd1358bd71dd7352e2b5796b33407,PASS
Parquet Dataset,10_Sensitivity_Ready_Data__Common_Random_Numbers.parquet,outputs\Simulation_Data\Parquet\10_Sensitivity_Ready_Data__Common_Random_Numbers.parquet,10_Sensitivity_Ready_Data::Common Random Numbers,20,6,3537,44e15262bdbc68e5121abf059e94c142e36ac6eddd0c9c83d1c418dd3738e91c,PASS
CSV Dataset,10_Sensitivity_Ready_Data__Probability_Constraints.csv,outputs\Simulation_Data\CSV\10_Sensitivity_Ready_Data__Probability_Constraints.csv,10_Sensitivity_Ready_Data::Probability Constraints,7,5,841,53a5cab0e11556a32005d087da439a5cc37bd4b5633f3c53b8db668c3f6a1553,PASS
Parquet Dataset,10_Sensitivity_Ready_Data__Probability_Constraints.parquet,outputs\Simulation_Data\Parquet\10_Sensitivity_Ready_Data__Probability_Constraints.parquet,10_Sensitivity_Ready_Data::Probability Constraints,7,5,2681,444b444a2ff8c5dd59bad380f35acba8d75b21065ff94e30fea05f8a68cc923a,PASS
CSV Dataset,10_Sensitivity_Ready_Data__Duration_Constraints.csv,outputs\Simulation_Data\CSV\10_Sensitivity_Ready_Data__Duration_Constraints.csv,10_Sensitivity_Ready_Data::Duration Constraints,35,7,2696,4500a4a5dc2fb0828b21ee61fab95fe5db9a8d4852de36c2c34f633478d326e6,PASS
Parquet Dataset,10_Sensitivity_Ready_Data__Duration_Constraints.parquet,outputs\Simulation_Data\Parquet\10_Sensitivity_Ready_Data__Duration_Constraints.parquet,10_Sensitivity_Ready_Data::Duration Constraints,35,7,3247,6972b59d98d9e6bb5472120738241fc060f711c36dfefb0a00947799d4cd687a,PASS
CSV Dataset,10_Sensitivity_Ready_Data__Loop_Cap_Alternatives.csv,outputs\Simulation_Data\CSV\10_Sensitivity_Ready_Data__Loop_Cap_Alternatives.csv,10_Sensitivity_Ready_Data::Loop Cap Alternatives,10,5,776,f4607e7e53d2580e2d3f960840973f6c2393b67e4e581c52bacd670877463fd7,PASS
Parquet Dataset,10_Sensitivity_Ready_Data__Loop_Cap_Alternatives.parquet,outputs\Simulation_Data\Parquet\10_Sensitivity_Ready_Data__Loop_Cap_Alternatives.parquet,10_Sensitivity_Ready_Data::Loop Cap Alternatives,10,5,2299,bd5b75999c2c399af80752cfbfb638c5266582beedda6ab84e5febf2dee0701f,PASS
CSV Dataset,10_Sensitivity_Ready_Data__Analysis_Method_Register.csv,outputs\Simulation_Data\CSV\10_Sensitivity_Ready_Data__Analysis_Method_Register.csv,10_Sensitivity_Ready_Data::Analysis Method Register,8,4,1085,907f4f949e269e17409736d1f11cde96e6562972569aa68b60103ad91baf61de,PASS
Parquet Dataset,10_Sensitivity_Ready_Data__Analysis_Method_Register.parquet,outputs\Simulation_Data\Parquet\10_Sensitivity_Ready_Data__Analysis_Method_Register.parquet,10_Sensitivity_Ready_Data::Analysis Method Register,8,4,3236,08afd1a6ab7ad0573cc755efc75f9a02e7641943474d45257c9def5a8488ad47,PASS
CSV Dataset,10_Sensitivity_Ready_Data__Data_Dictionary.csv,outputs\Simulation_Data\CSV\10_Sensitivity_Ready_Data__Data_Dictionary.csv,10_Sensitivity_Ready_Data::Data Dictionary,284,13,102293,83fafeb9cd5920472cb6178f296aed0d65e6711f8c1d0a37a026028da55e886e,PASS
Parquet Dataset,10_Sensitivity_Ready_Data__Data_Dictionary.parquet,outputs\Simulation_Data\Parquet\10_Sensitivity_Ready_Data__Data_Dictionary.parquet,10_Sensitivity_Ready_Data::Data Dictionary,284,13,12297,6c22fc7c32c719d57bb3b2a0e9720716ef82611ab22ac0b69ce41ea07fb86fc3,PASS
CSV Dataset,Data_Dictionary__Data_Dictionary.csv,outputs\Simulation_Data\CSV\Data_Dictionary__Data_Dictionary.csv,Data_Dictionary::Data Dictionary,1482,13,499824,5595093335a9809407fe13b573752585f3d4cd1f9bb516bec6fb27871997f805,PASS
Parquet Dataset,Data_Dictionary__Data_Dictionary.parquet,outputs\Simulation_Data\Parquet\Data_Dictionary__Data_Dictionary.parquet,Data_Dictionary::Data Dictionary,1482,13,24399,0156357f130baa9aaf4d3173e89abcff99ac84822463e12322c720fd2b659b7c,PASS
CSV Dataset,11_Validation_and_Reconciliation__Input_Validation.csv,outputs\Simulation_Data\CSV\11_Validation_and_Reconciliation__Input_Validation.csv,11_Validation_and_Reconciliation::Input Validation,20,3,601,672185c403b6e1158948f140f2b06cb2939333e42369b715330f04c02ca5b8bd,PASS
Parquet Dataset,11_Validation_and_Reconciliation__Input_Validation.parquet,outputs\Simulation_Data\Parquet\11_Validation_and_Reconciliation__Input_Validation.parquet,11_Validation_and_Reconciliation::Input Validation,20,3,1650,4681453a5722917eeb71729c38be0499579f29b5defefe095443ed3c8251ccd5,PASS
CSV Dataset,11_Validation_and_Reconciliation__PERT_Reconciliation.csv,outputs\Simulation_Data\CSV\11_Validation_and_Reconciliation__PERT_Reconciliation.csv,11_Validation_and_Reconciliation::PERT Reconciliation,50000,5,1038912,832ca8e88def2923cc413931899f9a24e5c0a827ab6ad86770eed7ae63b0d8b6,PASS
Parquet Dataset,11_Validation_and_Reconciliation__PERT_Reconciliation.parquet,outputs\Simulation_Data\Parquet\11_Validation_and_Reconciliation__PERT_Reconciliation.parquet,11_Validation_and_Reconciliation::PERT Reconciliation,50000,5,375074,17ef6bef0b0efeae277b0a0cd298733eb48652d5d420dc7b0084539c3cb55ab7,PASS
CSV Dataset,11_Validation_and_Reconciliation__GERT_Reconciliation.csv,outputs\Simulation_Data\CSV\11_Validation_and_Reconciliation__GERT_Reconciliation.csv,11_Validation_and_Reconciliation::GERT Reconciliation,50000,7,1544817,7b8f3df0ff20c9753a85731be4367a9d23ae1f6e61df35acb35f040ce942da19,PASS
Parquet Dataset,11_Validation_and_Reconciliation__GERT_Reconciliation.parquet,outputs\Simulation_Data\Parquet\11_Validation_and_Reconciliation__GERT_Reconciliation.parquet,11_Validation_and_Reconciliation::GERT Reconciliation,50000,7,392052,457014e6027fdbc8d61f5f81b3a072649f3a2f3c7ebd28de8b7422f9b30c11e0,PASS
CSV Dataset,11_Validation_and_Reconciliation__Probability_Validation.csv,outputs\Simulation_Data\CSV\11_Validation_and_Reconciliation__Probability_Validation.csv,11_Validation_and_Reconciliation::Probability Validation,7,6,323,13f21a38e7ad8fd2950bb440c0e563c20a8290c764a6d70c6fb0b0efe8404ae9,PASS
Parquet Dataset,11_Validation_and_Reconciliation__Probability_Validation.parquet,outputs\Simulation_Data\Parquet\11_Validation_and_Reconciliation__Probability_Validation.parquet,11_Validation_and_Reconciliation::Probability Validation,7,6,2304,9a3304218eca5be63fca42fe05ff74f7d549d885c46c4c8559577f10efd0380e,PASS
CSV Dataset,11_Validation_and_Reconciliation__Loop_Validation.csv,outputs\Simulation_Data\CSV\11_Validation_and_Reconciliation__Loop_Validation.csv,11_Validation_and_Reconciliation::Loop Validation,10,5,208,8e6ea212d07b26c0918e3cd4a715dbd9eafeaec55f88fdae7d387f027758dc3a,PASS
Parquet Dataset,11_Validation_and_Reconciliation__Loop_Validation.parquet,outputs\Simulation_Data\Parquet\11_Validation_and_Reconciliation__Loop_Validation.parquet,11_Validation_and_Reconciliation::Loop Validation,10,5,1975,332f0f2e6d7c6e5011d89622fcdcaff5ade5be346996d2df0b24fc0d557e8e88,PASS
CSV Dataset,11_Validation_and_Reconciliation__Cap_Validation.csv,outputs\Simulation_Data\CSV\11_Validation_and_Reconciliation__Cap_Validation.csv,11_Validation_and_Reconciliation::Cap Validation,10,5,230,7fd9434f9c9fc0e8c3de749e203bdcd52fedcbf429d3baef864795d24ad04905,PASS
Parquet Dataset,11_Validation_and_Reconciliation__Cap_Validation.parquet,outputs\Simulation_Data\Parquet\11_Validation_and_Reconciliation__Cap_Validation.parquet,11_Validation_and_Reconciliation::Cap Validation,10,5,2322,ba28147a0ed6b530fb482b90521530a626ae5d3fa7a24714ed1bd20efc9903ba,PASS
CSV Dataset,11_Validation_and_Reconciliation__Path_Continuity.csv,outputs\Simulation_Data\CSV\11_Validation_and_Reconciliation__Path_Continuity.csv,11_Validation_and_Reconciliation::Path Continuity,50000,8,1341344,48dca491e8a6b9f81fbc693dee7bba721bbc1a416b1da5462bb8b904cf055036,PASS
Parquet Dataset,11_Validation_and_Reconciliation__Path_Continuity.parquet,outputs\Simulation_Data\Parquet\11_Validation_and_Reconciliation__Path_Continuity.parquet,11_Validation_and_Reconciliation::Path Continuity,50000,8,357516,04381f62f44bd74da05a2ab529fb25cb624e6bc3d8ea8704d483150c2ebdd86b,PASS
CSV Dataset,11_Validation_and_Reconciliation__Duration_Reconciliation.csv.gz,outputs\Simulation_Data\CSV\11_Validation_and_Reconciliation__Duration_Reconciliation.csv.gz,11_Validation_and_Reconciliation::Duration Reconciliation,100000,6,357525,16a54eba0398bf55efd0e4c56ab92c3bffdc6184af03eddc7cca69c55c6e77e0,PASS
Parquet Dataset,11_Validation_and_Reconciliation__Duration_Reconciliation.parquet,outputs\Simulation_Data\Parquet\11_Validation_and_Reconciliation__Duration_Reconciliation.parquet,11_Validation_and_Reconciliation::Duration Reconciliation,100000,6,783871,3d0570462a1549faeff95b22dfb9ce36f6e70da93c4089c4defefed6b6cf27c4,PASS
CSV Dataset,11_Validation_and_Reconciliation__Exact_Verification_Status.csv,outputs\Simulation_Data\CSV\11_Validation_and_Reconciliation__Exact_Verification_Status.csv,11_Validation_and_Reconciliation::Exact Verification Status,3,4,226,2860ad2434f48dcc406b1486aa88514455697fbd26e5dbf29009d33904847002,PASS
Parquet Dataset,11_Validation_and_Reconciliation__Exact_Verification_Status.parquet,outputs\Simulation_Data\Parquet\11_Validation_and_Reconciliation__Exact_Verification_Status.parquet,11_Validation_and_Reconciliation::Exact Verification Status,3,4,1944,fc7a0f34124dfa4d66fd5b4e19d318277216b5b02d28d53b9abbecd958591dd1,PASS
CSV Dataset,11_Validation_and_Reconciliation__Reproducibility_Comparison.csv.gz,outputs\Simulation_Data\CSV\11_Validation_and_Reconciliation__Reproducibility_Comparison.csv.gz,11_Validation_and_Reconciliation::Reproducibility Comparison,100000,5,4442223,25b15135e080fe31190568f685862986c1f6f63ffd737e7aa374a0fee03eba80,PASS
Parquet Dataset,11_Validation_and_Reconciliation__Reproducibility_Comparison.parquet,outputs\Simulation_Data\Parquet\11_Validation_and_Reconciliation__Reproducibility_Comparison.parquet,11_Validation_and_Reconciliation::Reproducibility Comparison,100000,5,14173039,50280b517e750213cb2eb0fec6027ce8fa6ba6587add28684b99c81381530b1c,PASS
CSV Dataset,11_Validation_and_Reconciliation__Row_Count_Reconciliation.csv,outputs\Simulation_Data\CSV\11_Validation_and_Reconciliation__Row_Count_Reconciliation.csv,11_Validation_and_Reconciliation::Row Count Reconciliation,7,5,329,df56ac130cbb1f819833da71471176ea4212845c1253a815adbd880b7095d969,PASS
Parquet Dataset,11_Validation_and_Reconciliation__Row_Count_Reconciliation.parquet,outputs\Simulation_Data\Parquet\11_Validation_and_Reconciliation__Row_Count_Reconciliation.parquet,11_Validation_and_Reconciliation::Row Count Reconciliation,7,5,2413,489c793be19d45d0fa1e09e9e8a776eaf9e49b522f491a50903e296cc346c5ca,PASS
CSV Dataset,11_Validation_and_Reconciliation__Cross_File_Reconciliation.csv,outputs\Simulation_Data\CSV\11_Validation_and_Reconciliation__Cross_File_Reconciliation.csv,11_Validation_and_Reconciliation::Cross-File Reconciliation,12,3,509,f51c34ce70b5e4a03345f087a743c8cd2b43435358d6d94ccf972296bb1c5933,PASS
Parquet Dataset,11_Validation_and_Reconciliation__Cross_File_Reconciliation.parquet,outputs\Simulation_Data\Parquet\11_Validation_and_Reconciliation__Cross_File_Reconciliation.parquet,11_Validation_and_Reconciliation::Cross-File Reconciliation,12,3,1801,1174b7da42a42ad04f2e78040b9a0876b218c90ad13570336472a43f6fd502f2,PASS
CSV Dataset,11_Validation_and_Reconciliation__Workbook_Integrity.csv,outputs\Simulation_Data\CSV\11_Validation_and_Reconciliation__Workbook_Integrity.csv,11_Validation_and_Reconciliation::Workbook Integrity,12,7,1882,cf30a19e12527334f77830d6211e32fb9407eab5394f8d588861244a9c335b5a,PASS
Parquet Dataset,11_Validation_and_Reconciliation__Workbook_Integrity.parquet,outputs\Simulation_Data\Parquet\11_Validation_and_Reconciliation__Workbook_Integrity.parquet,11_Validation_and_Reconciliation::Workbook Integrity,12,7,4698,945a04252a1bd4027d302cb50aa0b43ddc83a9c49f8c6244fd89ee91f4156f59,PASS
CSV Dataset,11_Validation_and_Reconciliation__Data_Dictionary.csv,outputs\Simulation_Data\CSV\11_Validation_and_Reconciliation__Data_Dictionary.csv,11_Validation_and_Reconciliation::Data Dictionary,82,13,28409,df5d66ea1e5b8fb734771f70a5d70c0ab051430185e9853eeeac3e2ac5aa67ec,PASS
Parquet Dataset,11_Validation_and_Reconciliation__Data_Dictionary.parquet,outputs\Simulation_Data\Parquet\11_Validation_and_Reconciliation__Data_Dictionary.parquet,11_Validation_and_Reconciliation::Data Dictionary,82,13,9533,0ba19c4997584243b7b7d975cefd107ccd03b3687d2b9e0f272b97a96b871e39,PASS
CSV Dataset,00_Master_Index__File_Manifest.csv,outputs\Simulation_Data\CSV\00_Master_Index__File_Manifest.csv,00_Master_Index::File Manifest,14,12,5532,3d1c42c977cb9d24562d14ac02a137995c35f9d7a3e87a36e88056af59a6bc42,PASS
Parquet Dataset,00_Master_Index__File_Manifest.parquet,outputs\Simulation_Data\Parquet\00_Master_Index__File_Manifest.parquet,00_Master_Index::File Manifest,14,12,9234,41d238454ed094ca2c74f5724b85088a7dc1697bf767853b41da99be4254cca7,PASS
CSV Dataset,00_Master_Index__Dataset_Register.csv,outputs\Simulation_Data\CSV\00_Master_Index__Dataset_Register.csv,00_Master_Index::Dataset Register,115,12,40637,877513c9f3bdf563b4daa9a74904f2a2b0cf3d64e1c57edddc4fd28521751844,PASS
Parquet Dataset,00_Master_Index__Dataset_Register.parquet,outputs\Simulation_Data\Parquet\00_Master_Index__Dataset_Register.parquet,00_Master_Index::Dataset Register,115,12,30196,fe428f2fd88b5a0dfbf85349a4c7232ede443589ce095f2d3dd14e0967a98e2d,PASS
CSV Dataset,00_Master_Index__Input_Hashes.csv,outputs\Simulation_Data\CSV\00_Master_Index__Input_Hashes.csv,00_Master_Index::Input Hashes,2,3,269,e02629dc68c788fba8fc5dccd81bbedae0fe69b0ba2fa1d8937f957537ceb893,PASS
Parquet Dataset,00_Master_Index__Input_Hashes.parquet,outputs\Simulation_Data\Parquet\00_Master_Index__Input_Hashes.parquet,00_Master_Index::Input Hashes,2,3,2087,557355fec9563f6efc08b30109ad2184a42d59b72161351f7598b76b666748c6,PASS
CSV Dataset,00_Master_Index__Simulation_Summary.csv,outputs\Simulation_Data\CSV\00_Master_Index__Simulation_Summary.csv,00_Master_Index::Simulation Summary,10,2,293,46f820b1449995fe69f8b9330734b209a0f786e321946580ebd4e9f63eb09b1e,PASS
Parquet Dataset,00_Master_Index__Simulation_Summary.parquet,outputs\Simulation_Data\Parquet\00_Master_Index__Simulation_Summary.parquet,00_Master_Index::Simulation Summary,10,2,1189,d5d2d36573b8e15e241582e2d8804ba6dcc574d5dee1484f2d8fb0caecf21c53,PASS
CSV Dataset,00_Master_Index__Row_Counts.csv,outputs\Simulation_Data\CSV\00_Master_Index__Row_Counts.csv,00_Master_Index::Row Counts,115,7,12500,3ed095e7bd9170a74af1b21b5b74a65cadd4d0d6c6ddda7cac830506ff9768dc,PASS
Parquet Dataset,00_Master_Index__Row_Counts.parquet,outputs\Simulation_Data\Parquet\00_Master_Index__Row_Counts.parquet,00_Master_Index::Row Counts,115,7,7755,3b8660d7dfa65a321d302a48a2672d9ca4c1d2343bd93b2720ae79b06150c7b2,PASS
CSV Dataset,00_Master_Index__Column_Counts.csv,outputs\Simulation_Data\CSV\00_Master_Index__Column_Counts.csv,00_Master_Index::Column Counts,115,5,11409,498fa4ea2a6f524a3542cf059dd8877b4a05c7a05871957eb739dffd4374617a,PASS
Parquet Dataset,00_Master_Index__Column_Counts.parquet,outputs\Simulation_Data\Parquet\00_Master_Index__Column_Counts.parquet,00_Master_Index::Column Counts,115,5,6142,3e299100506bd3d58b8df0df8a791fdbefce341984dd4e6720e73ad26c24b6c9,PASS
CSV Dataset,00_Master_Index__Data_Dictionary_Index.csv,outputs\Simulation_Data\CSV\00_Master_Index__Data_Dictionary_Index.csv,00_Master_Index::Data Dictionary Index,11,3,797,b77e1dbb2321912a5aa17684ba27e7f0776ec6e7b8fe4ff844b320934c1cb292,PASS
Parquet Dataset,00_Master_Index__Data_Dictionary_Index.parquet,outputs\Simulation_Data\Parquet\00_Master_Index__Data_Dictionary_Index.parquet,00_Master_Index::Data Dictionary Index,11,3,1932,3be741a8e1071bfe75b62c3948fa91e4679b8a0d93618c8e9ee69fdf1cf7d3ce,PASS
CSV Dataset,00_Master_Index__Validation_Status.csv,outputs\Simulation_Data\CSV\00_Master_Index__Validation_Status.csv,00_Master_Index::Validation Status,24,3,748,2054616a2eb49fe049ceee016dc292ef180cb0abb45f9ca79f21a5c098a4f6b5,PASS
Parquet Dataset,00_Master_Index__Validation_Status.parquet,outputs\Simulation_Data\Parquet\00_Master_Index__Validation_Status.parquet,00_Master_Index::Validation Status,24,3,1906,de817b25ba60858a01a93d62f7c1836e3a67ab57c645ad1ab3a66e5da77d2f18,PASS
CSV Dataset,00_Master_Index__Reproducibility_Status.csv,outputs\Simulation_Data\CSV\00_Master_Index__Reproducibility_Status.csv,00_Master_Index::Reproducibility Status,2,4,97,ba3cd99b51626d4163d287a91e2e8d4a0cb1dd648e558fe8721372ae7f9598a5,PASS
Parquet Dataset,00_Master_Index__Reproducibility_Status.parquet,outputs\Simulation_Data\Parquet\00_Master_Index__Reproducibility_Status.parquet,00_Master_Index::Reproducibility Status,2,4,1546,d2b92f4accd439d268d81fb1558934ec112a8b467bd51b7be338676f77f62f58,PASS
CSV Dataset,00_Master_Index__Exact_Verification_Status.csv,outputs\Simulation_Data\CSV\00_Master_Index__Exact_Verification_Status.csv,00_Master_Index::Exact Verification Status,7,2,263,22476959e449009c57802cb148b66103961bfef81e7ab379315e520980cf39dd,PASS
Parquet Dataset,00_Master_Index__Exact_Verification_Status.parquet,outputs\Simulation_Data\Parquet\00_Master_Index__Exact_Verification_Status.parquet,00_Master_Index::Exact Verification Status,7,2,1224,1f22734434382d02e2d8758624d4d951a42a65c2fd3a118fdc8a458741b02d7f,PASS
CSV Dataset,00_Master_Index__Sensitivity_Readiness.csv,outputs\Simulation_Data\CSV\00_Master_Index__Sensitivity_Readiness.csv,00_Master_Index::Sensitivity Readiness,3,3,489,9f1df1a1459c289af8eebf8cc171d0a9604fae4b375648c7aa1115afedd1159a,PASS
Parquet Dataset,00_Master_Index__Sensitivity_Readiness.parquet,outputs\Simulation_Data\Parquet\00_Master_Index__Sensitivity_Readiness.parquet,00_Master_Index::Sensitivity Readiness,3,3,2678,41f8731a1ba241df28e4a66caeca5f6a24b934af1a11b7cc5e994b29f69045c6,PASS
CSV Dataset,00_Master_Index__Limitations.csv,outputs\Simulation_Data\CSV\00_Master_Index__Limitations.csv,00_Master_Index::Limitations,3,2,478,8592dd6e292fcb85b1a5261d664c751921c1069a458162e827ea464312a161fd,PASS
Parquet Dataset,00_Master_Index__Limitations.parquet,outputs\Simulation_Data\Parquet\00_Master_Index__Limitations.parquet,00_Master_Index::Limitations,3,2,1942,93f4349a294b8b69bb120e2d9604d8dcea61314cb9fb8b88c4e36c7441958b0f,PASS
CSV Report,Input_Validation_Report.csv,outputs\Input_Validation_Report.csv,Input Validation Report,20,3,601,672185c403b6e1158948f140f2b06cb2939333e42369b715330f04c02ca5b8bd,PASS
